doi,title,repository,publisher,landing_url,commons_url,client_id,publication_year,also_on_hal,hal_publications,hal_ids,match_reasons,object_kind
10.15454/zzwqmn,Classification statistique des vignobles de Côte d'Or,Recherche Data Gouv,Portail Data INRAE,https://data.inrae.fr/citation?persistentId=doi:10.15454/ZZWQMN,https://commons.datacite.org/doi.org/10.15454/zzwqmn,rdg.prod,2019,False,0,,,dataset_repo
10.15468/462jm4,"Diversity of coastal benthic invertebrates from Possession Island (Crozet archipelago, Southern Ocean)",Université Bourgogne Europe,Université Bourgogne Europe,https://www.gbif.org/dataset/abf2419c-d2af-4367-851b-fe84455e247a,https://commons.datacite.org/doi.org/10.15468/462jm4,gbif.gbif,2026,False,0,,creator_name|contributor_name,other
10.15468/4wnbw3,"Amber and plants from the Upper Cretaceous of La Gripperie-Saint-Symphorien (Charente-Maritime, Western France)",Catalogue of Life,Catalogue of Life,https://www.gbif.org/dataset/1b7a95f9-416b-4eb6-b480-3eafa08bdadb,https://commons.datacite.org/doi.org/10.15468/4wnbw3,gbif.gbif,2025,False,0,,,other
10.15468/56bv6z,The Belgica 121 expedition to the Western Antarctic Peninsula: a high resolution biodiversity census,SCAR - AntOBIS,SCAR - AntOBIS,https://www.gbif.org/dataset/b635be2e-76ea-4600-8f83-549601653c0a,https://commons.datacite.org/doi.org/10.15468/56bv6z,gbif.gbif,2022,False,0,,,other
10.15468/dsacsj,Distribution and Occurrences of Laevilitorina across the Southern Hemisphere,Instituto de Biodiversidad de Ecosistemas Antárticos y Subantárticos (BASE),Instituto de Biodiversidad de Ecosistemas Antárticos y Subantárticos (BASE),https://www.gbif.org/dataset/cd023c5e-8729-41b2-b9df-1419289c0e40,https://commons.datacite.org/doi.org/10.15468/dsacsj,gbif.gbif,2022,False,0,,contributor_name,other
10.15468/dv9e2m,"Re-appraisal of thylacocephalans (Euarthropoda, Thylacocephala) from the Jurassic La Voulte-sur-Rhône Lagerstätte",Catalogue of Life,Catalogue of Life,https://www.gbif.org/dataset/c9f33a4b-42c3-415f-acb3-340f3c27db1c,https://commons.datacite.org/doi.org/10.15468/dv9e2m,gbif.gbif,2025,False,0,,,other
10.15468/gvgi04,hauterivian_echinoids_of_the_paris_basin,ZooKeys,ZooKeys,https://www.gbif.org/dataset/98442b0b-9f7b-4924-9289-5b793946ca01,https://commons.datacite.org/doi.org/10.15468/gvgi04,gbif.gbif,2013,False,0,,creator_name|contributor_name,other
10.15468/kn5xcg,Occurrences of aquatic invertebrates in the Antarctic and Subantarctic regions,Instituto de Biodiversidad de Ecosistemas Antárticos y Subantárticos (BASE),Instituto de Biodiversidad de Ecosistemas Antárticos y Subantárticos (BASE),https://www.gbif.org/dataset/1eb4dc17-46f3-465e-9846-94e70d15ff78,https://commons.datacite.org/doi.org/10.15468/kn5xcg,gbif.gbif,2023,False,0,,contributor_name,other
10.15468/qnqnn2,Records of Halicarcinus planatus at sub-Antarctic regions,Universidad de Magallanes,Universidad de Magallanes,https://www.gbif.org/dataset/75a6f6f1-de60-4ec6-8830-2766719231e7,https://commons.datacite.org/doi.org/10.15468/qnqnn2,gbif.gbif,2021,False,0,,,other
10.15468/xkthja,Harpagifer of the Southern Ocean,Instituto de Ecología y Biodiversidad,Instituto de Ecología y Biodiversidad,https://www.gbif.org/dataset/ef2497c9-3b6b-4468-905d-430c87bd45ca,https://commons.datacite.org/doi.org/10.15468/xkthja,gbif.gbif,2020,False,0,,,other
10.15468/ylw4wt,Antarctic Echinoids: an interactive database,SCAR - AntOBIS,SCAR - AntOBIS,https://www.gbif.org/dataset/890d62e2-f762-11e1-a439-00145eb45e9a,https://commons.datacite.org/doi.org/10.15468/ylw4wt,gbif.gbif,2019,False,0,,,other
10.17630/b9b0eaac-bd76-4ac9-8455-af7c1b735de1,Dataset for Thermoelectric properties of the aliovalent half-Heusler alloy Zn0.5Ti0.5NiSb with intrinsic low thermal conductivity,University of St Andrews,University of St Andrews,https://research-portal.st-andrews.ac.uk/en/datasets/b9b0eaac-bd76-4ac9-8455-af7c1b735de1,https://commons.datacite.org/doi.org/10.17630/b9b0eaac-bd76-4ac9-8455-af7c1b735de1,bl.standrew,2023,False,0,,creator_name,other
10.17632/4c8dhj9xbp,Margouillat Survey,Mendeley Data,Mendeley Data,https://data.mendeley.com/datasets/4c8dhj9xbp,https://commons.datacite.org/doi.org/10.17632/4c8dhj9xbp,bl.mendeley,2024,False,0,,,dataset_repo
10.17632/4c8dhj9xbp.1,Margouillat Survey,Mendeley Data,Mendeley Data,https://data.mendeley.com/datasets/4c8dhj9xbp/1,https://commons.datacite.org/doi.org/10.17632/4c8dhj9xbp.1,bl.mendeley,2033,False,0,,,dataset_repo
10.17632/4c8dhj9xbp.2,Margouillat Survey,Mendeley Data,Mendeley Data,https://data.mendeley.com/datasets/4c8dhj9xbp/2,https://commons.datacite.org/doi.org/10.17632/4c8dhj9xbp.2,bl.mendeley,2024,False,0,,,dataset_repo
10.17632/9fbyt7rd8m,Candida albicans releases a peptide from the Rbt1 protein to promote its invasion into the gut epithelium.,Mendeley Data,Mendeley Data,https://data.mendeley.com/datasets/9fbyt7rd8m,https://commons.datacite.org/doi.org/10.17632/9fbyt7rd8m,bl.mendeley,2025,False,0,,creator_name,dataset_repo
10.17632/9fbyt7rd8m.1,Candida albicans releases a peptide from the Rbt1 protein to promote its invasion into the gut epithelium.,Mendeley Data,Mendeley Data,https://data.mendeley.com/datasets/9fbyt7rd8m/1,https://commons.datacite.org/doi.org/10.17632/9fbyt7rd8m.1,bl.mendeley,2025,False,0,,creator_name,dataset_repo
10.17632/bcwm4wjzj9,Molecular Dynamics Simulations of 2D-layered Graphene Sheets with Tandem Repeat Proteins,Mendeley Data,Mendeley Data,https://data.mendeley.com/datasets/bcwm4wjzj9,https://commons.datacite.org/doi.org/10.17632/bcwm4wjzj9,bl.mendeley,2024,False,0,,contributor_name,dataset_repo
10.17632/bcwm4wjzj9.1,Molecular Dynamics Simulations of 2D-layered Graphene Sheets with Tandem Repeat Proteins,Mendeley Data,Mendeley Data,https://data.mendeley.com/datasets/bcwm4wjzj9/1,https://commons.datacite.org/doi.org/10.17632/bcwm4wjzj9.1,bl.mendeley,2024,False,0,,contributor_name,dataset_repo
10.17632/gy6xh94yjp,"Behavioural and physiological alteration in gammarids infected with a bird acanthocephalan, following the selective killing of parasite inside its intermediate host",Mendeley Data,Mendeley Data,https://data.mendeley.com/datasets/gy6xh94yjp,https://commons.datacite.org/doi.org/10.17632/gy6xh94yjp,bl.mendeley,2025,False,0,,creator_name,dataset_repo
10.17632/gy6xh94yjp.1,"Behavioural and physiological alteration in gammarids infected with a bird acanthocephalan, following the selective killing of parasite inside its intermediate host",Mendeley Data,Mendeley Data,https://data.mendeley.com/datasets/gy6xh94yjp/1,https://commons.datacite.org/doi.org/10.17632/gy6xh94yjp.1,bl.mendeley,2025,False,0,,creator_name,dataset_repo
10.17632/js54zd2sxr,Serpentine moths and plants,Mendeley Data,Mendeley Data,https://data.mendeley.com/datasets/js54zd2sxr,https://commons.datacite.org/doi.org/10.17632/js54zd2sxr,bl.mendeley,2024,False,0,,contributor_name,dataset_repo
10.17632/js54zd2sxr.1,Serpentine moths and plants,Mendeley Data,Mendeley Data,https://data.mendeley.com/datasets/js54zd2sxr/1,https://commons.datacite.org/doi.org/10.17632/js54zd2sxr.1,bl.mendeley,2024,False,0,,contributor_name,dataset_repo
10.17632/pjg3v6chwg,Multistress Gammarus fossarum,Mendeley Data,Mendeley Data,https://data.mendeley.com/datasets/pjg3v6chwg,https://commons.datacite.org/doi.org/10.17632/pjg3v6chwg,bl.mendeley,2025,False,0,,creator_name,dataset_repo
10.17632/pjg3v6chwg.1,Multistress Gammarus fossarum,Mendeley Data,Mendeley Data,https://data.mendeley.com/datasets/pjg3v6chwg/1,https://commons.datacite.org/doi.org/10.17632/pjg3v6chwg.1,bl.mendeley,2025,False,0,,creator_name,dataset_repo
10.17632/s3jmtty2dd,Contrasting alterations in brain chemistry in a crustacean intermediate host of two acanthocephalan parasites,Mendeley Data,Mendeley Data,https://data.mendeley.com/datasets/s3jmtty2dd,https://commons.datacite.org/doi.org/10.17632/s3jmtty2dd,bl.mendeley,2024,False,0,,creator_name,dataset_repo
10.17632/s3jmtty2dd.1,Contrasting alterations in brain chemistry in a crustacean intermediate host of two acanthocephalan parasites,Mendeley Data,Mendeley Data,https://data.mendeley.com/datasets/s3jmtty2dd/1,https://commons.datacite.org/doi.org/10.17632/s3jmtty2dd.1,bl.mendeley,2024,False,0,,creator_name,dataset_repo
10.17882/106566,3D Meshes Dataset of Sagittal Otoliths from 22 Fish Species in the English Channel and North Sea,SEANOE,SEANOE,https://www.seanoe.org/data/00954/106566/,https://commons.datacite.org/doi.org/10.17882/106566,euvi.seanoe,2025,False,0,,,dataset_repo
10.17882/91023,Data applied to automatic method to transform routine otolith images for a standardized otolith database using R,SEANOE,SEANOE,https://www.seanoe.org/data/00798/91023/,https://commons.datacite.org/doi.org/10.17882/91023,euvi.seanoe,2022,False,0,,,dataset_repo
10.17882/99980,3D otolith mesh dataset of red mullet (Mullus barbatus) in the Mediterranean Sea,SEANOE,SEANOE,https://www.seanoe.org/data/00888/99980/,https://commons.datacite.org/doi.org/10.17882/99980,euvi.seanoe,2025,False,0,,,dataset_repo
10.18150/x1vocb,Analysis data of intermodal frequency converion in tapered photonic crystal fiber,RepOD,RepOD,https://repod.icm.edu.pl/citation?persistentId=doi:10.18150/X1VOCB,https://commons.datacite.org/doi.org/10.18150/x1vocb,tib.repod,2026,False,0,,,other
10.18419/darus-4469,Replication Data for: Fully guaranteed and computable error bounds on the energy for periodic Kohn-Sham equations with convex density functionals,DaRUS,DaRUS,https://darus.uni-stuttgart.de/citation?persistentId=doi:10.18419/darus-4469,https://commons.datacite.org/doi.org/10.18419/darus-4469,tib.ubs,2024,False,0,,,other
10.18419/darus-4469/1,aposteriori_kohn_sham.tar.gz,DaRUS,DaRUS,https://darus.uni-stuttgart.de/file.xhtml?persistentId=doi:10.18419/darus-4469/1,https://commons.datacite.org/doi.org/10.18419/darus-4469/1,tib.ubs,2024,False,0,,,other
10.21227/0n0r-re82,Retinal Fundus Multi-disease Image Dataset (RFMiD),IEEE DataPort,IEEE DataPort,https://ieee-dataport.org/open-access/retinal-fundus-multi-disease-image-dataset-rfmid,https://commons.datacite.org/doi.org/10.21227/0n0r-re82,ieee.dataport,2020,False,0,,,other
10.21227/s3g7-st65,Retinal Fundus Multi-disease Image Dataset (RFMiD),IEEE DataPort,IEEE DataPort,https://ieee-dataport.org/open-access/retinal-fundus-multi-disease-image-dataset-rfmid,https://commons.datacite.org/doi.org/10.21227/s3g7-st65,ieee.dataport,2020,False,0,,,other
10.21410/7e4/gvfuer,Connaissance et perception des questions démographiques (ELIPSS 2018),data.sciencespo,data.sciencespo,https://data.sciencespo.fr/citation?persistentId=doi:10.21410/7E4/GVFUER,https://commons.datacite.org/doi.org/10.21410/7e4/gvfuer,inist.cdsp,2020,False,0,,,dataset_repo
10.23708/kwrijj,"Replication Data for: Complex evolutionary history of coffees including Coffea canephora (Robusta coffee) revealed by full plastid genomes and 28,800 nuclear SNPs analyses",DataSuds,DataSuds,https://dataverse.ird.fr/citation?persistentId=doi:10.23708/KWRIJJ,https://commons.datacite.org/doi.org/10.23708/kwrijj,inist.ird,2020,False,0,,,dataset_repo
10.23728/b2share.018e440e8b9548a79991ec7deb231308,Testing for spatial group‑wise heteroskedasticity in spatial autocorrelation regression models: Lagrange multiplier scan tests [Data set and code],https://b2share.eudat.eu,https://b2share.eudat.eu,https://b2share.eudat.eu/records/018e440e8b9548a79991ec7deb231308,https://commons.datacite.org/doi.org/10.23728/b2share.018e440e8b9548a79991ec7deb231308,csc.csceudat,2020,False,0,,,other
10.23728/b2share.pesx6-22b05,The Influence of Geography on the Spatial Agglomeration of Production in the European Union [Database],B2SHARE,B2SHARE,https://b2share.eudat.eu/doi/10.23728/b2share.pesx6-22b05,https://commons.datacite.org/doi.org/10.23728/b2share.pesx6-22b05,csc.csceudat,2025,False,0,,creator_name,other
10.23728/b2share.xw3tv-nrv03,The Influence of Geography on the Spatial Agglomeration of Production in the European Union [Database],B2SHARE,B2SHARE,https://b2share.eudat.eu/doi/10.23728/b2share.xw3tv-nrv03,https://commons.datacite.org/doi.org/10.23728/b2share.xw3tv-nrv03,csc.csceudat,2025,False,0,,creator_name,other
10.23729/31c69e98-6773-4938-86aa-0d60d0d52dc4,LIFEPLAN NEGreenland - Global audio and image collection on biodiversity,University of Jyväskylä,University of Jyväskylä,https://etsin.fairdata.fi/dataset/1817a2f4-4ee9-4cee-89d6-013f0fde7fc6,https://commons.datacite.org/doi.org/10.23729/31c69e98-6773-4938-86aa-0d60d0d52dc4,csc.nrd,2026,False,0,,creator_name,other
10.24435/materialscloud:1p-1m,Effect of hydrogen on the local chemical bonding states and structure of amorphous alumina by atomistic and electrostatic modeling and first principles calculations of auger parameter shifts,Materials Cloud,Materials Cloud,https://archive.materialscloud.org/doi/10.24435/materialscloud:1p-1m,https://commons.datacite.org/doi.org/10.24435/materialscloud:1p-1m,ethz.marvel,2025,False,0,,,other
10.24435/materialscloud:9v-61,Effect of hydrogen on the local chemical bonding states and structure of amorphous alumina by atomistic and electrostatic modeling of auger parameter shifts,Materials Cloud,Materials Cloud,https://archive.materialscloud.org/doi/10.24435/materialscloud:9v-61,https://commons.datacite.org/doi.org/10.24435/materialscloud:9v-61,ethz.marvel,2024,False,0,,,other
10.24435/materialscloud:x3-k8,Effect of hydrogen on the local chemical bonding states and structure of amorphous alumina by atomistic and electrostatic modeling and first principles calculations of auger parameter shifts,Materials Cloud,Materials Cloud,https://archive.materialscloud.org/doi/10.24435/materialscloud:x3-k8,https://commons.datacite.org/doi.org/10.24435/materialscloud:x3-k8,ethz.marvel,2025,False,0,,,other
10.25345/c59c84,MassIVE MSV000083374 - IDY Characterization,MassIVE,MassIVE,https://massive.ucsd.edu/ProteoSAFe/dataset.jsp?accession=MSV000083374,https://commons.datacite.org/doi.org/10.25345/c59c84,cdl.ucsd,2019,False,0,,,other
10.25666/dataosu-2015-03-06,MeCaSDa database,Laboratoire Interdisciplinaire Carnot de Bourgogne,Laboratoire Interdisciplinaire Carnot de Bourgogne,https://search-data.ubfc.fr/FR-18008901306731-2015-03-06_MeCaSDa-database.html,https://commons.datacite.org/doi.org/10.25666/dataosu-2015-03-06,inist.osutheta,2013,False,0,,,other
10.25666/dataosu-2015-07-02,SHeCaSDa database,Laboratoire Interdisciplinaire Carnot de Bourgogne,Laboratoire Interdisciplinaire Carnot de Bourgogne,https://search-data.ubfc.fr/FR-18008901306731-2015-07-02_SHeCaSDa-database.html,https://commons.datacite.org/doi.org/10.25666/dataosu-2015-07-02,inist.osutheta,2018,False,0,,,other
10.25666/dataosu-2015-07-02-20,TFMeCaSDa database,Laboratoire Interdisciplinaire Carnot de Bourgogne,Laboratoire Interdisciplinaire Carnot de Bourgogne,https://search-data.ubfc.fr/FR-18008901306731-2015-07-02-20_TFMeCaSDa-database.html,https://commons.datacite.org/doi.org/10.25666/dataosu-2015-07-02-20,inist.osutheta,2018,False,0,,,other
10.25666/dataosu-2016-05-11,PROTEKER: a near-shore submarine observatory in the Kerguelen Islands for the long-term monitoring of benthic habitats,dataUBFC - Atelier de la donnée de Bourgogne-Franche-Comté,dataUBFC - Atelier de la donnée de Bourgogne-Franche-Comté,https://search-data.ubfc.fr/FR-18008901306731-2016-05-11_PROTEKER-a-near-shore-submarine-observatory-in.html,https://commons.datacite.org/doi.org/10.25666/dataosu-2016-05-11,inist.osutheta,2024,False,0,,,other
10.25666/dataosu-2016-07-19-02,Crystal structure of tricarbon­yl([mu]-di­phenyl­phosphido-[kappa]2P:P)(methyl­diphenyl­silyl-[kappa]Si)bis(tri­phenyl­phosphane-[kappa]P)iron(II)platinum(0)(Fe-Pt),International Union of Crystallography,International Union of Crystallography,https://search-data.ubfc.fr/FR-18008901306731-2016-07-19-02_Crystal-structure-of.html,https://commons.datacite.org/doi.org/10.25666/dataosu-2016-07-19-02,inist.osutheta,2015,False,0,,,other
10.25666/dataosu-2016-07-19-03,Crystal structure of di-[mu]-iodido-bis­[(dimethyl sulfoxide-[kappa]O)(tri­phenyl­phosphane-[kappa]P)copper(I)],International Union of Crystallography,International Union of Crystallography,https://search-data.ubfc.fr/FR-18008901306731-2016-07-19-03_Crystal-structure-of.html,https://commons.datacite.org/doi.org/10.25666/dataosu-2016-07-19-03,inist.osutheta,2014,False,0,,,other
10.25666/dataosu-2016-07-19-04,"Diethyl 2,2'-(1,4-phenyl­enedi­oxy)­diacetate",International Union of Crystallography,International Union of Crystallography,https://search-data.ubfc.fr/FR-18008901306731-2016-07-19-04_Diethyl-2-2-1-4-phenyl-enedi-oxy-diacetate.html,https://commons.datacite.org/doi.org/10.25666/dataosu-2016-07-19-04,inist.osutheta,2012,False,0,,,other
10.25666/dataosu-2016-07-20,Reactivity of CuI and CuBr toward Dialkyl Sulfides RSR: From Discrete Molecular Cu4I4S4 and Cu8I8S6 Clusters to Luminescent Copper(I) Coordination Polymers,American Chemical Society,American Chemical Society,https://search-data.ubfc.fr/FR-18008901306731-2016-07-20_Reactivity-of-CuI-and-CuBr-toward-Dialkyl.html,https://commons.datacite.org/doi.org/10.25666/dataosu-2016-07-20,inist.osutheta,2015,False,0,,,other
10.25666/dataosu-2016-07-22-03,"Crystal structure of 4,4-di­bromo-1-(3,4-di­meth­­oxy­phen­yl)-2-aza­buta-1,3-diene-1-carbo­nitrile",International Union of Crystallography,International Union of Crystallography,https://search-data.ubfc.fr/FR-18008901306731-2016-07-22-03_Crystal-structure-of.html,https://commons.datacite.org/doi.org/10.25666/dataosu-2016-07-22-03,inist.osutheta,2016,False,0,,,other
10.25666/dataosu-2016-08-23-02,"4,4-Bis(4-methyl­phenyl­sulfan­yl)-1,1-diphenyl-2-aza­buta-1,3-diene",International Union of Crystallography,International Union of Crystallography,https://search-data.ubfc.fr/FR-18008901306731-2016-08-23-02_4-4-Bis-4-methyl-phenyl-sulfan-yl-1-1-diphenyl-2-aza-buta-1-3-dien.html,https://commons.datacite.org/doi.org/10.25666/dataosu-2016-08-23-02,inist.osutheta,2008,False,0,,,other
10.25666/dataosu-2016-08-23-05,Bis{(4-methylthio)phenylthio}methane as assembling ligand for the construction of Cu(I) and Hg(II) coordination polymers. Crystal structures and topological (AIM) analysis of the bonding,Cambridge Crystallographic Data Centre,Cambridge Crystallographic Data Centre,https://search-data.ubfc.fr/FR-18008901306731-2016-08-23-05_Bis-4-methylthio-phenylthio-methane-as.html,https://commons.datacite.org/doi.org/10.25666/dataosu-2016-08-23-05,inist.osutheta,2016,False,0,,,other
10.25666/dataosu-2016-08-30,ReColNat : Natural History Collections Network,Muséum National d'Histoire Naturelle,Muséum National d'Histoire Naturelle,https://search-data.ubfc.fr/FR-18008901306731-2016-08-30_ReColNat-Natural-History-Collections-Network.html,https://commons.datacite.org/doi.org/10.25666/dataosu-2016-08-30,inist.osutheta,2015,False,0,,,other
10.25666/dataosu-2016-08-30-02,Mobile temperature measurements of air temperature in Dijon,Laboratoire Biogéosciences,Laboratoire Biogéosciences,https://search-data.ubfc.fr/FR-18008901306731-2016-08-30-02_Mobile-temperature-measurements-of-air.html,https://commons.datacite.org/doi.org/10.25666/dataosu-2016-08-30-02,inist.osutheta,2016,False,0,,,other
10.25666/dataosu-2016-08-30-04,ISLSCP II Atmospheric Carbon Dioxide Consumption by Continental Erosion,Centre de Formation et de Recherche sur les Environnements Méditerranéens,Centre de Formation et de Recherche sur les Environnements Méditerranéens,https://search-data.ubfc.fr/FR-18008901306731-2016-08-30-04_ISLSCP-II-Atmospheric-Carbon-Dioxide-Consumption.html,https://commons.datacite.org/doi.org/10.25666/dataosu-2016-08-30-04,inist.osutheta,2011,False,0,,,other
10.25666/dataosu-2016-09-12,EWET : EmsB Website for Echinococcus Typing,Laboratoire Chrono-environnement,Laboratoire Chrono-environnement,https://search-data.ubfc.fr/FR-18008901306731-2016-09-12_EWET-EmsB-Website-for-Echinococcus-Typing.html,https://commons.datacite.org/doi.org/10.25666/dataosu-2016-09-12,inist.osutheta,2017,False,0,,contributor_name,other
10.25666/dataosu-2017-02-06,"Pollen analysis - Morteau (F-25), Moulin Bournez",Laboratoire Chrono-environnement,Laboratoire Chrono-environnement,https://search-data.ubfc.fr/FR-18008901306731-2017-02-06_Pollen-analysis-Morteau-F-25-Moulin-Bournez.html,https://commons.datacite.org/doi.org/10.25666/dataosu-2017-02-06,inist.osutheta,2017,False,0,,,other
10.25666/dataosu-2017-02-07,"Pollen analysis - Montlebon (Morteau-Montlebon) (F-25), Transects II-6, II-7 et III-7",Laboratoire Chrono-environnement,Laboratoire Chrono-environnement,https://search-data.ubfc.fr/FR-18008901306731-2017-02-07_Pollen-analysis-Montlebon-Morteau-Montlebon.html,https://commons.datacite.org/doi.org/10.25666/dataosu-2017-02-07,inist.osutheta,2017,False,0,,,other
10.25666/dataosu-2017-02-07-02,"Pollen analysis - Ney (F-39), Varves de Ney, Les Prés des Rousserots",Laboratoire Chrono-environnement (UMR 6249),Laboratoire Chrono-environnement (UMR 6249),https://search-data.ubfc.fr/FR-18008901306731-2017-02-07-02_Pollen-analysis-Ney-F-39-Varves-de-Ney-Les.html,https://commons.datacite.org/doi.org/10.25666/dataosu-2017-02-07-02,inist.osutheta,2017,False,0,,,other
10.25666/dataosu-2017-02-07-05,"Pollen analysis - Morteau (F-25), Stade",Laboratoire Chrono-environnement,Laboratoire Chrono-environnement,https://search-data.ubfc.fr/FR-18008901306731-2017-02-07-05_Pollen-analysis-Morteau-F-25-Stade.html,https://commons.datacite.org/doi.org/10.25666/dataosu-2017-02-07-05,inist.osutheta,2017,False,0,,,other
10.25666/dataosu-2017-02-07-06,"Pollen analysis - Morteau (F-25), Transect S1",Laboratoire Chrono-environnement,Laboratoire Chrono-environnement,https://search-data.ubfc.fr/FR-18008901306731-2017-02-07-06_Pollen-analysis-Morteau-F-25-Transect-S1.html,https://commons.datacite.org/doi.org/10.25666/dataosu-2017-02-07-06,inist.osutheta,2017,False,0,,,other
10.25666/dataosu-2017-02-07-07,"Pollen analysis - Morteau (F-25), Transect S2",Laboratoire Chrono-environnement,Laboratoire Chrono-environnement,https://search-data.ubfc.fr/FR-18008901306731-2017-02-07-07_Pollen-analysis-Morteau-F-25-Transect-S2.html,https://commons.datacite.org/doi.org/10.25666/dataosu-2017-02-07-07,inist.osutheta,2017,False,0,,,other
10.25666/dataosu-2017-02-07-09,"Pollen analysis - Morre (La Vèze) (F-25), La Tourbière (Marais de Saône), 1984",Laboratoire Chrono-environnement (UMR 6249),Laboratoire Chrono-environnement (UMR 6249),https://search-data.ubfc.fr/FR-18008901306731-2017-02-07-09_Pollen-analysis-Morre-La-Veze-F-25-La.html,https://commons.datacite.org/doi.org/10.25666/dataosu-2017-02-07-09,inist.osutheta,2017,False,0,,,other
10.25666/dataosu-2017-02-08-04,"Pollen analysis - Mirebel (F-39), Les Granges Bruant",Laboratoire Chrono-environnement (UMR 6249),Laboratoire Chrono-environnement (UMR 6249),https://search-data.ubfc.fr/FR-18008901306731-2017-02-08-04_Pollen-analysis-Mirebel-F-39-Les-Granges.html,https://commons.datacite.org/doi.org/10.25666/dataosu-2017-02-08-04,inist.osutheta,2017,False,0,,,other
10.25666/dataosu-2017-02-10-02,"Pollen analysis - Montlebon (F-25), La Vigne 2",Laboratoire Chrono-environnement,Laboratoire Chrono-environnement,https://search-data.ubfc.fr/FR-18008901306731-2017-02-10-02_Pollen-analysis-Montlebon-F-25-La-Vigne-2.html,https://commons.datacite.org/doi.org/10.25666/dataosu-2017-02-10-02,inist.osutheta,2017,False,0,,,other
10.25666/dataosu-2017-02-10-03,"Pollen analysis - Montlebon (F-25), Transect S4",Laboratoire Chrono-environnement,Laboratoire Chrono-environnement,https://search-data.ubfc.fr/FR-18008901306731-2017-02-10-03_Pollen-analysis-Montlebon-F-25-Transect-S4.html,https://commons.datacite.org/doi.org/10.25666/dataosu-2017-02-10-03,inist.osutheta,2017,False,0,,,other
10.25666/dataosu-2017-02-10-04,"Pollen analysis - Montlebon (F-25), Transect S3",Laboratoire Chrono-environnement,Laboratoire Chrono-environnement,https://search-data.ubfc.fr/FR-18008901306731-2017-02-10-04_Pollen-analysis-Montlebon-F-25-Transect-S3.html,https://commons.datacite.org/doi.org/10.25666/dataosu-2017-02-10-04,inist.osutheta,2017,False,0,,,other
10.25666/dataosu-2017-02-10-05,"Pollen analysis - Montlebon (F-25), Sur La Seigne",Laboratoire Chrono-environnement (UMR 6249),Laboratoire Chrono-environnement (UMR 6249),https://search-data.ubfc.fr/FR-18008901306731-2017-02-10-05_Pollen-analysis-Montlebon-F-25-Sur-La-Seigne.html,https://commons.datacite.org/doi.org/10.25666/dataosu-2017-02-10-05,inist.osutheta,2017,False,0,,,other
10.25666/dataosu-2017-02-10-06,"Pollen analysis - Montlebon (F-25), Sur la Vigne 1 (Morteau A)",Laboratoire Chrono-environnement (UMR 6249),Laboratoire Chrono-environnement (UMR 6249),https://search-data.ubfc.fr/FR-18008901306731-2017-02-10-06_Pollen-analysis-Montlebon-F-25-Sur-la-Vigne.html,https://commons.datacite.org/doi.org/10.25666/dataosu-2017-02-10-06,inist.osutheta,2017,False,0,,,other
10.25666/dataosu-2017-02-10-08,"Pollen analysis - Lavancia-Epercy (F-39), Dortan travertine quarry",Laboratoire Chrono-environnement (UMR 6249),Laboratoire Chrono-environnement (UMR 6249),https://search-data.ubfc.fr/FR-18008901306731-2017-02-10-08_Pollen-analysis-Lavancia-Epercy-F-39-Dortan.html,https://commons.datacite.org/doi.org/10.25666/dataosu-2017-02-10-08,inist.osutheta,2017,False,0,,,other
10.25666/dataosu-2017-02-15-02,"Pollen analysis - Plancher-les-Mines (F-70), Peat bog du Rosely",Laboratoire Chrono-environnement,Laboratoire Chrono-environnement,https://search-data.ubfc.fr/FR-18008901306731-2017-02-15-02_Pollen-analysis-Plancher-les-Mines-F-70-Peat.html,https://commons.datacite.org/doi.org/10.25666/dataosu-2017-02-15-02,inist.osutheta,2021,False,0,,,other
10.25666/dataosu-2017-02-15-05,"Pollen analysis - Ranchot (F-39), Abri des Cabones 1984 + Châteauneuf",Laboratoire Chrono-environnement (UMR 6249),Laboratoire Chrono-environnement (UMR 6249),https://search-data.ubfc.fr/FR-18008901306731-2017-02-15-05_Pollen-analysis-Ranchot-F-39-Abri-des.html,https://commons.datacite.org/doi.org/10.25666/dataosu-2017-02-15-05,inist.osutheta,2017,False,0,,,other
10.25666/dataosu-2017-03-10,"Pollen analysis - Pont-du-Navoy (F-39), lower river terrace of the Ain river",Laboratoire Chrono-environnement (UMR 6249),Laboratoire Chrono-environnement (UMR 6249),https://search-data.ubfc.fr/FR-18008901306731-2017-03-10_Pollen-analysis-Pont-du-Navoy-F-39-lower.html,https://commons.datacite.org/doi.org/10.25666/dataosu-2017-03-10,inist.osutheta,2017,False,0,,,other
10.25666/dataosu-2017-08-29,ECaSDa database,Groupe de Spectrométrie Moléculaire et Atmosphérique (UMR 7331),Groupe de Spectrométrie Moléculaire et Atmosphérique (UMR 7331),https://search-data.ubfc.fr/FR-18008901306731-2017-08-29_ECaSDa-database.html,https://commons.datacite.org/doi.org/10.25666/dataosu-2017-08-29,inist.osutheta,2017,False,0,,,other
10.25666/dataosu-2017-09-08,RuCaSDa database,Laboratoire Interdisciplinaire Carnot de Bourgogne (UMR 6303),Laboratoire Interdisciplinaire Carnot de Bourgogne (UMR 6303),https://search-data.ubfc.fr/FR-18008901306731-2017-09-08_RuCaSDa-database.html,https://commons.datacite.org/doi.org/10.25666/dataosu-2017-09-08,inist.osutheta,2017,False,0,,,other
10.25666/dataosu-2017-09-12,GeCaSDa database,Laboratoire Interdisciplinaire Carnot de Bourgogne (UMR 6303),Laboratoire Interdisciplinaire Carnot de Bourgogne (UMR 6303),https://search-data.ubfc.fr/FR-18008901306731-2017-09-12_GeCaSDa-database.html,https://commons.datacite.org/doi.org/10.25666/dataosu-2017-09-12,inist.osutheta,2017,False,0,,,other
10.25666/dataosu-2017-09-19-03,"Pollen analysis - Mâcon (F-71), Cathédrale",Laboratoire Chrono-environnement (UMR 6249),Laboratoire Chrono-environnement (UMR 6249),https://search-data.ubfc.fr/FR-18008901306731-2017-09-19-03_Pollen-analysis-Macon-F-71-Cathedrale.html,https://commons.datacite.org/doi.org/10.25666/dataosu-2017-09-19-03,inist.osutheta,2017,False,0,,,other
10.25666/dataosu-2019-07-08,"Pollen analysis - Gevrey-Chambertin (F-21), ADDB 1",Laboratoire Chrono-environnement (UMR 6249),Laboratoire Chrono-environnement (UMR 6249),https://search-data.ubfc.fr/FR-18008901306731-2019-07-08_Pollen-analysis-Gevrey-Chambertin-F-21-ADDB.html,https://commons.datacite.org/doi.org/10.25666/dataosu-2019-07-08,inist.osutheta,2019,False,0,,,other
10.25666/dataosu-2019-11-26,Continuous regional climate change projection for France,Laboratoire Biogéosciences,Laboratoire Biogéosciences,https://search-data.ubfc.fr/FR-18008901306731-2019-11-26_Continuous-regional-climate-change-projection-for.html,https://commons.datacite.org/doi.org/10.25666/dataosu-2019-11-26,inist.osutheta,2020,False,0,,,other
10.25666/dataosu-2020-03-20,TFSiCaSDa database,Laboratoire Interdisciplinaire Carnot de Bourgogne (UMR 6303),Laboratoire Interdisciplinaire Carnot de Bourgogne (UMR 6303),https://search-data.ubfc.fr/FR-18008901306731-2020-03-20_TFSiCaSDa-database.html,https://commons.datacite.org/doi.org/10.25666/dataosu-2020-03-20,inist.osutheta,2020,False,0,,,other
10.25666/dataosu-2020-07-02,UHeCaSDa database,Laboratoire Interdisciplinaire Carnot de Bourgogne (UMR 6303),Laboratoire Interdisciplinaire Carnot de Bourgogne (UMR 6303),https://search-data.ubfc.fr/FR-18008901306731-2020-07-02_UHeCaSDa-database.html,https://commons.datacite.org/doi.org/10.25666/dataosu-2020-07-02,inist.osutheta,2020,False,0,,,other
10.25666/dataosu-2021-04-12-02,Climate projection over France (8 km resolution) CMIP5,Laboratoire Biogéosciences,Laboratoire Biogéosciences,https://search-data.ubfc.fr/FR-18008901306731-2021-04-12-02_Climate-projection-over-France-8-km-resolution.html,https://commons.datacite.org/doi.org/10.25666/dataosu-2021-04-12-02,inist.osutheta,2021,False,0,,,other
10.25666/dataosu-2021-09-24-03,Crystal structure of the two-dimensional coordination polymer poly[di-μ-bromido-bis­(μ-tetra­hydro­thiophene)­dicopper(I)],International Union of Crystallography,International Union of Crystallography,https://search-data.ubfc.fr/FR-18008901306731-2021-09-24-03_Crystal-structure-of-the-two-dimensional.html,https://commons.datacite.org/doi.org/10.25666/dataosu-2021-09-24-03,inist.osutheta,2021,False,0,,,other
10.25666/dataosu-2021-11-09,"Modelling the response of Antarctic marine species to environmental changes. Methods, applications and limitations",GitHub,GitHub,https://search-data.ubfc.fr/FR-18008901306731-2021-11-09_Modelling-the-response-of-Antarctic-marine.html,https://commons.datacite.org/doi.org/10.25666/dataosu-2021-11-09,inist.osutheta,2021,False,0,,,other
10.25666/dataosu-2021-11-15,CaDDiAcS - Calculated Database of Dijon for Atomic Spectra,Laboratoire Interdisciplinaire Carnot de Bourgogne (UMR 6303),Laboratoire Interdisciplinaire Carnot de Bourgogne (UMR 6303),https://search-data.ubfc.fr/FR-18008901306731-2021-11-15_CaDDiAcS-Calculated-Database-of-Dijon-for.html,https://commons.datacite.org/doi.org/10.25666/dataosu-2021-11-15,inist.osutheta,2021,False,0,,,other
10.25666/dataubfc-2015-03-01,Modern Land Snails from the Jura Mountains,Laboratoire Biogéosciences,Laboratoire Biogéosciences,https://search-data.ubfc.fr/FR-18008901306731-2015-03-01_Modern-Land-Snails-from-the-Jura-Mountains.html,https://commons.datacite.org/doi.org/10.25666/dataubfc-2015-03-01,inist.osutheta,2015,False,0,,,other
10.25666/dataubfc-2015-03-09-03,TEOM (Tapered Element Oscillating Microbalance) desert dust measurements in Dédougou (Burkina Faso),Laboratoire Biogéosciences,Laboratoire Biogéosciences,https://search-data.ubfc.fr/FR-18008901306731-2015-03-09-03_TEOM-Tapered-Element-Oscillating-Microbalance.html,https://commons.datacite.org/doi.org/10.25666/dataubfc-2015-03-09-03,inist.osutheta,2015,False,0,,,other
10.25666/dataubfc-2015-07-02-21,Measuring Urban System of Temperature of Air Round Dijon (MUSTARDijon),dataUBFC - Atelier de la donnée de Bourgogne-Franche-Comté,dataUBFC - Atelier de la donnée de Bourgogne-Franche-Comté,https://search-data.ubfc.fr/FR-18008901306731-2015-07-02-21_Measuring-Urban-System-of-Temperature-of-Air.html,https://commons.datacite.org/doi.org/10.25666/dataubfc-2015-07-02-21,inist.osutheta,2026,False,0,,,other
10.25666/dataubfc-2015-07-02-22,Climate simulations at a kilometer scale over the Mont-Blanc,Laboratoire Biogéosciences (UMR 6282),Laboratoire Biogéosciences (UMR 6282),https://search-data.ubfc.fr/FR-18008901306731-2015-07-02-22_Climate-simulations-at-a-kilometer-scale-over-the.html,https://commons.datacite.org/doi.org/10.25666/dataubfc-2015-07-02-22,inist.osutheta,2015,False,0,,,other
10.25666/dataubfc-2015-08-06,"HydraVitis high spatial resolution hourly near ground air temperature data set, collected in a Burgundy (France) vineyard from 2014",Laboratoire Biogéosciences,Laboratoire Biogéosciences,https://search-data.ubfc.fr/FR-18008901306731-2015-08-06_HydraVitis-high-spatial-resolution-hourly-near.html,https://commons.datacite.org/doi.org/10.25666/dataubfc-2015-08-06,inist.osutheta,2015,False,0,,,other
10.25666/dataubfc-2016-06-08,"Hydrology, Climate Change, Adaptation, Water Resource in Burgundy (HYCCARE-Burgundy)",Laboratoire Biogéosciences,Laboratoire Biogéosciences,https://search-data.ubfc.fr/FR-18008901306731-2016-06-08_Hydrology-Climate-Change-Adaptation-Water.html,https://commons.datacite.org/doi.org/10.25666/dataubfc-2016-06-08,inist.osutheta,2017,False,0,,,other
10.25666/dataubfc-2016-08-30-03,Worldwide distribution of continental rock lithology,Laboratoire Biogéosciences,Laboratoire Biogéosciences,https://search-data.ubfc.fr/FR-18008901306731-2016-08-30-03_Worldwide-distribution-of-continental-rock.html,https://commons.datacite.org/doi.org/10.25666/dataubfc-2016-08-30-03,inist.osutheta,2003,False,0,,,other
10.25666/dataubfc-2016-08-30-05,Monthly mean interpolated climatic fields for Kenya,Laboratoire Biogéosciences (UMR 6282),Laboratoire Biogéosciences (UMR 6282),https://search-data.ubfc.fr/FR-18008901306731-2016-08-30-05_Monthly-mean-interpolated-climatic-fields-for.html,https://commons.datacite.org/doi.org/10.25666/dataubfc-2016-08-30-05,inist.osutheta,2014,False,0,,,other
10.25666/dataubfc-2016-08-31,"Greenhouse gas emissions (CO2, CH4, N2O) in Cathedral Peak, South Africa",Laboratoire Biogéosciences (UMR 6282),Laboratoire Biogéosciences (UMR 6282),https://search-data.ubfc.fr/FR-18008901306731-2016-08-31_Greenhouse-gas-emissions-CO2-CH4-N2O-in.html,https://commons.datacite.org/doi.org/10.25666/dataubfc-2016-08-31,inist.osutheta,2016,False,0,,,other
10.25666/dataubfc-2016-09-15,Regional desert dust and climate modeling in North Equatorial Africa : a 21-year WRF-CHIMERE simulation exercise,Laboratoire Biogéosciences (UMR 6282),Laboratoire Biogéosciences (UMR 6282),https://search-data.ubfc.fr/FR-18008901306731-2016-09-15_Regional-desert-dust-and-climate-modeling-in.html,https://commons.datacite.org/doi.org/10.25666/dataubfc-2016-09-15,inist.osutheta,2016,False,0,,,other
10.25666/dataubfc-2018-04-24,Human recreational disturbance effects on chicks stress,Laboratoire Chrono-environnement (UMR 6249),Laboratoire Chrono-environnement (UMR 6249),https://search-data.ubfc.fr/FR-18008901306731-2018-04-24_Human-recreational-disturbance-effects-on-chicks.html,https://commons.datacite.org/doi.org/10.25666/dataubfc-2018-04-24,inist.osutheta,2018,False,0,,,other
10.25666/dataubfc-2018-07-18,Continental weathering as a driver of Late Cretaceous cooling: new insights from clay mineralogy of Campanian sediments from the southern Tethyan margin to the Boreal realm,Laboratoire Biogéosciences,Laboratoire Biogéosciences,https://search-data.ubfc.fr/FR-18008901306731-2018-07-18_Continental-weathering-as-a-driver-of-Late.html,https://commons.datacite.org/doi.org/10.25666/dataubfc-2018-07-18,inist.osutheta,2018,False,0,,,other
10.25666/dataubfc-2018-07-18-02,"Clay mineralogical and geochemical expressions of the ""Late Campanian Event"" in the Aquitaine and Paris basins (France): Palaeoenvironmental implications",Elsevier,Elsevier,https://search-data.ubfc.fr/FR-18008901306731-2018-07-18-02_Clay-mineralogical-and-geochemical-expressions-of.html,https://commons.datacite.org/doi.org/10.25666/dataubfc-2018-07-18-02,inist.osutheta,2018,False,0,,,other
10.25666/dataubfc-2019-03-21,Downscaling CMIP5 climate projections over the Mont-Blanc Massif at a 200-m resolution,Laboratoire Biogéosciences (UMR 6282),Laboratoire Biogéosciences (UMR 6282),https://search-data.ubfc.fr/FR-18008901306731-2019-03-21_Downscaling-CMIP5-climate-projections-over-the.html,https://commons.datacite.org/doi.org/10.25666/dataubfc-2019-03-21,inist.osutheta,2020,False,0,,,other
10.25666/dataubfc-2019-03-29-02,CT scanners and surface scanners of primate crania,Laboratoire Biogéosciences,Laboratoire Biogéosciences,https://search-data.ubfc.fr/FR-18008901306731-2019-03-29-02_CT-scanners-and-surface-scanners-of-primate.html,https://commons.datacite.org/doi.org/10.25666/dataubfc-2019-03-29-02,inist.osutheta,2019,False,0,,,other
10.25666/dataubfc-2019-04-11,Sampling of Mediterranean fan mussel specimens (Pinna nobilis) for molecular analyses of the byssus and of the shell matrix,Laboratoire Biogéosciences (UMR 6282),Laboratoire Biogéosciences (UMR 6282),https://search-data.ubfc.fr/FR-18008901306731-2019-04-11_Sampling-of-Mediterranean-fan-mussel-specimens.html,https://commons.datacite.org/doi.org/10.25666/dataubfc-2019-04-11,inist.osutheta,2021,False,0,,,other
10.25666/dataubfc-2019-09-13,Satellite images of cloud types products in West Africa from March to August in 2017,Laboratoire Chrono-environnement,Laboratoire Chrono-environnement,https://search-data.ubfc.fr/FR-18008901306731-2019-09-13_Satellite-images-of-cloud-types-products-in-West.html,https://commons.datacite.org/doi.org/10.25666/dataubfc-2019-09-13,inist.osutheta,2019,False,0,,,other
10.25666/dataubfc-2021-03-05,WRF-CORDEX simulations on the Europe domain EUR-44,Laboratoire Biogéosciences,Laboratoire Biogéosciences,https://search-data.ubfc.fr/FR-18008901306731-2021-03-05_WRF-CORDEX-simulations-on-the-Europe-domain.html,https://commons.datacite.org/doi.org/10.25666/dataubfc-2021-03-05,inist.osutheta,2021,False,0,,,other
10.25666/dataubfc-2021-03-05-02,WRF-CORDEX simulations on the Mediterranean domain MED-44,Laboratoire Biogéosciences,Laboratoire Biogéosciences,https://search-data.ubfc.fr/FR-18008901306731-2021-03-05-02_WRF-CORDEX-simulations-on-the-Mediterranean.html,https://commons.datacite.org/doi.org/10.25666/dataubfc-2021-03-05-02,inist.osutheta,2021,False,0,,,other
10.25666/dataubfc-2021-05-21,Effect of global warming on the immune system of phytophagous pests,Laboratoire Biogéosciences,Laboratoire Biogéosciences,https://search-data.ubfc.fr/FR-18008901306731-2021-05-21_Effect-of-global-warming-on-the-immune-system-of.html,https://commons.datacite.org/doi.org/10.25666/dataubfc-2021-05-21,inist.osutheta,2021,False,0,,,other
10.25666/dataubfc-2021-10-06,Sulfur isotope of sedimentary Barites,Laboratoire Biogéosciences,Laboratoire Biogéosciences,https://search-data.ubfc.fr/FR-18008901306731-2021-10-06_Sulfur-isotope-of-sedimentary-Barites.html,https://commons.datacite.org/doi.org/10.25666/dataubfc-2021-10-06,inist.osutheta,2021,False,0,,,other
10.25666/dataubfc-2022-03-24-02,Descriptors monitoring atmospheric centers of action of weather patterns around Aotearoa New Zealand,dataUBFC - Atelier de la donnée de Bourgogne-Franche-Comté,dataUBFC - Atelier de la donnée de Bourgogne-Franche-Comté,https://search-data.ubfc.fr/FR-18008901306731-2022-03-24-02_Descriptors-monitoring-atmospheric-centers-of.html,https://commons.datacite.org/doi.org/10.25666/dataubfc-2022-03-24-02,inist.osutheta,2022,False,0,,,other
10.25666/dataubfc-2022-03-30,SISMEAUCLIM,European Plate Observing System France,European Plate Observing System France,https://search-data.ubfc.fr/FR-18008901306731-2022-03-30_SISMEAUCLIM.html,https://commons.datacite.org/doi.org/10.25666/dataubfc-2022-03-30,inist.osutheta,2026,False,0,,,other
10.25666/dataubfc-2022-05-05,UBFC-Phys : A Multimodal Dataset For Psychophysiological Studies Of Social Stress,dataUBFC - Atelier de la donnée de Bourgogne-Franche-Comté,dataUBFC - Atelier de la donnée de Bourgogne-Franche-Comté,https://search-data.ubfc.fr/FR-18008901306731-2022-05-05_UBFC-Phys-A-Multimodal-Dataset-For.html,https://commons.datacite.org/doi.org/10.25666/dataubfc-2022-05-05,inist.osutheta,2021,False,0,,,other
10.25666/dataubfc-2022-05-13-02,PolaBot,Imagerie et Vision Artificielle,Imagerie et Vision Artificielle,https://search-data.ubfc.fr/FR-18008901306731-2022-05-13-02_PolaBot.html,https://commons.datacite.org/doi.org/10.25666/dataubfc-2022-05-13-02,inist.osutheta,2019,False,0,,,other
10.25666/dataubfc-2023-07-13,uB-VisioGeoloc,Imagerie et Vision Artificielle,Imagerie et Vision Artificielle,https://search-data.ubfc.fr/FR-13002091000019-2023-07-13_uB-VisioGeoloc.html,https://commons.datacite.org/doi.org/10.25666/dataubfc-2023-07-13,inist.osutheta,2023,False,0,,,other
10.25666/dataubfc-2023-09-01,Tonnellerie 2000,Procédés alimentaires et microbiologiques,Procédés alimentaires et microbiologiques,https://search-data.ubfc.fr/FR-13002091000019-2023-09-01_Tonnellerie-2000.html,https://commons.datacite.org/doi.org/10.25666/dataubfc-2023-09-01,inist.osutheta,2023,False,0,,contributor_name,other
10.25666/dataubfc-2023-11-13,Carbonate dissolution by euendolithe cyanobacterium,Laboratoire Biogéosciences,Laboratoire Biogéosciences,https://search-data.ubfc.fr/FR-13002091000019-2023-11-13_Carbonate-dissolution-by-euendolithe.html,https://commons.datacite.org/doi.org/10.25666/dataubfc-2023-11-13,inist.osutheta,2023,False,0,,,other
10.25666/dataubfc-2023-11-16,ChMeCaSDa database,Laboratoire Interdisciplinaire Carnot de Bourgogne,Laboratoire Interdisciplinaire Carnot de Bourgogne,https://search-data.ubfc.fr/FR-13002091000019-2023-11-16_ChMeCaSDa-database.html,https://commons.datacite.org/doi.org/10.25666/dataubfc-2023-11-16,inist.osutheta,2023,False,0,,,other
10.25666/dataubfc-2024-03-06,Bronze Age solid-hilted swords,dataUBFC - Atelier de la donnée de Bourgogne-Franche-Comté,dataUBFC - Atelier de la donnée de Bourgogne-Franche-Comté,https://search-data.ubfc.fr/FR-13002091000019-2024-03-06_Bronze-Age-solid-hilted-swords.html,https://commons.datacite.org/doi.org/10.25666/dataubfc-2024-03-06,inist.osutheta,2024,False,0,,,other
10.25666/dataubfc-2024-03-11,PANDOR - Digital Archives and Research Data Portal,Maison des Sciences sociales et des Humanités de Dijon,Maison des Sciences sociales et des Humanités de Dijon,https://search-data.ubfc.fr/FR-13002091000019-2024-03-11_PANDOR-Digital-Archives-and-Research-Data.html,https://commons.datacite.org/doi.org/10.25666/dataubfc-2024-03-11,inist.osutheta,2012,False,0,,,other
10.25666/dataubfc-2024-03-15,MEDUSA: Marine benthic Ecological Data from Underwater imagery Surveys of sub-Antarctic Crozet environments,dataUBFC - Atelier de la donnée de Bourgogne-Franche-Comté,dataUBFC - Atelier de la donnée de Bourgogne-Franche-Comté,https://search-data.ubfc.fr/FR-13002091000019-2024-03-15_MEDUSA-Marine-benthic-Ecological-Data-from.html,https://commons.datacite.org/doi.org/10.25666/dataubfc-2024-03-15,inist.osutheta,2024,False,0,,,other
10.25666/dataubfc-2024-03-28,SiCaSDa database,Laboratoire Interdisciplinaire Carnot de Bourgogne,Laboratoire Interdisciplinaire Carnot de Bourgogne,https://search-data.ubfc.fr/FR-13002091000019-2024-03-28_SiCaSDa-database.html,https://commons.datacite.org/doi.org/10.25666/dataubfc-2024-03-28,inist.osutheta,2024,False,0,,,other
10.25666/dataubfc-2024-04-09,Fall Detection Dataset,dataUBFC - Atelier de la donnée de Bourgogne-Franche-Comté,dataUBFC - Atelier de la donnée de Bourgogne-Franche-Comté,https://search-data.ubfc.fr/FR-13002091000019-2024-04-09_Fall-Detection-Dataset.html,https://commons.datacite.org/doi.org/10.25666/dataubfc-2024-04-09,inist.osutheta,2014,False,0,,,other
10.25666/dataubfc-2024-05-07,Ecuador's Pastaza province cocoa farmers interviews (in spanish),dataUBFC - Atelier de la donnée de Bourgogne-Franche-Comté,dataUBFC - Atelier de la donnée de Bourgogne-Franche-Comté,https://search-data.ubfc.fr/FR-13002091000019-2024-05-07_Ecuador-s-Pastaza-province-cocoa-farmers.html,https://commons.datacite.org/doi.org/10.25666/dataubfc-2024-05-07,inist.osutheta,2024,False,0,,,other
10.25666/dataubfc-2024-05-07-02,Ecuador's Pastaza province cocoa farmers interviews (in kichwa),dataUBFC - Atelier de la donnée de Bourgogne-Franche-Comté,dataUBFC - Atelier de la donnée de Bourgogne-Franche-Comté,https://search-data.ubfc.fr/FR-13002091000019-2024-05-07-02_Ecuador-s-Pastaza-province-cocoa-farmers.html,https://commons.datacite.org/doi.org/10.25666/dataubfc-2024-05-07-02,inist.osutheta,2024,False,0,,,other
10.25666/dataubfc-2024-05-27,Seriality in material culture by Geometric Morphometrics,dataUBFC - Atelier de la donnée de Bourgogne-Franche-Comté,dataUBFC - Atelier de la donnée de Bourgogne-Franche-Comté,https://search-data.ubfc.fr/FR-13002091000019-2024-05-27_Seriality-in-material-culture-by-Geometric.html,https://commons.datacite.org/doi.org/10.25666/dataubfc-2024-05-27,inist.osutheta,2024,False,0,,,other
10.25666/dataubfc-2024-06-14,Weather types around the Kerguelen Islands (south of the Indian Ocean),dataUBFC - Atelier de la donnée de Bourgogne-Franche-Comté,dataUBFC - Atelier de la donnée de Bourgogne-Franche-Comté,https://search-data.ubfc.fr/FR-13002091000019-2024-06-14_Weather-types-around-the-Kerguelen-Islands-south.html,https://commons.datacite.org/doi.org/10.25666/dataubfc-2024-06-14,inist.osutheta,2024,False,0,,,other
10.25666/dataubfc-2024-06-27,"Sample depth (m), TOC (wt. %, whole rock), TN (ppm, wholerock), TOC/TN, δ13Corg (‰ vs. PDB), and δ15Nbulk (‰ vs. air), for samples analyzed along the GT13 and GT16 drill cores (Serra Sul Formation, Amazonian Craton, Brazil).",dataUBFC - Atelier de la donnée de Bourgogne-Franche-Comté,dataUBFC - Atelier de la donnée de Bourgogne-Franche-Comté,https://search-data.ubfc.fr/FR-13002091000019-2024-06-27_Sample-depth-m-TOC-wt-whole-rock-TN.html,https://commons.datacite.org/doi.org/10.25666/dataubfc-2024-06-27,inist.osutheta,2024,False,0,,,other
10.25666/dataubfc-2024-07-01,BioRISC: Biogeography and Resilience of Intertidal Southern Ocean Communities,dataUBFC - Atelier de la donnée de Bourgogne-Franche-Comté,dataUBFC - Atelier de la donnée de Bourgogne-Franche-Comté,https://search-data.ubfc.fr/FR-13002091000019-2024-07-01_BioRISC-Biogeography-and-Resilience-of.html,https://commons.datacite.org/doi.org/10.25666/dataubfc-2024-07-01,inist.osutheta,2024,False,0,,,other
10.25666/dataubfc-2024-07-17,Characterization of cyanide-responsive fluorogenic probes,dataUBFC - Atelier de la donnée de Bourgogne-Franche-Comté,dataUBFC - Atelier de la donnée de Bourgogne-Franche-Comté,https://search-data.ubfc.fr/FR-13002091000019-2024-07-17_Characterization-of-cyanide-responsive.html,https://commons.datacite.org/doi.org/10.25666/dataubfc-2024-07-17,inist.osutheta,2024,False,0,,,other
10.25666/dataubfc-2024-07-19,Raman spectra of extracellular vesicles derived from HMEC-1 cells exposed or not to B[a]P (2024),dataUBFC - Atelier de la donnée de Bourgogne-Franche-Comté,dataUBFC - Atelier de la donnée de Bourgogne-Franche-Comté,https://search-data.ubfc.fr/FR-13002091000019-2024-07-19_Raman-spectra-of-extracellular-vesicles-derived.html,https://commons.datacite.org/doi.org/10.25666/dataubfc-2024-07-19,inist.osutheta,2024,False,0,,,other
10.25666/dataubfc-2024-08-30,Chocolate aficionados questionnaire (in spanish),"Centre interlangues : texte, image, langage","Centre interlangues : texte, image, langage",https://search-data.ubfc.fr/FR-13002091000019-2024-08-30_Chocolate-aficionados-questionnaire-in-spanish.html,https://commons.datacite.org/doi.org/10.25666/dataubfc-2024-08-30,inist.osutheta,2024,False,0,,,other
10.25666/dataubfc-2024-08-30-03,Chocolate producer interview (in spanish),"Centre interlangues : texte, image, langage","Centre interlangues : texte, image, langage",https://search-data.ubfc.fr/FR-13002091000019-2024-08-30-03_Chocolate-producer-interview-in-spanish.html,https://commons.datacite.org/doi.org/10.25666/dataubfc-2024-08-30-03,inist.osutheta,2024,False,0,,,other
10.25666/dataubfc-2024-10-16,Exploratory phase (2024) - Ecological commitment and aspirations: Interviews with residents of the Dijon metropolitan area,dataUBFC - Atelier de la donnée de Bourgogne-Franche-Comté,dataUBFC - Atelier de la donnée de Bourgogne-Franche-Comté,https://search-data.ubfc.fr/FR-13002091000019-2024-10-16_Exploratory-phase-2024-Ecological-commitment.html,https://commons.datacite.org/doi.org/10.25666/dataubfc-2024-10-16,inist.osutheta,2024,False,0,,,other
10.25666/dataubfc-2024-11-07,Serious game SOLUTRÉ,Théoriser et Modéliser pour Aménager,Théoriser et Modéliser pour Aménager,https://search-data.ubfc.fr/FR-13002091000019-2024-11-07_Serious-game-SOLUTRE.html,https://commons.datacite.org/doi.org/10.25666/dataubfc-2024-11-07,inist.osutheta,2025,False,0,,,other
10.25666/dataubfc-2024-11-12,3D Model Fossil Chaetetid,dataUBFC - Atelier de la donnée de Bourgogne-Franche-Comté,dataUBFC - Atelier de la donnée de Bourgogne-Franche-Comté,https://search-data.ubfc.fr/FR-13002091000019-2024-11-12_3D-Model-Fossil-Chaetetid.html,https://commons.datacite.org/doi.org/10.25666/dataubfc-2024-11-12,inist.osutheta,2024,False,0,,,other
10.25666/dataubfc-2024-12-03,Evolution and morphological diversity of land snail protoconchs,Laboratoire Biogéosciences,Laboratoire Biogéosciences,https://search-data.ubfc.fr/FR-13002091000019-2024-12-03_Evolution-and-morphological-diversity-of-land.html,https://commons.datacite.org/doi.org/10.25666/dataubfc-2024-12-03,inist.osutheta,2027,False,0,,,other
10.25666/dataubfc-2025-01-10,"Physical, chemical and molecular description of soil samples from mont Beuvray (Morvan)",dataUBFC - Atelier de la donnée de Bourgogne-Franche-Comté,dataUBFC - Atelier de la donnée de Bourgogne-Franche-Comté,https://search-data.ubfc.fr/FR-13002091000019-2025-01-10_Physical-chemical-and-molecular-description-of.html,https://commons.datacite.org/doi.org/10.25666/dataubfc-2025-01-10,inist.osutheta,2025,False,0,,,other
10.25666/dataubfc-2025-02-21,Characterisation of bifunctional macrocyclic chelators for the coordination of actinium-225 (2025),dataUBFC - Atelier de la donnée de Bourgogne-Franche-Comté,dataUBFC - Atelier de la donnée de Bourgogne-Franche-Comté,https://search-data.ubfc.fr/FR-13002091000019-2025-02-21_Characterisation-of-bifunctional-macrocyclic.html,https://commons.datacite.org/doi.org/10.25666/dataubfc-2025-02-21,inist.osutheta,2025,False,0,,,other
10.25666/dataubfc-2025-03-05,Characterization of a rigidified phenolo-merocyanine and related Hg(II)-responsive fluorogenic probes,dataUBFC - Atelier de la donnée de Bourgogne-Franche-Comté,dataUBFC - Atelier de la donnée de Bourgogne-Franche-Comté,https://search-data.ubfc.fr/FR-13002091000019-2025-03-05_Characterization-of-a-rigidified.html,https://commons.datacite.org/doi.org/10.25666/dataubfc-2025-03-05,inist.osutheta,2025,False,0,,,other
10.25666/dataubfc-2025-03-12,"Fluxes of CO2, H2O, energy (LE and H) and pedoclimate variables in a vineyard ecosystem",Laboratoire Biogéosciences,Laboratoire Biogéosciences,https://search-data.ubfc.fr/FR-13002091000019-2025-03-12_Fluxes-of-CO2-H2O-energy-LE-and-H-and.html,https://commons.datacite.org/doi.org/10.25666/dataubfc-2025-03-12,inist.osutheta,2025,False,0,,,other
10.25666/dataubfc-2025-03-17,Family Dactylioceratidae,dataUBFC - Atelier de la donnée de Bourgogne-Franche-Comté,dataUBFC - Atelier de la donnée de Bourgogne-Franche-Comté,https://search-data.ubfc.fr/FR-13002091000019-2025-03-17_Family-Dactylioceratidae.html,https://commons.datacite.org/doi.org/10.25666/dataubfc-2025-03-17,inist.osutheta,2025,False,0,,,other
10.25666/dataubfc-2025-03-28,Floral offer and seasonality shape plant-pollinator networks in tropical gardens,dataUBFC - Atelier de la donnée de Bourgogne-Franche-Comté,dataUBFC - Atelier de la donnée de Bourgogne-Franche-Comté,https://search-data.ubfc.fr/FR-13002091000019-2025-03-28_Floral-offer-and-seasonality-shape.html,https://commons.datacite.org/doi.org/10.25666/dataubfc-2025-03-28,inist.osutheta,2025,False,0,,,other
10.25666/dataubfc-2025-05-09,"Characterization of a cyanide-responsive ""covalent-assembly"" fluorogenic probe",dataUBFC - Atelier de la donnée de Bourgogne-Franche-Comté,dataUBFC - Atelier de la donnée de Bourgogne-Franche-Comté,https://search-data.ubfc.fr/FR-13002091000019-2025-05-09_Characterization-of-a-cyanide-responsive.html,https://commons.datacite.org/doi.org/10.25666/dataubfc-2025-05-09,inist.osutheta,2025,False,0,,,other
10.25666/dataubfc-2025-06-02,Stage-specific effects of a fungicide and global warming on copper accumulation and development in a major vineyard insect pest,dataUBFC - Atelier de la donnée de Bourgogne-Franche-Comté,dataUBFC - Atelier de la donnée de Bourgogne-Franche-Comté,https://search-data.ubfc.fr/FR-13002091000019-2025-06-02_Stage-specific-effects-of-a-fungicide-and-global.html,https://commons.datacite.org/doi.org/10.25666/dataubfc-2025-06-02,inist.osutheta,2025,False,0,,,other
10.25666/dataubfc-2025-06-17,One and two domains régional climate simulation for 1979-1985 period and drought years 2003 and 2011,dataUBFC - Atelier de la donnée de Bourgogne-Franche-Comté,dataUBFC - Atelier de la donnée de Bourgogne-Franche-Comté,https://search-data.ubfc.fr/FR-13002091000019-2025-06-17_One-and-two-domains-regional-climate-simulation.html,https://commons.datacite.org/doi.org/10.25666/dataubfc-2025-06-17,inist.osutheta,2025,False,0,,,other
10.25666/dataubfc-2025-09-03,"Weather station, mont Beuvray forest lab, Bibracte",Laboratoire Biogéosciences,Laboratoire Biogéosciences,https://search-data.ubfc.fr/FR-13002091000019-2025-09-03_Weather-station-mont-Beuvray-forest-lab.html,https://commons.datacite.org/doi.org/10.25666/dataubfc-2025-09-03,inist.osutheta,2025,False,0,,,other
10.25666/dataubfc-2025-10-10,"Catalogue de Rivières Atmosphériques Arctiques (basée sur vIVT, depuis Wille et al., 2021)",dataUBFC - Atelier de la donnée de Bourgogne-Franche-Comté,dataUBFC - Atelier de la donnée de Bourgogne-Franche-Comté,https://search-data.ubfc.fr/FR-13002091000019-2025-10-10_Catalogue-de-Rivieres-Atmospheriques-Arctiques.html,https://commons.datacite.org/doi.org/10.25666/dataubfc-2025-10-10,inist.osutheta,2025,False,0,,,other
10.25666/dataubfc-2025-11-06-02,Transcript of ten semi-structured interviews conducted with food influencers,dataUBFC - Atelier de la donnée de Bourgogne-Franche-Comté,dataUBFC - Atelier de la donnée de Bourgogne-Franche-Comté,https://search-data.ubfc.fr/FR-13002091000019-2025-11-06-02_Transcript-of-ten-semi-structured-interviews.html,https://commons.datacite.org/doi.org/10.25666/dataubfc-2025-11-06-02,inist.osutheta,2025,False,0,,,other
10.25666/dataubfc-2025-12-02,Dissolved Organic Carbon in Glacial Environments: Concentration and Isotopic Signatures,dataUBFC - Atelier de la donnée de Bourgogne-Franche-Comté,dataUBFC - Atelier de la donnée de Bourgogne-Franche-Comté,https://search-data.ubfc.fr/FR-13002091000019-2025-12-02_Dissolved-Organic-Carbon-in-Glacial-Environments.html,https://commons.datacite.org/doi.org/10.25666/dataubfc-2025-12-02,inist.osutheta,2025,False,0,,,other
10.25666/dataubfc-2026-01-07,Adsorption Data Base - ASP,dataUBFC - Atelier de la donnée de Bourgogne-Franche-Comté,dataUBFC - Atelier de la donnée de Bourgogne-Franche-Comté,https://search-data.ubfc.fr/FR-13002091000019-2026-01-07_Adsorption-Data-Base-ASP.html,https://commons.datacite.org/doi.org/10.25666/dataubfc-2026-01-07,inist.osutheta,2026,False,0,,,other
10.25666/dataubfc-2026-02-16,"Geochemical analysis of pleistocene carbonates from Pyramid and Winnemucca Lakes, USA",dataUBFC - Atelier de la donnée de Bourgogne-Franche-Comté,dataUBFC - Atelier de la donnée de Bourgogne-Franche-Comté,https://search-data.ubfc.fr/FR-13002091000019-2026-02-16_Geochemical-analysis-of-pleistocene-carbonates.html,https://commons.datacite.org/doi.org/10.25666/dataubfc-2026-02-16,inist.osutheta,2027,False,0,,,other
10.25666/dataubfc-2026-02-23,"Long-term monitoring of soil respiration (CO₂ emission) in a temperate broadleaf forest (Forêts National Park, France)",dataUBFC - Atelier de la donnée de Bourgogne-Franche-Comté,dataUBFC - Atelier de la donnée de Bourgogne-Franche-Comté,https://search-data.ubfc.fr/FR-13002091000019-2026-02-23_Long-term-monitoring-of-soil-respiration-CO.html,https://commons.datacite.org/doi.org/10.25666/dataubfc-2026-02-23,inist.osutheta,2026,False,0,,,other
10.25666/dataubfc-2026-02-27,Transkarst,Laboratoire Chrono-environnement,Laboratoire Chrono-environnement,https://search-data.ubfc.fr/FR-13002091000019-2026-02-27_Transkarst.html,https://commons.datacite.org/doi.org/10.25666/dataubfc-2026-02-27,inist.osutheta,2026,False,0,,,other
10.25666/dataubfc-2026-03-27,Dissolved organic carbon concentrations and isotopic compositions of the Dziani Dzaha lake,dataUBFC - Atelier de la donnée de Bourgogne-Franche-Comté,dataUBFC - Atelier de la donnée de Bourgogne-Franche-Comté,https://search-data.ubfc.fr/FR-13002091000019-2026-03-27_Dissolved-organic-carbon-concentrations-and.html,https://commons.datacite.org/doi.org/10.25666/dataubfc-2026-03-27,inist.osutheta,2026,False,0,,,other
10.25666/dataubfc-2026-04-02,"Calculated molecular structures for ""A Heterobimetallic Journey from Ambiphilic Ti Phosphide to Nu-cleophilic Ti/Ir Phosphinidene""",dataUBFC - Atelier de la donnée de Bourgogne-Franche-Comté,dataUBFC - Atelier de la donnée de Bourgogne-Franche-Comté,https://search-data.ubfc.fr/FR-13002091000019-2026-04-02_Calculated-molecular-structures-for-A.html,https://commons.datacite.org/doi.org/10.25666/dataubfc-2026-04-02,inist.osutheta,2026,False,0,,,other
10.25666/dataubfc-2026-04-08,Deep Learning for enhanced 3D landmark positioning: addressing biases in traditional registration methods,dataUBFC - Atelier de la donnée de Bourgogne-Franche-Comté,dataUBFC - Atelier de la donnée de Bourgogne-Franche-Comté,https://search-data.ubfc.fr/FR-13002091000019-2026-04-08_Deep-Learning-for-enhanced-3D-landmark.html,https://commons.datacite.org/doi.org/10.25666/dataubfc-2026-04-08,inist.osutheta,2026,False,0,,,other
10.25666/dataubfc-2026-04-16,Dissolved Organic Carbon concentrations and isotopes in Mexican lakes and aquifers,dataUBFC - Atelier de la donnée de Bourgogne-Franche-Comté,dataUBFC - Atelier de la donnée de Bourgogne-Franche-Comté,https://search-data.ubfc.fr/FR-13002091000019-2026-04-16_Dissolved-Organic-Carbon-concentrations-and.html,https://commons.datacite.org/doi.org/10.25666/dataubfc-2026-04-16,inist.osutheta,2026,False,0,,,other
10.25666/dataubfc-2026-05-20,Compete for a reduced acoustic space: Impact of anthropogenic noise and interspecific competition on Blue tit and Great tit songs,dataUBFC - Atelier de la donnée de Bourgogne-Franche-Comté,dataUBFC - Atelier de la donnée de Bourgogne-Franche-Comté,https://search-data.ubfc.fr/FR-13002091000019-2026-05-20_Compete-for-a-reduced-acoustic-space-Impact-of.html,https://commons.datacite.org/doi.org/10.25666/dataubfc-2026-05-20,inist.osutheta,2026,False,0,,,other
10.25666/dataubfc-2026-07-06,Revealing song repertoire of great tit (Parus major) using an automated unsupervised approach,dataUBFC - Atelier de la donnée de Bourgogne-Franche-Comté,dataUBFC - Atelier de la donnée de Bourgogne-Franche-Comté,https://search-data.ubfc.fr/FR-13002091000019-2026-07-06_Revealing-song-repertoire-of-great-tit-Parus.html,https://commons.datacite.org/doi.org/10.25666/dataubfc-2026-07-06,inist.osutheta,2026,False,0,,,other
10.25666/dataubfc-2026-07-15,"Aerosol Atmospheric River Catalogue : Mineral Dust, CAMS Reanalysis",dataUBFC - Atelier de la donnée de Bourgogne-Franche-Comté,dataUBFC - Atelier de la donnée de Bourgogne-Franche-Comté,https://search-data.ubfc.fr/FR-13002091000019-2026-07-15_Aerosol-Atmospheric-River-Catalogue-Mineral.html,https://commons.datacite.org/doi.org/10.25666/dataubfc-2026-07-15,inist.osutheta,2026,False,0,,,other
10.25666/dataubfc-2026-07-15-02,"Aerosol Atmospheric River Catalogue : Organic Matter, CAMS Reanalysis",dataUBFC - Atelier de la donnée de Bourgogne-Franche-Comté,dataUBFC - Atelier de la donnée de Bourgogne-Franche-Comté,https://search-data.ubfc.fr/FR-13002091000019-2026-07-15-02_Aerosol-Atmospheric-River-Catalogue-Organic.html,https://commons.datacite.org/doi.org/10.25666/dataubfc-2026-07-15-02,inist.osutheta,2026,False,0,,,other
10.25666/dataubfc-2026-07-15-03,"Aerosol Atmospheric River Catalogue : Black Carbon, CAMS Reanalysis",dataUBFC - Atelier de la donnée de Bourgogne-Franche-Comté,dataUBFC - Atelier de la donnée de Bourgogne-Franche-Comté,https://search-data.ubfc.fr/FR-13002091000019-2026-07-15-03_Aerosol-Atmospheric-River-Catalogue-Black.html,https://commons.datacite.org/doi.org/10.25666/dataubfc-2026-07-15-03,inist.osutheta,2026,False,0,,,other
10.25666/dataubfc-2026-07-15-04,"Aerosol Atmospheric River Catalogue : Mineral Dust, MERRA2 Reanalysis",dataUBFC - Atelier de la donnée de Bourgogne-Franche-Comté,dataUBFC - Atelier de la donnée de Bourgogne-Franche-Comté,https://search-data.ubfc.fr/FR-13002091000019-2026-07-15-04_Aerosol-Atmospheric-River-Catalogue-Mineral.html,https://commons.datacite.org/doi.org/10.25666/dataubfc-2026-07-15-04,inist.osutheta,2026,False,0,,,other
10.25666/dataubfc-2026-07-15-05,"Aerosol Atmospheric River Catalogue : Black Carbon, MERRA2 Reanalysis",dataUBFC - Atelier de la donnée de Bourgogne-Franche-Comté,dataUBFC - Atelier de la donnée de Bourgogne-Franche-Comté,https://search-data.ubfc.fr/FR-13002091000019-2026-07-15-05_Aerosol-Atmospheric-River-Catalogue-Black.html,https://commons.datacite.org/doi.org/10.25666/dataubfc-2026-07-15-05,inist.osutheta,2026,False,0,,,other
10.25666/dataubfc-2026-07-15-06,"Aerosol Atmospheric River Catalogue : Organic Carbon, MERRA2 Reanalysis",dataUBFC - Atelier de la donnée de Bourgogne-Franche-Comté,dataUBFC - Atelier de la donnée de Bourgogne-Franche-Comté,https://search-data.ubfc.fr/FR-13002091000019-2026-07-15-06_Aerosol-Atmospheric-River-Catalogue-Organic.html,https://commons.datacite.org/doi.org/10.25666/dataubfc-2026-07-15-06,inist.osutheta,2026,False,0,,,other
10.25666/dataubfc-2026-09-02,Données PhyLing,dataUBFC - Atelier de la donnée de Bourgogne-Franche-Comté,dataUBFC - Atelier de la donnée de Bourgogne-Franche-Comté,https://search-data.ubfc.fr/FR-13002091000019-2026-09-02_Donnees-PhyLing.html,https://commons.datacite.org/doi.org/10.25666/dataubfc-2026-09-02,inist.osutheta,2026,False,0,,,other
10.25666/dataubfc-2026-09-10,RNA-seq data on the regulation of the grapevine immune response,dataUBFC - Atelier de la donnée de Bourgogne-Franche-Comté,dataUBFC - Atelier de la donnée de Bourgogne-Franche-Comté,https://search-data.ubfc.fr/FR-13002091000019-2026-09-10_RNA-seq-data-on-the-regulation-of-the-grapevine.html,https://commons.datacite.org/doi.org/10.25666/dataubfc-2026-09-10,inist.osutheta,2026,False,0,,,other
10.34810/data656,Imbalanced dataset for benchmarking,CORA.Repositori de Dades de Recerca,CORA.Repositori de Dades de Recerca,https://dataverse.csuc.cat/citation?persistentId=doi:10.34810/data656,https://commons.datacite.org/doi.org/10.34810/data656,gdcc.csuc,2023,False,0,,creator_name,dataset_repo
10.34810/data657,DCE-MRI (Dynamic Contrast Enhanced - Magnetic Resonance Imaging) prostate images,CORA.Repositori de Dades de Recerca,CORA.Repositori de Dades de Recerca,https://dataverse.csuc.cat/citation?persistentId=doi:10.34810/data657,https://commons.datacite.org/doi.org/10.34810/data657,gdcc.csuc,2023,False,0,,creator_name,dataset_repo
10.34810/data658,Multi-parmetric MRI prostate images,CORA.Repositori de Dades de Recerca,CORA.Repositori de Dades de Recerca,https://dataverse.csuc.cat/citation?persistentId=doi:10.34810/data658,https://commons.datacite.org/doi.org/10.34810/data658,gdcc.csuc,2023,False,0,,creator_name,dataset_repo
10.34810/data659,Original multi-parametric MRI images of prostate,CORA.Repositori de Dades de Recerca,CORA.Repositori de Dades de Recerca,https://dataverse.csuc.cat/citation?persistentId=doi:10.34810/data659,https://commons.datacite.org/doi.org/10.34810/data659,gdcc.csuc,2023,False,0,,creator_name,dataset_repo
10.48361/kawuhz,The Belgica 121 expedition to the Western Antarctic Peninsula: a high resolution biodiversity census,SCAR - AntOBIS,SCAR - AntOBIS,https://ipt.biodiversity.aq/resource?r=belgica121,https://commons.datacite.org/doi.org/10.48361/kawuhz,mlbs.skuxgs,2020,False,0,,,other
10.48579/pro/yv7mxg,PollAgri: a dataset on insect floral visitors of crops.,data.InDoRES,data.InDoRES,https://data.indores.fr:443/citation?persistentId=doi:10.48579/PRO/YV7MXG,https://commons.datacite.org/doi.org/10.48579/pro/yv7mxg,jbru.bbees,2026,False,0,,,dataset_repo
10.48580/ddv49,"Arbacia ballenensis sp. nov. (Echinoidea, Arbacioida): A new species reveals diversification of the genus in Central America",MagnoliaPress via Plazi,MagnoliaPress via Plazi,https://www.checklistbank.org/dataset/264139,https://commons.datacite.org/doi.org/10.48580/ddv49,gbif.col,2025,False,0,,,other
10.48580/ddv49.v17,"Arbacia ballenensis sp. nov. (Echinoidea, Arbacioida): A new species reveals diversification of the genus in Central America",MagnoliaPress via Plazi,MagnoliaPress via Plazi,https://www.checklistbank.org/dataset/264139/imports/17,https://commons.datacite.org/doi.org/10.48580/ddv49.v17,gbif.col,2025,False,0,,,other
10.48580/dfgfv,"Taxonomic reassessment of Tetrapygus niger (Arbacioida, Echinoidea): molecular and morphological evidence support its placement in Arbacia",MagnoliaPress via Plazi,MagnoliaPress via Plazi,https://www.checklistbank.org/dataset/278714,https://commons.datacite.org/doi.org/10.48580/dfgfv,gbif.col,2025,False,0,,,other
10.48580/dfgfv.v13,"Taxonomic reassessment of Tetrapygus niger (Arbacioida, Echinoidea): molecular and morphological evidence support its placement in Arbacia",MagnoliaPress via Plazi,MagnoliaPress via Plazi,https://www.checklistbank.org/dataset/278714/imports/13,https://commons.datacite.org/doi.org/10.48580/dfgfv.v13,gbif.col,2025,False,0,,,other
10.48580/dgkb7,"Amber and plants from the Upper Cretaceous of La Gripperie-Saint-Symphorien (Charente-Maritime, Western France)",Plazi,Plazi,https://www.checklistbank.org/dataset/305520,https://commons.datacite.org/doi.org/10.48580/dgkb7,gbif.col,2025,False,0,,,other
10.48580/dgkb7.v17,"Amber and plants from the Upper Cretaceous of La Gripperie-Saint-Symphorien (Charente-Maritime, Western France)",Plazi,Plazi,https://www.checklistbank.org/dataset/305520/imports/17,https://commons.datacite.org/doi.org/10.48580/dgkb7.v17,gbif.col,2025,False,0,,,other
10.48580/dgnwx,Deep-sea Echinoids from the Galician Bank (North Atlantic Ocean),MagnoliaPress via Plazi,MagnoliaPress via Plazi,https://www.checklistbank.org/dataset/308557,https://commons.datacite.org/doi.org/10.48580/dgnwx,gbif.col,2025,False,0,,,other
10.48580/dgnwx.v8,Deep-sea Echinoids from the Galician Bank (North Atlantic Ocean),MagnoliaPress via Plazi,MagnoliaPress via Plazi,https://www.checklistbank.org/dataset/308557/imports/8,https://commons.datacite.org/doi.org/10.48580/dgnwx.v8,gbif.col,2025,False,0,,,other
10.48580/dgpg4,"Re-appraisal of thylacocephalans (Euarthropoda, Thylacocephala) from the Jurassic La Voulte-sur-Rhône Lagerstätte",Plazi,Plazi,https://www.checklistbank.org/dataset/308997,https://commons.datacite.org/doi.org/10.48580/dgpg4,gbif.col,2025,False,0,,,other
10.48580/dgpg4.v15,"Re-appraisal of thylacocephalans (Euarthropoda, Thylacocephala) from the Jurassic La Voulte-sur-Rhône Lagerstätte",Plazi,Plazi,https://www.checklistbank.org/dataset/308997/imports/15,https://commons.datacite.org/doi.org/10.48580/dgpg4.v15,gbif.col,2025,False,0,,,other
10.48580/dv5x,"Verbascum birjandense and V. urumiense (Scrophulariaceae), two new endemic species for Flora of Iran",Plazi,Plazi,https://www.checklistbank.org/dataset/20297,https://commons.datacite.org/doi.org/10.48580/dv5x,gbif.col,2025,False,0,,,other
10.48580/dv5x.v81,"Verbascum birjandense and V. urumiense (Scrophulariaceae), two new endemic species for Flora of Iran",Plazi,Plazi,https://www.checklistbank.org/dataset/20297/imports/81,https://commons.datacite.org/doi.org/10.48580/dv5x.v81,gbif.col,2025,False,0,,,other
10.5061/dryad.00000005q,"Agroecological farming, flowering phenology and the pollinator-herbivore-parasitoid nexus regulate non-crop plant reproduction",Dryad,Dryad,https://datadryad.org/dataset/doi:10.5061/dryad.00000005q,https://commons.datacite.org/doi.org/10.5061/dryad.00000005q,dryad.dryad,2022,False,0,,creator_name,dataset_repo
10.5061/dryad.0gb5mkmcb,Disease severity in coinfected hosts: the importance of infection order,Dryad,Dryad,https://datadryad.org/dataset/doi:10.5061/dryad.0gb5mkmcb,https://commons.datacite.org/doi.org/10.5061/dryad.0gb5mkmcb,dryad.dryad,2025,False,0,,creator_name,dataset_repo
10.5061/dryad.1g1jwsv6b,Data for: Giant longirostrine crocodylians from the Early Miocene of Pakistan: new material and taxonomical review,Dryad,Dryad,https://datadryad.org/dataset/doi:10.5061/dryad.1g1jwsv6b,https://commons.datacite.org/doi.org/10.5061/dryad.1g1jwsv6b,dryad.dryad,2025,False,0,,creator_name,dataset_repo
10.5061/dryad.2f0j5,Data from: The legacy of a vanished sea: a high level of diversification within a European freshwater amphipod species complex driven by 15 My of Paratethys regression,Dryad,Dryad,https://datadryad.org/dataset/doi:10.5061/dryad.2f0j5,https://commons.datacite.org/doi.org/10.5061/dryad.2f0j5,dryad.dryad,2015,False,0,,creator_name,dataset_repo
10.5061/dryad.2rbnzs7v7,Supporting information for: Clade-specific elemental signatures across an Early Triassic marine fauna pave the way for deciphering the affinities of unidentifiable fossils,Dryad,Dryad,https://datadryad.org/dataset/doi:10.5061/dryad.2rbnzs7v7,https://commons.datacite.org/doi.org/10.5061/dryad.2rbnzs7v7,dryad.dryad,2025,False,0,,creator_name,dataset_repo
10.5061/dryad.4g40g,Data from: Trans-generational immune priming protects the eggs only against gram-positive bacteria in the mealworm beetle,Dryad,Dryad,https://datadryad.org/dataset/doi:10.5061/dryad.4g40g,https://commons.datacite.org/doi.org/10.5061/dryad.4g40g,dryad.dryad,2016,False,0,,creator_name,dataset_repo
10.5061/dryad.4mw6m9094,The shellome of the crocus clam Tridacna crocea emphasizes essential components of mollusc shell biomineralization,Dryad,Dryad,https://datadryad.org/dataset/doi:10.5061/dryad.4mw6m9094,https://commons.datacite.org/doi.org/10.5061/dryad.4mw6m9094,dryad.dryad,2021,False,0,,creator_name,dataset_repo
10.5061/dryad.4xgxd25bf,Datafiles and code for Covas et al: The oxidative cost of helping and its minimisation in a cooperative breeder,Dryad,Dryad,https://datadryad.org/dataset/doi:10.5061/dryad.4xgxd25bf,https://commons.datacite.org/doi.org/10.5061/dryad.4xgxd25bf,dryad.dryad,2022,False,0,,creator_name,dataset_repo
10.5061/dryad.6djh9w1fs,Effect of Plasmodium coinfection on the dynamics and fitness of <em>Heligmosomoides polygyrus</em>,Dryad,Dryad,https://datadryad.org/dataset/doi:10.5061/dryad.6djh9w1fs,https://commons.datacite.org/doi.org/10.5061/dryad.6djh9w1fs,dryad.dryad,2026,False,0,,creator_name,dataset_repo
10.5061/dryad.742qf,Data from: New Trepostomate bryozoans from the upper Ordovician of Morocco and the temperature influence on zooid size,Dryad,Dryad,https://datadryad.org/dataset/doi:10.5061/dryad.742qf,https://commons.datacite.org/doi.org/10.5061/dryad.742qf,dryad.dryad,2015,False,0,,creator_name,dataset_repo
10.5061/dryad.905qfttjx,Data on paternal age and sperm production of the progeny,Dryad,Dryad,https://datadryad.org/dataset/doi:10.5061/dryad.905qfttjx,https://commons.datacite.org/doi.org/10.5061/dryad.905qfttjx,dryad.dryad,2021,False,0,,creator_name,dataset_repo
10.5061/dryad.b191j,Data from: Pairing context determines condition-dependence of song rate in a monogamous passerine bird,Dryad,Dryad,https://datadryad.org/dataset/doi:10.5061/dryad.b191j,https://commons.datacite.org/doi.org/10.5061/dryad.b191j,dryad.dryad,2013,False,0,,creator_name,dataset_repo
10.5061/dryad.d7wm37qh3,Insights into Atlantic-Pacific divergence in Arbacia (Echinoidea) using revised systematics of Neogene fossils from the Caribbean and southeastern United States,Dryad,Dryad,https://datadryad.org/dataset/doi:10.5061/dryad.d7wm37qh3,https://commons.datacite.org/doi.org/10.5061/dryad.d7wm37qh3,dryad.dryad,2026,False,0,,creator_name,dataset_repo
10.5061/dryad.dfn2z356c,Data from: Can body mass and skull morphology predict seed and fruit ingestion potential for mammal species? A test using extant species and its application to extinct species,Dryad,Dryad,https://datadryad.org/dataset/doi:10.5061/dryad.dfn2z356c,https://commons.datacite.org/doi.org/10.5061/dryad.dfn2z356c,dryad.dryad,2023,False,0,,creator_name,dataset_repo
10.5061/dryad.f0090,Data from: Social learning in a high-risk environment: incomplete disregard for the ‘minnow that cried pike’ results in culturally transmitted neophobia,Dryad,Dryad,https://datadryad.org/dataset/doi:10.5061/dryad.f0090,https://commons.datacite.org/doi.org/10.5061/dryad.f0090,dryad.dryad,2015,False,0,,creator_name,dataset_repo
10.5061/dryad.f4qrfj6wz,Enforced monoandry and female investment into reproduction,Dryad,Dryad,https://datadryad.org/dataset/doi:10.5061/dryad.f4qrfj6wz,https://commons.datacite.org/doi.org/10.5061/dryad.f4qrfj6wz,dryad.dryad,2021,False,0,,creator_name,dataset_repo
10.5061/dryad.j0zpc86gk,Searching for genetic evidence of demographic decline in an arctic seabird: beware of overlapping generations,Dryad,Dryad,https://datadryad.org/dataset/doi:10.5061/dryad.j0zpc86gk,https://commons.datacite.org/doi.org/10.5061/dryad.j0zpc86gk,dryad.dryad,2022,False,0,,creator_name,dataset_repo
10.5061/dryad.jr89m60,Data from: Factors associated with leucism in the common blackbird (Turdus merula),Dryad,Dryad,https://datadryad.org/dataset/doi:10.5061/dryad.jr89m60,https://commons.datacite.org/doi.org/10.5061/dryad.jr89m60,dryad.dryad,2018,False,0,,creator_name,dataset_repo
10.5061/dryad.mp40j,Data from: Recovery of benthic marine communities from the end-Permian mass extinction at the low-latitudes of Eastern Panthalassa,Dryad,Dryad,https://datadryad.org/dataset/doi:10.5061/dryad.mp40j,https://commons.datacite.org/doi.org/10.5061/dryad.mp40j,dryad.dryad,2014,False,0,,creator_name,dataset_repo
10.5061/dryad.nk98sf82b,Data for: Critical habitat thresholds for effective pollinator conservation in agricultural landscapes,Dryad,Dryad,https://datadryad.org/dataset/doi:10.5061/dryad.nk98sf82b,https://commons.datacite.org/doi.org/10.5061/dryad.nk98sf82b,dryad.dryad,2025,True,1,hal-05329408,creator_name,dataset_repo
10.5061/dryad.ns1rn8q79,Data for: Mechanisms and impacts of migration by moose: the role of wildfire,Dryad,Dryad,https://datadryad.org/dataset/doi:10.5061/dryad.ns1rn8q79,https://commons.datacite.org/doi.org/10.5061/dryad.ns1rn8q79,dryad.dryad,2026,False,0,,creator_name,dataset_repo
10.5061/dryad.rn8pk0pmj,"Supplementary figures from: Is 3D, a more accurate quantitative method than 2D, crucial for analyzing disparity patterns in extinct marine arthropods (Trilobita)?",Dryad,Dryad,https://datadryad.org/dataset/doi:10.5061/dryad.rn8pk0pmj,https://commons.datacite.org/doi.org/10.5061/dryad.rn8pk0pmj,dryad.dryad,2025,False,0,,creator_name,dataset_repo
10.5061/dryad.rr4xgxdjc,Coupling gel electrophoresis with photoluminescence imaging reveals biochrome complexes in modern and fossil shells,Dryad,Dryad,https://datadryad.org/dataset/doi:10.5061/dryad.rr4xgxdjc,https://commons.datacite.org/doi.org/10.5061/dryad.rr4xgxdjc,dryad.dryad,2025,False,0,,creator_name,dataset_repo
10.5061/dryad.rt1385v,"Data from: The cranium of Proviverra typica (Mammalia, Hyaenodonta) and its impact on hyaenodont phylogeny and endocranial evolution",Dryad,Dryad,https://datadryad.org/dataset/doi:10.5061/dryad.rt1385v,https://commons.datacite.org/doi.org/10.5061/dryad.rt1385v,dryad.dryad,2019,False,0,,creator_name,dataset_repo
10.5061/dryad.s1t53,Data from: Evidence for an association between post-fledging dispersal and microsatellite multilocus heterozygosity in a large population of greater flamingos,Dryad,Dryad,https://datadryad.org/dataset/doi:10.5061/dryad.s1t53,https://commons.datacite.org/doi.org/10.5061/dryad.s1t53,dryad.dryad,2014,False,0,,creator_name,dataset_repo
10.5061/dryad.s4mw6m9kb,Data from: Background extinction due to species specialization? Insights from a high-resolution Jurassic ammonoid case study (Dactylioceratidae),Dryad,Dryad,https://datadryad.org/dataset/doi:10.5061/dryad.s4mw6m9kb,https://commons.datacite.org/doi.org/10.5061/dryad.s4mw6m9kb,dryad.dryad,2025,False,0,,creator_name,dataset_repo
10.5061/dryad.s5c90,Data from: Trepostomate bryozoans from the upper Katian (Upper Ordovician) of Morocco: gigantism in high latitude Gondwana platforms,Dryad,Dryad,https://datadryad.org/dataset/doi:10.5061/dryad.s5c90,https://commons.datacite.org/doi.org/10.5061/dryad.s5c90,dryad.dryad,2015,False,0,,creator_name,dataset_repo
10.5061/dryad.tqjq2bvx2,Data from: Ups and downs of belemnite diversity in the Early Jurassic of Western Tethys,Dryad,Dryad,https://datadryad.org/dataset/doi:10.5061/dryad.tqjq2bvx2,https://commons.datacite.org/doi.org/10.5061/dryad.tqjq2bvx2,dryad.dryad,2020,False,0,,creator_name,dataset_repo
10.5061/dryad.v41ns1rsp,Eco-evolutionary outsiders: establishing in a distantly related neighbourhood delays and reorganizes nutrient recycling,Dryad,Dryad,https://datadryad.org/dataset/doi:10.5061/dryad.v41ns1rsp,https://commons.datacite.org/doi.org/10.5061/dryad.v41ns1rsp,dryad.dryad,2021,False,0,,creator_name,dataset_repo
10.5061/dryad.wdbrv162g,Data from: Social network dynamics under experimental manipulations of predation risk and food abundance in wild rock hyraxes,Dryad,Dryad,https://datadryad.org/dataset/doi:10.5061/dryad.wdbrv162g,https://commons.datacite.org/doi.org/10.5061/dryad.wdbrv162g,dryad.dryad,2026,False,0,,creator_name,dataset_repo
10.5061/dryad.zkh1893b8,Immunological indices and parasites in blackbirds,Dryad,Dryad,https://datadryad.org/dataset/doi:10.5061/dryad.zkh1893b8,https://commons.datacite.org/doi.org/10.5061/dryad.zkh1893b8,dryad.dryad,2021,False,0,,creator_name,dataset_repo
10.5281/zenodo.10085729,"Supporting Data - Taxonomic reassessment of Tetrapygus niger (Arbacioida, Echinoidea): molecular and morphological evidence support its placement in Arbacia",Zenodo,Zenodo,https://zenodo.org/doi/10.5281/zenodo.10085729,https://commons.datacite.org/doi.org/10.5281/zenodo.10085729,cern.zenodo,2023,False,0,,,dataset_repo
10.5281/zenodo.10085730,"Supporting Data - Taxonomic reassessment of Tetrapygus niger (Arbacioida, Echinoidea): molecular and morphological evidence support its placement in Arbacia",Zenodo,Zenodo,https://zenodo.org/doi/10.5281/zenodo.10085730,https://commons.datacite.org/doi.org/10.5281/zenodo.10085730,cern.zenodo,2023,False,0,,,dataset_repo
10.5281/zenodo.10576224,"Data from ""Multiple habitat graphs: how connectivity brings forth landscape ecological processes""",Zenodo,Zenodo,https://zenodo.org/doi/10.5281/zenodo.10576224,https://commons.datacite.org/doi.org/10.5281/zenodo.10576224,cern.zenodo,2024,False,0,,contributor_name,dataset_repo
10.5281/zenodo.10576225,"Data from ""Multiple habitat graphs: how connectivity brings forth landscape ecological processes""",Zenodo,Zenodo,https://zenodo.org/doi/10.5281/zenodo.10576225,https://commons.datacite.org/doi.org/10.5281/zenodo.10576225,cern.zenodo,2024,False,0,,contributor_name,dataset_repo
10.5281/zenodo.10610770,Late Ordovician (440 Ma; Hirnantian) climatic simulation conducted using the general circulation model FOAM.,Zenodo,Zenodo,https://zenodo.org/doi/10.5281/zenodo.10610770,https://commons.datacite.org/doi.org/10.5281/zenodo.10610770,cern.zenodo,2024,False,0,,,dataset_repo
10.5281/zenodo.10610771,Late Ordovician (440 Ma; Hirnantian) climatic simulation conducted using the general circulation model FOAM.,Zenodo,Zenodo,https://zenodo.org/doi/10.5281/zenodo.10610771,https://commons.datacite.org/doi.org/10.5281/zenodo.10610771,cern.zenodo,2024,False,0,,,dataset_repo
10.5281/zenodo.1203736,Interec: In-Text Reference Corpus - Single References Dataset,Zenodo,Zenodo,https://zenodo.org/record/1203736,https://commons.datacite.org/doi.org/10.5281/zenodo.1203736,cern.zenodo,2018,False,0,,,dataset_repo
10.5281/zenodo.1203737,Interec: In-Text Reference Corpus - Single References Dataset,Zenodo,Zenodo,https://zenodo.org/record/1203737,https://commons.datacite.org/doi.org/10.5281/zenodo.1203737,cern.zenodo,2018,False,0,,,dataset_repo
10.5281/zenodo.1213609,"Dataset On The Characterization Of The Flavor Of Two Red Wine Varieties Using Sensory Descriptive Analysis, Volatile Organic Compounds Quantitative Analysis By Gc-Ms And Odorant Composition By Gc-Ms-O",Zenodo,Zenodo,https://zenodo.org/record/1213609,https://commons.datacite.org/doi.org/10.5281/zenodo.1213609,cern.zenodo,2018,False,0,,,dataset_repo
10.5281/zenodo.1213610,"Dataset On The Characterization Of The Flavor Of Two Red Wine Varieties Using Sensory Descriptive Analysis, Volatile Organic Compounds Quantitative Analysis By Gc-Ms And Odorant Composition By Gc-Ms-O",Zenodo,Zenodo,https://zenodo.org/record/1213610,https://commons.datacite.org/doi.org/10.5281/zenodo.1213610,cern.zenodo,2018,False,0,,,dataset_repo
10.5281/zenodo.13144514,Post_Selection_Experiment,Zenodo,Zenodo,https://zenodo.org/doi/10.5281/zenodo.13144514,https://commons.datacite.org/doi.org/10.5281/zenodo.13144514,cern.zenodo,2024,False,0,,creator_name,dataset_repo
10.5281/zenodo.13144515,Post_Selection_Experiment,Zenodo,Zenodo,https://zenodo.org/doi/10.5281/zenodo.13144515,https://commons.datacite.org/doi.org/10.5281/zenodo.13144515,cern.zenodo,2024,False,0,,creator_name,dataset_repo
10.5281/zenodo.13830673,"Supporting Data: Phylogeny of Arbacia Gray, 1835 (Echinoidea) reveals diversification patterns in the Atlantic and Pacific Oceans.",Zenodo,Zenodo,https://zenodo.org/doi/10.5281/zenodo.13830673,https://commons.datacite.org/doi.org/10.5281/zenodo.13830673,cern.zenodo,2024,False,0,,,dataset_repo
10.5281/zenodo.13830674,"Supporting Data: Phylogeny of Arbacia Gray, 1835 (Echinoidea) reveals diversification patterns in the Atlantic and Pacific Oceans.",Zenodo,Zenodo,https://zenodo.org/doi/10.5281/zenodo.13830674,https://commons.datacite.org/doi.org/10.5281/zenodo.13830674,cern.zenodo,2024,False,0,,,dataset_repo
10.5281/zenodo.14369534,2025_BBDD_ewom_TUBILLEJAS,Zenodo,Zenodo,https://zenodo.org/doi/10.5281/zenodo.14369534,https://commons.datacite.org/doi.org/10.5281/zenodo.14369534,cern.zenodo,2024,False,0,,creator_name|contributor_name,dataset_repo
10.5281/zenodo.14369535,2025_BBDD_ewom_TUBILLEJAS,Zenodo,Zenodo,https://zenodo.org/doi/10.5281/zenodo.14369535,https://commons.datacite.org/doi.org/10.5281/zenodo.14369535,cern.zenodo,2024,False,0,,creator_name|contributor_name,dataset_repo
10.5281/zenodo.14505714,Datasets and scripts used in Gonzalo/Jacquiod et al. for rhizosphere microbiota network analysis,Zenodo,Zenodo,https://zenodo.org/doi/10.5281/zenodo.14505714,https://commons.datacite.org/doi.org/10.5281/zenodo.14505714,cern.zenodo,2024,False,0,,creator_name,dataset_repo
10.5281/zenodo.14505715,Datasets and scripts used in Gonzalo/Jacquiod et al. for rhizosphere microbiota network analysis,Zenodo,Zenodo,https://zenodo.org/doi/10.5281/zenodo.14505715,https://commons.datacite.org/doi.org/10.5281/zenodo.14505715,cern.zenodo,2024,False,0,,creator_name,dataset_repo
10.5281/zenodo.14541426,Becoming an Economist: A Database of French Economics PhDs,Zenodo,Zenodo,https://zenodo.org/doi/10.5281/zenodo.14541426,https://commons.datacite.org/doi.org/10.5281/zenodo.14541426,cern.zenodo,2025,False,0,,creator_name,dataset_repo
10.5281/zenodo.14541427,Becoming an Economist: A Database of French Economics PhDs,Zenodo,Zenodo,https://zenodo.org/doi/10.5281/zenodo.14541427,https://commons.datacite.org/doi.org/10.5281/zenodo.14541427,cern.zenodo,2024,False,0,,creator_name,dataset_repo
10.5281/zenodo.14713202,Becoming an Economist: A Database of French Economics PhDs,Zenodo,Zenodo,https://zenodo.org/doi/10.5281/zenodo.14713202,https://commons.datacite.org/doi.org/10.5281/zenodo.14713202,cern.zenodo,2025,False,0,,creator_name,dataset_repo
10.5281/zenodo.14718814,Becoming an Economist: A Database of French Economics PhDs,Zenodo,Zenodo,https://zenodo.org/doi/10.5281/zenodo.14718814,https://commons.datacite.org/doi.org/10.5281/zenodo.14718814,cern.zenodo,2025,False,0,,creator_name,dataset_repo
10.5281/zenodo.14887659,Genbank Accession Numbers of Habitat specificity modulates the bacterial biogeographic patterns in the Southern Ocean,Zenodo,Zenodo,https://zenodo.org/doi/10.5281/zenodo.14887659,https://commons.datacite.org/doi.org/10.5281/zenodo.14887659,cern.zenodo,2024,False,0,,,dataset_repo
10.5281/zenodo.14887660,Genbank Accession Numbers of Habitat specificity modulates the bacterial biogeographic patterns in the Southern Ocean,Zenodo,Zenodo,https://zenodo.org/doi/10.5281/zenodo.14887660,https://commons.datacite.org/doi.org/10.5281/zenodo.14887660,cern.zenodo,2024,False,0,,,dataset_repo
10.5281/zenodo.14921936,"Data and codes from ""Daniel et al. Disentangling past landscape legacies from the contemporary genetic structure of a forest bird using a historical map""",Zenodo,Zenodo,https://zenodo.org/doi/10.5281/zenodo.14921936,https://commons.datacite.org/doi.org/10.5281/zenodo.14921936,cern.zenodo,2025,False,0,,creator_name,dataset_repo
10.5281/zenodo.15092115,"Data and codes from ""Daniel et al. Is landscape effect on gene flow shared across species ? A landscape genetic multispecies cross-validation""",Zenodo,Zenodo,https://zenodo.org/doi/10.5281/zenodo.15092115,https://commons.datacite.org/doi.org/10.5281/zenodo.15092115,cern.zenodo,2025,False,0,,creator_name,dataset_repo
10.5281/zenodo.15133854,"TABLE 1 in Arbacia ballenensis sp. nov. (Echinoidea, Arbacioida): A new species reveals diversification of the genus in Central America",Zenodo,Zenodo,https://zenodo.org/doi/10.5281/zenodo.15133854,https://commons.datacite.org/doi.org/10.5281/zenodo.15133854,cern.zenodo,2023,False,0,,,dataset_repo
10.5281/zenodo.15133855,"TABLE 1 in Arbacia ballenensis sp. nov. (Echinoidea, Arbacioida): A new species reveals diversification of the genus in Central America",Zenodo,Zenodo,https://zenodo.org/doi/10.5281/zenodo.15133855,https://commons.datacite.org/doi.org/10.5281/zenodo.15133855,cern.zenodo,2023,False,0,,,dataset_repo
10.5281/zenodo.15146984,"TABLE 1 in Taxonomic reassessment of Tetrapygus niger (Arbacioida, Echinoidea): molecular and morphological evidence support its placement in Arbacia",Zenodo,Zenodo,https://zenodo.org/doi/10.5281/zenodo.15146984,https://commons.datacite.org/doi.org/10.5281/zenodo.15146984,cern.zenodo,2023,False,0,,,dataset_repo
10.5281/zenodo.15146985,"TABLE 1 in Taxonomic reassessment of Tetrapygus niger (Arbacioida, Echinoidea): molecular and morphological evidence support its placement in Arbacia",Zenodo,Zenodo,https://zenodo.org/doi/10.5281/zenodo.15146985,https://commons.datacite.org/doi.org/10.5281/zenodo.15146985,cern.zenodo,2023,False,0,,,dataset_repo
10.5281/zenodo.15146986,"TABLE 2 in Taxonomic reassessment of Tetrapygus niger (Arbacioida, Echinoidea): molecular and morphological evidence support its placement in Arbacia",Zenodo,Zenodo,https://zenodo.org/doi/10.5281/zenodo.15146986,https://commons.datacite.org/doi.org/10.5281/zenodo.15146986,cern.zenodo,2023,False,0,,,dataset_repo
10.5281/zenodo.15146987,"TABLE 2 in Taxonomic reassessment of Tetrapygus niger (Arbacioida, Echinoidea): molecular and morphological evidence support its placement in Arbacia",Zenodo,Zenodo,https://zenodo.org/doi/10.5281/zenodo.15146987,https://commons.datacite.org/doi.org/10.5281/zenodo.15146987,cern.zenodo,2023,False,0,,,dataset_repo
10.5281/zenodo.15146988,"TABLE 3 in Taxonomic reassessment of Tetrapygus niger (Arbacioida, Echinoidea): molecular and morphological evidence support its placement in Arbacia",Zenodo,Zenodo,https://zenodo.org/doi/10.5281/zenodo.15146988,https://commons.datacite.org/doi.org/10.5281/zenodo.15146988,cern.zenodo,2023,False,0,,,dataset_repo
10.5281/zenodo.15146989,"TABLE 3 in Taxonomic reassessment of Tetrapygus niger (Arbacioida, Echinoidea): molecular and morphological evidence support its placement in Arbacia",Zenodo,Zenodo,https://zenodo.org/doi/10.5281/zenodo.15146989,https://commons.datacite.org/doi.org/10.5281/zenodo.15146989,cern.zenodo,2023,False,0,,,dataset_repo
10.5281/zenodo.15159598,"Table 1 in Re-appraisal of thylacocephalans (Euarthropoda, Thylacocephala) from the Jurassic La Voulte-sur-Rhône Lagerstätte",Zenodo,Zenodo,https://zenodo.org/doi/10.5281/zenodo.15159598,https://commons.datacite.org/doi.org/10.5281/zenodo.15159598,cern.zenodo,2023,False,0,,,dataset_repo
10.5281/zenodo.15159599,"Table 1 in Re-appraisal of thylacocephalans (Euarthropoda, Thylacocephala) from the Jurassic La Voulte-sur-Rhône Lagerstätte",Zenodo,Zenodo,https://zenodo.org/doi/10.5281/zenodo.15159599,https://commons.datacite.org/doi.org/10.5281/zenodo.15159599,cern.zenodo,2023,False,0,,,dataset_repo
10.5281/zenodo.15159600,"Table 2 in Re-appraisal of thylacocephalans (Euarthropoda, Thylacocephala) from the Jurassic La Voulte-sur-Rhône Lagerstätte",Zenodo,Zenodo,https://zenodo.org/doi/10.5281/zenodo.15159600,https://commons.datacite.org/doi.org/10.5281/zenodo.15159600,cern.zenodo,2023,False,0,,,dataset_repo
10.5281/zenodo.15159601,"Table 2 in Re-appraisal of thylacocephalans (Euarthropoda, Thylacocephala) from the Jurassic La Voulte-sur-Rhône Lagerstätte",Zenodo,Zenodo,https://zenodo.org/doi/10.5281/zenodo.15159601,https://commons.datacite.org/doi.org/10.5281/zenodo.15159601,cern.zenodo,2023,False,0,,,dataset_repo
10.5281/zenodo.15159602,"Table 2 in Re-appraisal of thylacocephalans (Euarthropoda, Thylacocephala) from the Jurassic La Voulte-sur-Rhône Lagerstätte",Zenodo,Zenodo,https://zenodo.org/doi/10.5281/zenodo.15159602,https://commons.datacite.org/doi.org/10.5281/zenodo.15159602,cern.zenodo,2023,False,0,,,dataset_repo
10.5281/zenodo.15159603,"Table 2 in Re-appraisal of thylacocephalans (Euarthropoda, Thylacocephala) from the Jurassic La Voulte-sur-Rhône Lagerstätte",Zenodo,Zenodo,https://zenodo.org/doi/10.5281/zenodo.15159603,https://commons.datacite.org/doi.org/10.5281/zenodo.15159603,cern.zenodo,2023,False,0,,,dataset_repo
10.5281/zenodo.15159604,"Table 3 in Re-appraisal of thylacocephalans (Euarthropoda, Thylacocephala) from the Jurassic La Voulte-sur-Rhône Lagerstätte",Zenodo,Zenodo,https://zenodo.org/doi/10.5281/zenodo.15159604,https://commons.datacite.org/doi.org/10.5281/zenodo.15159604,cern.zenodo,2023,False,0,,,dataset_repo
10.5281/zenodo.15159605,"Table 3 in Re-appraisal of thylacocephalans (Euarthropoda, Thylacocephala) from the Jurassic La Voulte-sur-Rhône Lagerstätte",Zenodo,Zenodo,https://zenodo.org/doi/10.5281/zenodo.15159605,https://commons.datacite.org/doi.org/10.5281/zenodo.15159605,cern.zenodo,2023,False,0,,,dataset_repo
10.5281/zenodo.15270248,Becoming an Economist: A Database of French Economics PhDs,Zenodo,Zenodo,https://zenodo.org/doi/10.5281/zenodo.15270248,https://commons.datacite.org/doi.org/10.5281/zenodo.15270248,cern.zenodo,2025,False,0,,creator_name,dataset_repo
10.5281/zenodo.15348377,DRP_SandstoneMicroCT : Three-dimensional X-ray micro-CT images sandstone rock Dataset for Permeability Estimation.,Zenodo,Zenodo,https://zenodo.org/doi/10.5281/zenodo.15348377,https://commons.datacite.org/doi.org/10.5281/zenodo.15348377,cern.zenodo,2025,False,0,,contributor_name,dataset_repo
10.5281/zenodo.15348378,DRP_SandstoneMicroCT : Three-dimensional X-ray micro-CT images sandstone rock Dataset for Permeability Estimation.,Zenodo,Zenodo,https://zenodo.org/doi/10.5281/zenodo.15348378,https://commons.datacite.org/doi.org/10.5281/zenodo.15348378,cern.zenodo,2025,False,0,,contributor_name,dataset_repo
10.5281/zenodo.15528728,GEM experiment: script and datasets,Zenodo,Zenodo,https://zenodo.org/doi/10.5281/zenodo.15528728,https://commons.datacite.org/doi.org/10.5281/zenodo.15528728,cern.zenodo,2026,False,0,,creator_name,dataset_repo
10.5281/zenodo.15528729,GEM experiment: script and datasets,Zenodo,Zenodo,https://zenodo.org/doi/10.5281/zenodo.15528729,https://commons.datacite.org/doi.org/10.5281/zenodo.15528729,cern.zenodo,2025,False,0,,creator_name,dataset_repo
10.5281/zenodo.15658823,C2N2 Dijon Database,Zenodo,Zenodo,https://zenodo.org/doi/10.5281/zenodo.15658823,https://commons.datacite.org/doi.org/10.5281/zenodo.15658823,cern.zenodo,2025,False,0,,creator_name,dataset_repo
10.5281/zenodo.15658824,C2N2 Dijon Database,Zenodo,Zenodo,https://zenodo.org/doi/10.5281/zenodo.15658824,https://commons.datacite.org/doi.org/10.5281/zenodo.15658824,cern.zenodo,2025,False,0,,creator_name,dataset_repo
10.5281/zenodo.162228,Multi-parmetric MRI prostate images,Zenodo,Zenodo,https://zenodo.org/doi/10.5281/zenodo.162228,https://commons.datacite.org/doi.org/10.5281/zenodo.162228,cern.zenodo,2016,False,0,,creator_name,dataset_repo
10.5281/zenodo.162231,Original multi-parametric MRI images of prostate,Zenodo,Zenodo,https://zenodo.org/doi/10.5281/zenodo.162231,https://commons.datacite.org/doi.org/10.5281/zenodo.162231,cern.zenodo,2016,False,0,,creator_name,dataset_repo
10.5281/zenodo.16335622,Reconciling XPS simulations and experiments: new approaches to quantify and minimize errors in the development of new standards,Zenodo,Zenodo,https://zenodo.org/doi/10.5281/zenodo.16335622,https://commons.datacite.org/doi.org/10.5281/zenodo.16335622,cern.zenodo,2025,False,0,,creator_name,dataset_repo
10.5281/zenodo.16335623,Reconciling XPS simulations and experiments: new approaches to quantify and minimize errors in the development of new standards,Zenodo,Zenodo,https://zenodo.org/doi/10.5281/zenodo.16335623,https://commons.datacite.org/doi.org/10.5281/zenodo.16335623,cern.zenodo,2025,False,0,,creator_name,dataset_repo
10.5281/zenodo.16912837,Input data for local entropy in proteins,Zenodo,Zenodo,https://zenodo.org/doi/10.5281/zenodo.16912837,https://commons.datacite.org/doi.org/10.5281/zenodo.16912837,cern.zenodo,2025,False,0,,creator_name|contributor_name,dataset_repo
10.5281/zenodo.16912838,Input data for local entropy in proteins,Zenodo,Zenodo,https://zenodo.org/doi/10.5281/zenodo.16912838,https://commons.datacite.org/doi.org/10.5281/zenodo.16912838,cern.zenodo,2025,False,0,,creator_name|contributor_name,dataset_repo
10.5281/zenodo.16917619,Sequencing of α-synuclein Intrinsically Disordered Protein in MoS2 Nanopores,Zenodo,Zenodo,https://zenodo.org/doi/10.5281/zenodo.16917619,https://commons.datacite.org/doi.org/10.5281/zenodo.16917619,cern.zenodo,2025,False,0,,creator_name,dataset_repo
10.5281/zenodo.16917620,Sequencing of α-synuclein Intrinsically Disordered Protein in MoS2 Nanopores,Zenodo,Zenodo,https://zenodo.org/doi/10.5281/zenodo.16917620,https://commons.datacite.org/doi.org/10.5281/zenodo.16917620,cern.zenodo,2025,False,0,,creator_name,dataset_repo
10.5281/zenodo.17100519,"DARK (formerly Buffet v1.0) AR Detection Catalog (MERRA-2, 1980–2017, ARTMIP format)",Zenodo,Zenodo,https://zenodo.org/doi/10.5281/zenodo.17100519,https://commons.datacite.org/doi.org/10.5281/zenodo.17100519,cern.zenodo,2025,False,0,,creator_name,dataset_repo
10.5281/zenodo.17100520,"DARK (formerly Buffet v1.0) AR Detection Catalog (MERRA-2, 1980–2017, ARTMIP format)",Zenodo,Zenodo,https://zenodo.org/doi/10.5281/zenodo.17100520,https://commons.datacite.org/doi.org/10.5281/zenodo.17100520,cern.zenodo,2025,False,0,,creator_name,dataset_repo
10.5281/zenodo.17183976,"Arctic vIVT ARs (from Wille et al., 2021)",Zenodo,Zenodo,https://zenodo.org/doi/10.5281/zenodo.17183976,https://commons.datacite.org/doi.org/10.5281/zenodo.17183976,cern.zenodo,2025,False,0,,contributor_name,dataset_repo
10.5281/zenodo.17183977,"Arctic vIVT ARs (from Wille et al., 2021)",Zenodo,Zenodo,https://zenodo.org/doi/10.5281/zenodo.17183977,https://commons.datacite.org/doi.org/10.5281/zenodo.17183977,cern.zenodo,2025,False,0,,contributor_name,dataset_repo
10.5281/zenodo.17367187,"Dataset of the article ""Early or late: Associations between adult emergence timing and fitness-related traits in the grapevine moth Lobesia botrana""",Zenodo,Zenodo,https://zenodo.org/doi/10.5281/zenodo.17367187,https://commons.datacite.org/doi.org/10.5281/zenodo.17367187,cern.zenodo,2025,False,0,,creator_name,dataset_repo
10.5281/zenodo.17367188,"Dataset of the article ""Early or late: Associations between adult emergence timing and fitness-related traits in the grapevine moth Lobesia botrana""",Zenodo,Zenodo,https://zenodo.org/doi/10.5281/zenodo.17367188,https://commons.datacite.org/doi.org/10.5281/zenodo.17367188,cern.zenodo,2025,False,0,,creator_name,dataset_repo
10.5281/zenodo.17520025,Functional traits Greek endemic plant taxa- Cheminal et al.,Zenodo,Zenodo,https://zenodo.org/doi/10.5281/zenodo.17520025,https://commons.datacite.org/doi.org/10.5281/zenodo.17520025,cern.zenodo,2025,False,0,,,dataset_repo
10.5281/zenodo.17520026,Functional traits Greek endemic plant taxa- Cheminal et al.,Zenodo,Zenodo,https://zenodo.org/doi/10.5281/zenodo.17520026,https://commons.datacite.org/doi.org/10.5281/zenodo.17520026,cern.zenodo,2025,False,0,,,dataset_repo
10.5281/zenodo.17569521,"DARK (formerly Buffet v1.0) AR detection catalog (CESM2-LE, 1990-2009 and 2080-2099)",Zenodo,Zenodo,https://zenodo.org/doi/10.5281/zenodo.17569521,https://commons.datacite.org/doi.org/10.5281/zenodo.17569521,cern.zenodo,2025,False,0,,contributor_name,dataset_repo
10.5281/zenodo.17569522,"DARK (formerly Buffet v1.0) AR detection catalog (CESM2-LE, 1990-2009 and 2080-2099)",Zenodo,Zenodo,https://zenodo.org/doi/10.5281/zenodo.17569522,https://commons.datacite.org/doi.org/10.5281/zenodo.17569522,cern.zenodo,2025,False,0,,contributor_name,dataset_repo
10.5281/zenodo.17607746,Functional traits Greek endemic plant taxa- Cheminal et al.,Zenodo,Zenodo,https://zenodo.org/doi/10.5281/zenodo.17607746,https://commons.datacite.org/doi.org/10.5281/zenodo.17607746,cern.zenodo,2025,False,0,,,dataset_repo
10.5281/zenodo.17707927,Functional traits Greek endemic plant taxa- Cheminal et al.,Zenodo,Zenodo,https://zenodo.org/doi/10.5281/zenodo.17707927,https://commons.datacite.org/doi.org/10.5281/zenodo.17707927,cern.zenodo,2025,False,0,,,dataset_repo
10.5281/zenodo.17708587,Co-culture together and separated of 3 yeast species,Zenodo,Zenodo,https://zenodo.org/doi/10.5281/zenodo.17708587,https://commons.datacite.org/doi.org/10.5281/zenodo.17708587,cern.zenodo,2025,False,0,,creator_name|contributor_name,dataset_repo
10.5281/zenodo.17708588,Co-culture together and separated of 3 yeast species,Zenodo,Zenodo,https://zenodo.org/doi/10.5281/zenodo.17708588,https://commons.datacite.org/doi.org/10.5281/zenodo.17708588,cern.zenodo,2025,False,0,,creator_name|contributor_name,dataset_repo
10.5281/zenodo.17741670,GenBank Accession Numbers of Gut microbiome plasticity and host resistance in response to ocean warming in sub-Antarctic sea urchins,Zenodo,Zenodo,https://zenodo.org/doi/10.5281/zenodo.17741670,https://commons.datacite.org/doi.org/10.5281/zenodo.17741670,cern.zenodo,2025,False,0,,,dataset_repo
10.5281/zenodo.17741671,GenBank Accession Numbers of Gut microbiome plasticity and host resistance in response to ocean warming in sub-Antarctic sea urchins,Zenodo,Zenodo,https://zenodo.org/doi/10.5281/zenodo.17741671,https://commons.datacite.org/doi.org/10.5281/zenodo.17741671,cern.zenodo,2025,False,0,,,dataset_repo
10.5281/zenodo.17787466,"DARK (formerly Buffet v1.0) AR detection catalog (CESM2-LE, 1990-2009 and 2080-2099)",Zenodo,Zenodo,https://zenodo.org/doi/10.5281/zenodo.17787466,https://commons.datacite.org/doi.org/10.5281/zenodo.17787466,cern.zenodo,2025,False,0,,contributor_name,dataset_repo
10.5281/zenodo.17791183,Thermodynamic database for silicate species in aqueous sodium salt solution at 298°K and 1 atm,Zenodo,Zenodo,https://zenodo.org/doi/10.5281/zenodo.17791183,https://commons.datacite.org/doi.org/10.5281/zenodo.17791183,cern.zenodo,2025,False,0,,creator_name,dataset_repo
10.5281/zenodo.17791184,Thermodynamic database for silicate species in aqueous sodium salt solution at 298°K and 1 atm,Zenodo,Zenodo,https://zenodo.org/doi/10.5281/zenodo.17791184,https://commons.datacite.org/doi.org/10.5281/zenodo.17791184,cern.zenodo,2025,False,0,,creator_name,dataset_repo
10.5281/zenodo.17962930,"DARK AR Detection Catalog (ERA5, 1979–2023)",Zenodo,Zenodo,https://zenodo.org/doi/10.5281/zenodo.17962930,https://commons.datacite.org/doi.org/10.5281/zenodo.17962930,cern.zenodo,2025,False,0,,creator_name,dataset_repo
10.5281/zenodo.17962931,"DARK AR Detection Catalog (ERA5, 1979–2023)",Zenodo,Zenodo,https://zenodo.org/doi/10.5281/zenodo.17962931,https://commons.datacite.org/doi.org/10.5281/zenodo.17962931,cern.zenodo,2025,False,0,,creator_name,dataset_repo
10.5281/zenodo.17963006,"DARK ARs + AR-Children Catalog (ERA5, 1979–2023)",Zenodo,Zenodo,https://zenodo.org/doi/10.5281/zenodo.17963006,https://commons.datacite.org/doi.org/10.5281/zenodo.17963006,cern.zenodo,2025,False,0,,creator_name,dataset_repo
10.5281/zenodo.17963007,"DARK ARs + AR-Children Catalog (ERA5, 1979–2023)",Zenodo,Zenodo,https://zenodo.org/doi/10.5281/zenodo.17963007,https://commons.datacite.org/doi.org/10.5281/zenodo.17963007,cern.zenodo,2025,False,0,,creator_name,dataset_repo
10.5281/zenodo.17963488,GEM experiment: script and datasets,Zenodo,Zenodo,https://zenodo.org/doi/10.5281/zenodo.17963488,https://commons.datacite.org/doi.org/10.5281/zenodo.17963488,cern.zenodo,2026,False,0,,creator_name,dataset_repo
10.5281/zenodo.18329806,A multi-method Antarctic atmospheric blocking dataset based on ERA5 (1979–2024),Zenodo,Zenodo,https://zenodo.org/doi/10.5281/zenodo.18329806,https://commons.datacite.org/doi.org/10.5281/zenodo.18329806,cern.zenodo,2026,False,0,,,dataset_repo
10.5281/zenodo.18329807,A multi-method Antarctic atmospheric blocking dataset based on ERA5 (1979–2024),Zenodo,Zenodo,https://zenodo.org/doi/10.5281/zenodo.18329807,https://commons.datacite.org/doi.org/10.5281/zenodo.18329807,cern.zenodo,2026,False,0,,,dataset_repo
10.5281/zenodo.18763847,The capacity to suppress wheat crown rot disease occurs naturally in contrasted farm soils,Zenodo,Zenodo,https://zenodo.org/doi/10.5281/zenodo.18763847,https://commons.datacite.org/doi.org/10.5281/zenodo.18763847,cern.zenodo,2026,False,0,,contributor_name,dataset_repo
10.5281/zenodo.18763848,The capacity to suppress wheat crown rot disease occurs naturally in contrasted farm soils,Zenodo,Zenodo,https://zenodo.org/doi/10.5281/zenodo.18763848,https://commons.datacite.org/doi.org/10.5281/zenodo.18763848,cern.zenodo,2026,False,0,,contributor_name,dataset_repo
10.5281/zenodo.18860785,"Dataset and analysis scripts on larval growth, reproduction, and senescence in Tenebrio molitor",Zenodo,Zenodo,https://zenodo.org/doi/10.5281/zenodo.18860785,https://commons.datacite.org/doi.org/10.5281/zenodo.18860785,cern.zenodo,2026,False,0,,,dataset_repo
10.5281/zenodo.18860786,"Dataset on larval growth, reproduction, and senescence in Tenebrio molitor",Zenodo,Zenodo,https://zenodo.org/doi/10.5281/zenodo.18860786,https://commons.datacite.org/doi.org/10.5281/zenodo.18860786,cern.zenodo,2026,False,0,,,dataset_repo
10.5281/zenodo.18984557,Anonymised expert scores for strength of relationships between pollinators and the SDGs.,Zenodo,Zenodo,https://zenodo.org/doi/10.5281/zenodo.18984557,https://commons.datacite.org/doi.org/10.5281/zenodo.18984557,cern.zenodo,2026,False,0,,,dataset_repo
10.5281/zenodo.18984558,Anonymised expert scores for strength of relationships between pollinators and the SDGs.,Zenodo,Zenodo,https://zenodo.org/doi/10.5281/zenodo.18984558,https://commons.datacite.org/doi.org/10.5281/zenodo.18984558,cern.zenodo,2026,False,0,,,dataset_repo
10.5281/zenodo.19557567,"French Historical GIS, 1700-2020. Administrative units, Populations, Transports",Zenodo,Zenodo,https://zenodo.org/doi/10.5281/zenodo.19557567,https://commons.datacite.org/doi.org/10.5281/zenodo.19557567,cern.zenodo,2026,False,0,,creator_name,dataset_repo
10.5281/zenodo.19572031,"French Historical GIS, 1700-2020. Administrative units, Populations, Transports",Zenodo,Zenodo,https://zenodo.org/doi/10.5281/zenodo.19572031,https://commons.datacite.org/doi.org/10.5281/zenodo.19572031,cern.zenodo,2026,False,0,,creator_name,dataset_repo
10.5281/zenodo.19655630,Analytical Pipeline for Quantitative Content Analysis of AI Governance Discourse in Management Accounting (2020–2025),Zenodo,Zenodo,https://zenodo.org/doi/10.5281/zenodo.19655630,https://commons.datacite.org/doi.org/10.5281/zenodo.19655630,cern.zenodo,2026,False,0,,creator_name,dataset_repo
10.5281/zenodo.19655631,Analytical Pipeline for Quantitative Content Analysis of AI Governance Discourse in Management Accounting (2020–2025),Zenodo,Zenodo,https://zenodo.org/doi/10.5281/zenodo.19655631,https://commons.datacite.org/doi.org/10.5281/zenodo.19655631,cern.zenodo,2026,False,0,,creator_name,dataset_repo
10.5281/zenodo.19665938,Analytical Pipeline for Quantitative Content Analysis of AI Governance Discourse in Management Accounting (2020–2025),Zenodo,Zenodo,https://zenodo.org/doi/10.5281/zenodo.19665938,https://commons.datacite.org/doi.org/10.5281/zenodo.19665938,cern.zenodo,2026,False,0,,creator_name,dataset_repo
10.5281/zenodo.19665939,Analytical Pipeline for Quantitative Content Analysis of AI Governance Discourse in Management Accounting (2020–2025),Zenodo,Zenodo,https://zenodo.org/doi/10.5281/zenodo.19665939,https://commons.datacite.org/doi.org/10.5281/zenodo.19665939,cern.zenodo,2026,False,0,,creator_name,dataset_repo
10.5281/zenodo.19680780,"French Historical GIS, 1700-2020. Administrative units, Populations, Transports",Zenodo,Zenodo,https://zenodo.org/doi/10.5281/zenodo.19680780,https://commons.datacite.org/doi.org/10.5281/zenodo.19680780,cern.zenodo,2026,False,0,,creator_name,dataset_repo
10.5281/zenodo.19681265,Michelin Roads 1910-1930,Zenodo,Zenodo,https://zenodo.org/doi/10.5281/zenodo.19681265,https://commons.datacite.org/doi.org/10.5281/zenodo.19681265,cern.zenodo,2026,False,0,,creator_name,dataset_repo
10.5281/zenodo.19681266,Michelin Roads 1910-1930,Zenodo,Zenodo,https://zenodo.org/doi/10.5281/zenodo.19681266,https://commons.datacite.org/doi.org/10.5281/zenodo.19681266,cern.zenodo,2026,False,0,,creator_name,dataset_repo
10.5281/zenodo.19697170,"French Historical GIS, 1700-2020. Administrative units, Populations, Transports",Zenodo,Zenodo,https://zenodo.org/doi/10.5281/zenodo.19697170,https://commons.datacite.org/doi.org/10.5281/zenodo.19697170,cern.zenodo,2026,False,0,,creator_name,dataset_repo
10.5281/zenodo.20108585,Hard-DSEC-DET,Zenodo,Zenodo,https://zenodo.org/doi/10.5281/zenodo.20108585,https://commons.datacite.org/doi.org/10.5281/zenodo.20108585,cern.zenodo,2025,False,0,,creator_name,dataset_repo
10.5281/zenodo.20108586,Hard-DSEC-DET,Zenodo,Zenodo,https://zenodo.org/doi/10.5281/zenodo.20108586,https://commons.datacite.org/doi.org/10.5281/zenodo.20108586,cern.zenodo,2025,False,0,,creator_name,dataset_repo
10.5281/zenodo.20411425,Deciphering the infrared spectrum of the hydrated proton using full-dimensional quantum dynamics,Zenodo,Zenodo,https://zenodo.org/doi/10.5281/zenodo.20411425,https://commons.datacite.org/doi.org/10.5281/zenodo.20411425,cern.zenodo,2026,False,0,,creator_name,dataset_repo
10.5281/zenodo.20411426,Deciphering the infrared spectrum of the hydrated proton using full-dimensional quantum dynamics,Zenodo,Zenodo,https://zenodo.org/doi/10.5281/zenodo.20411426,https://commons.datacite.org/doi.org/10.5281/zenodo.20411426,cern.zenodo,2026,False,0,,creator_name,dataset_repo
10.5281/zenodo.20426624,In Silico Design of Dimerization Interfaces in Drosophila melanogaster Glutathione Transferase,Zenodo,Zenodo,https://zenodo.org/doi/10.5281/zenodo.20426624,https://commons.datacite.org/doi.org/10.5281/zenodo.20426624,cern.zenodo,2026,False,0,,,dataset_repo
10.5281/zenodo.20426625,In Silico Design of Dimerization Interfaces in Drosophila melanogaster Glutathione Transferase,Zenodo,Zenodo,https://zenodo.org/doi/10.5281/zenodo.20426625,https://commons.datacite.org/doi.org/10.5281/zenodo.20426625,cern.zenodo,2026,False,0,,,dataset_repo
10.5281/zenodo.20428253,In Silico Design of Dimerization Interfaces in Drosophila melanogaster Glutathione Transferase,Zenodo,Zenodo,https://zenodo.org/doi/10.5281/zenodo.20428253,https://commons.datacite.org/doi.org/10.5281/zenodo.20428253,cern.zenodo,2026,False,0,,,dataset_repo
10.5281/zenodo.20430842,Integrated HG002 structural variant callsets for MLkhor false-positive pruning,Zenodo,Zenodo,https://zenodo.org/doi/10.5281/zenodo.20430842,https://commons.datacite.org/doi.org/10.5281/zenodo.20430842,cern.zenodo,2026,False,0,,,dataset_repo
10.5281/zenodo.20430843,Integrated HG002 structural variant callsets for MLkhor false-positive pruning,Zenodo,Zenodo,https://zenodo.org/doi/10.5281/zenodo.20430843,https://commons.datacite.org/doi.org/10.5281/zenodo.20430843,cern.zenodo,2026,False,0,,,dataset_repo
10.5281/zenodo.20542580,Michelin Roads 1910-1930,Zenodo,Zenodo,https://zenodo.org/doi/10.5281/zenodo.20542580,https://commons.datacite.org/doi.org/10.5281/zenodo.20542580,cern.zenodo,2026,False,0,,creator_name,dataset_repo
10.5281/zenodo.20590575,"Dataset for the paper ""Numerical and experimental validation of an autonomous navigation and mapping framework for mobile robotics""",Zenodo,Zenodo,https://zenodo.org/doi/10.5281/zenodo.20590575,https://commons.datacite.org/doi.org/10.5281/zenodo.20590575,cern.zenodo,2026,False,0,,,dataset_repo
10.5281/zenodo.20590576,"Dataset for the paper ""Numerical and experimental validation of an autonomous navigation and mapping framework for mobile robotics""",Zenodo,Zenodo,https://zenodo.org/doi/10.5281/zenodo.20590576,https://commons.datacite.org/doi.org/10.5281/zenodo.20590576,cern.zenodo,2026,False,0,,,dataset_repo
10.5281/zenodo.20666989,Dataset: Nitrogen Enrichment of Timetal 834 via Laser Surface Treatment for Improved High-Temperature Oxidation Resistance: A Proof of Concept,Zenodo,Zenodo,https://zenodo.org/doi/10.5281/zenodo.20666989,https://commons.datacite.org/doi.org/10.5281/zenodo.20666989,cern.zenodo,2026,False,0,,creator_name,dataset_repo
10.5281/zenodo.20666990,Dataset: Nitrogen Enrichment of Timetal 834 via Laser Surface Treatment for Improved High-Temperature Oxidation Resistance: A Proof of Concept,Zenodo,Zenodo,https://zenodo.org/doi/10.5281/zenodo.20666990,https://commons.datacite.org/doi.org/10.5281/zenodo.20666990,cern.zenodo,2026,False,0,,creator_name,dataset_repo
10.5281/zenodo.20698416,"Dataset and analysis scripts on larval growth, reproduction, and senescence in Tenebrio molitor",Zenodo,Zenodo,https://zenodo.org/doi/10.5281/zenodo.20698416,https://commons.datacite.org/doi.org/10.5281/zenodo.20698416,cern.zenodo,2026,False,0,,,dataset_repo
10.5281/zenodo.20715112,"Dataset and analysis scripts on larval growth, reproduction, and senescence in Tenebrio molitor",Zenodo,Zenodo,https://zenodo.org/doi/10.5281/zenodo.20715112,https://commons.datacite.org/doi.org/10.5281/zenodo.20715112,cern.zenodo,2026,False,0,,,dataset_repo
10.5281/zenodo.21115102,A multi-method Antarctic atmospheric blocking dataset based on ERA5 (1979–2024),Zenodo,Zenodo,https://zenodo.org/doi/10.5281/zenodo.21115102,https://commons.datacite.org/doi.org/10.5281/zenodo.21115102,cern.zenodo,2026,False,0,,,dataset_repo
10.5281/zenodo.21219269,"TABLE 1 in Palaeoecology and palaeoenvironment of Discosauriscus Kuhn, 1933 with exceptional preservation of skin and intestine molds from the early Permian of Franchesse (Allier, France)",Zenodo,Zenodo,https://zenodo.org/doi/10.5281/zenodo.21219269,https://commons.datacite.org/doi.org/10.5281/zenodo.21219269,cern.zenodo,2025,False,0,,,dataset_repo
10.5281/zenodo.21219270,"TABLE 1 in Palaeoecology and palaeoenvironment of Discosauriscus Kuhn, 1933 with exceptional preservation of skin and intestine molds from the early Permian of Franchesse (Allier, France)",Zenodo,Zenodo,https://zenodo.org/doi/10.5281/zenodo.21219270,https://commons.datacite.org/doi.org/10.5281/zenodo.21219270,cern.zenodo,2025,False,0,,,dataset_repo
10.5281/zenodo.21219271,"TABLE 2 in Palaeoecology and palaeoenvironment of Discosauriscus Kuhn, 1933 with exceptional preservation of skin and intestine molds from the early Permian of Franchesse (Allier, France)",Zenodo,Zenodo,https://zenodo.org/doi/10.5281/zenodo.21219271,https://commons.datacite.org/doi.org/10.5281/zenodo.21219271,cern.zenodo,2025,False,0,,,dataset_repo
10.5281/zenodo.21219272,"TABLE 2 in Palaeoecology and palaeoenvironment of Discosauriscus Kuhn, 1933 with exceptional preservation of skin and intestine molds from the early Permian of Franchesse (Allier, France)",Zenodo,Zenodo,https://zenodo.org/doi/10.5281/zenodo.21219272,https://commons.datacite.org/doi.org/10.5281/zenodo.21219272,cern.zenodo,2025,False,0,,,dataset_repo
10.5281/zenodo.21225460,NeversNet5G: Vehicular 5G NR Dataset,Zenodo,Zenodo,https://zenodo.org/doi/10.5281/zenodo.21225460,https://commons.datacite.org/doi.org/10.5281/zenodo.21225460,cern.zenodo,2026,False,0,,creator_name,dataset_repo
10.5281/zenodo.21225461,NeversNet5G: Vehicular 5G NR Dataset,Zenodo,Zenodo,https://zenodo.org/doi/10.5281/zenodo.21225461,https://commons.datacite.org/doi.org/10.5281/zenodo.21225461,cern.zenodo,2026,False,0,,creator_name,dataset_repo
10.5281/zenodo.21282273,Four-chamber meshes from hypertrophic cardiomyopathy patients,Zenodo,Zenodo,https://zenodo.org/doi/10.5281/zenodo.21282273,https://commons.datacite.org/doi.org/10.5281/zenodo.21282273,cern.zenodo,2026,False,0,,creator_name,dataset_repo
10.5281/zenodo.21282274,Four-chamber meshes from hypertrophic cardiomyopathy patients,Zenodo,Zenodo,https://zenodo.org/doi/10.5281/zenodo.21282274,https://commons.datacite.org/doi.org/10.5281/zenodo.21282274,cern.zenodo,2026,False,0,,creator_name,dataset_repo
10.5281/zenodo.21708894,Data underlying: Beyond carcinogenesis — viral infection and survival in pancreatic ductal adenocarcinoma: a systematic review and meta-analysis,Zenodo,Zenodo,https://zenodo.org/doi/10.5281/zenodo.21708894,https://commons.datacite.org/doi.org/10.5281/zenodo.21708894,cern.zenodo,2026,False,0,,creator_name,dataset_repo
10.5281/zenodo.21708895,Data underlying: Beyond carcinogenesis — viral infection and survival in pancreatic ductal adenocarcinoma: a systematic review and meta-analysis,Zenodo,Zenodo,https://zenodo.org/doi/10.5281/zenodo.21708895,https://commons.datacite.org/doi.org/10.5281/zenodo.21708895,cern.zenodo,2026,False,0,,creator_name,dataset_repo
10.5281/zenodo.21720234,Electrophysiology simulations in hypertrophic cardiomyopathy patients,Zenodo,Zenodo,https://zenodo.org/doi/10.5281/zenodo.21720234,https://commons.datacite.org/doi.org/10.5281/zenodo.21720234,cern.zenodo,2026,False,0,,creator_name,dataset_repo
10.5281/zenodo.21720235,Electrophysiology simulations in hypertrophic cardiomyopathy patients,Zenodo,Zenodo,https://zenodo.org/doi/10.5281/zenodo.21720235,https://commons.datacite.org/doi.org/10.5281/zenodo.21720235,cern.zenodo,2026,False,0,,creator_name,dataset_repo
10.5281/zenodo.21720633,Passive inflation simulations in hypertrophic cardiomyopathy patients,Zenodo,Zenodo,https://zenodo.org/doi/10.5281/zenodo.21720633,https://commons.datacite.org/doi.org/10.5281/zenodo.21720633,cern.zenodo,2026,False,0,,creator_name,dataset_repo
10.5281/zenodo.21720634,Passive inflation simulations in hypertrophic cardiomyopathy patients,Zenodo,Zenodo,https://zenodo.org/doi/10.5281/zenodo.21720634,https://commons.datacite.org/doi.org/10.5281/zenodo.21720634,cern.zenodo,2026,False,0,,creator_name,dataset_repo
10.5281/zenodo.21809470,Reference (unloaded) configuration simulations in hypertrophic cardiomyopathy patients,Zenodo,Zenodo,https://zenodo.org/doi/10.5281/zenodo.21809470,https://commons.datacite.org/doi.org/10.5281/zenodo.21809470,cern.zenodo,2026,False,0,,creator_name,dataset_repo
10.5281/zenodo.21809471,Reference (unloaded) configuration simulations in hypertrophic cardiomyopathy patients,Zenodo,Zenodo,https://zenodo.org/doi/10.5281/zenodo.21809471,https://commons.datacite.org/doi.org/10.5281/zenodo.21809471,cern.zenodo,2026,False,0,,creator_name,dataset_repo
10.5281/zenodo.21822517,Closed-loop cardiac cycle simulations in hypertrophic cardiomyopathy patients,Zenodo,Zenodo,https://zenodo.org/doi/10.5281/zenodo.21822517,https://commons.datacite.org/doi.org/10.5281/zenodo.21822517,cern.zenodo,2026,False,0,,creator_name,dataset_repo
10.5281/zenodo.21822518,Closed-loop cardiac cycle simulations in hypertrophic cardiomyopathy patients,Zenodo,Zenodo,https://zenodo.org/doi/10.5281/zenodo.21822518,https://commons.datacite.org/doi.org/10.5281/zenodo.21822518,cern.zenodo,2026,False,0,,creator_name,dataset_repo
10.5281/zenodo.21824000,Interlaboratory comparison for the determination of the protonation constants of (edta)4– and the stability constants of Zn2+/(edta)4–  by glass-electrode potentiometry,Zenodo,Zenodo,https://zenodo.org/doi/10.5281/zenodo.21824000,https://commons.datacite.org/doi.org/10.5281/zenodo.21824000,cern.zenodo,2026,False,0,,creator_name,dataset_repo
10.5281/zenodo.21824001,Interlaboratory comparison for the determination of the protonation constants of (edta)4– and the stability constants of Zn2+/(edta)4–  by glass-electrode potentiometry,Zenodo,Zenodo,https://zenodo.org/doi/10.5281/zenodo.21824001,https://commons.datacite.org/doi.org/10.5281/zenodo.21824001,cern.zenodo,2026,False,0,,creator_name,dataset_repo
10.5281/zenodo.21853026,OligoDistiller V2: An Integrated LC–MS Ecosystem for Deep Impurity Profiling of Oligonucleotide Therapeutics,Zenodo,Zenodo,https://zenodo.org/doi/10.5281/zenodo.21853026,https://commons.datacite.org/doi.org/10.5281/zenodo.21853026,cern.zenodo,2026,False,0,,,dataset_repo
10.5281/zenodo.21853027,OligoDistiller V2: An Integrated LC–MS Ecosystem for Deep Impurity Profiling of Oligonucleotide Therapeutics,Zenodo,Zenodo,https://zenodo.org/doi/10.5281/zenodo.21853027,https://commons.datacite.org/doi.org/10.5281/zenodo.21853027,cern.zenodo,2026,False,0,,,dataset_repo
10.5281/zenodo.21925329,GenBank Accession Numbers of Shallow evolutionary divergence in the Antarctic notothenioid genus Harpagifer across the Southern Ocean,Zenodo,Zenodo,https://zenodo.org/doi/10.5281/zenodo.21925329,https://commons.datacite.org/doi.org/10.5281/zenodo.21925329,cern.zenodo,2026,False,0,,,dataset_repo
10.5281/zenodo.21925330,GenBank Accession Numbers of Shallow evolutionary divergence in the Antarctic notothenioid genus Harpagifer across the Southern Ocean,Zenodo,Zenodo,https://zenodo.org/doi/10.5281/zenodo.21925330,https://commons.datacite.org/doi.org/10.5281/zenodo.21925330,cern.zenodo,2026,False,0,,,dataset_repo
10.5281/zenodo.21944358,OligoDistiller V2: An Integrated LC–MS Ecosystem for Deep Impurity Profiling of Oligonucleotide Therapeutics,Zenodo,Zenodo,https://zenodo.org/doi/10.5281/zenodo.21944358,https://commons.datacite.org/doi.org/10.5281/zenodo.21944358,cern.zenodo,2026,False,0,,,dataset_repo
10.5281/zenodo.21958676,OligoDistiller V2: An Integrated LC–MS Ecosystem for Deep Impurity Profiling of Oligonucleotide Therapeutics,Zenodo,Zenodo,https://zenodo.org/doi/10.5281/zenodo.21958676,https://commons.datacite.org/doi.org/10.5281/zenodo.21958676,cern.zenodo,2026,False,0,,,dataset_repo
10.5281/zenodo.21958692,OligoDistiller V2: An Integrated LC–MS Ecosystem for Deep Impurity Profiling of Oligonucleotide Therapeutics,Zenodo,Zenodo,https://zenodo.org/doi/10.5281/zenodo.21958692,https://commons.datacite.org/doi.org/10.5281/zenodo.21958692,cern.zenodo,2026,False,0,,,dataset_repo
10.5281/zenodo.22080968,Data underlying: Beyond carcinogenesis — viral infection and survival in pancreatic ductal adenocarcinoma: a systematic review and meta-analysis,Zenodo,Zenodo,https://zenodo.org/doi/10.5281/zenodo.22080968,https://commons.datacite.org/doi.org/10.5281/zenodo.22080968,cern.zenodo,2026,False,0,,creator_name,dataset_repo
10.5281/zenodo.22082452,Michelin Roads 1910-1930,Zenodo,Zenodo,https://zenodo.org/doi/10.5281/zenodo.22082452,https://commons.datacite.org/doi.org/10.5281/zenodo.22082452,cern.zenodo,2026,False,0,,creator_name,dataset_repo
10.5281/zenodo.22202057,Michelin Roads 1910-1930,Zenodo,Zenodo,https://zenodo.org/doi/10.5281/zenodo.22202057,https://commons.datacite.org/doi.org/10.5281/zenodo.22202057,cern.zenodo,2026,False,0,,creator_name,dataset_repo
10.5281/zenodo.22735795,Répertoire consolidé des stratégies identitaires,Zenodo,Zenodo,https://zenodo.org/doi/10.5281/zenodo.22735795,https://commons.datacite.org/doi.org/10.5281/zenodo.22735795,cern.zenodo,2026,False,0,,creator_name,dataset_repo
10.5281/zenodo.22735796,Répertoire consolidé des stratégies identitaires,Zenodo,Zenodo,https://zenodo.org/doi/10.5281/zenodo.22735796,https://commons.datacite.org/doi.org/10.5281/zenodo.22735796,cern.zenodo,2026,False,0,,creator_name,dataset_repo
10.5281/zenodo.3727273,"French Historical GIS, 1700-2020. Administrative units, Populations, Transports",Zenodo,Zenodo,https://zenodo.org/doi/10.5281/zenodo.3727273,https://commons.datacite.org/doi.org/10.5281/zenodo.3727273,cern.zenodo,2026,False,0,,creator_name,dataset_repo
10.5281/zenodo.3727274,"French Historical GIS, 1700-2020. Administrative units, Populations, Transports, Economy",Zenodo,Zenodo,https://zenodo.org/doi/10.5281/zenodo.3727274,https://commons.datacite.org/doi.org/10.5281/zenodo.3727274,cern.zenodo,2023,False,0,,creator_name,dataset_repo
10.5281/zenodo.3784636,Data from: Spatio-temporal trends in richness and persistence of bacterial communities in decline-phase water vole populations,Zenodo,Zenodo,https://zenodo.org/record/3784636,https://commons.datacite.org/doi.org/10.5281/zenodo.3784636,cern.zenodo,2020,False,0,,,dataset_repo
10.5281/zenodo.3784637,Data from: Spatio-temporal trends in richness and persistence of bacterial communities in decline-phase water vole populations,Zenodo,Zenodo,https://zenodo.org/record/3784637,https://commons.datacite.org/doi.org/10.5281/zenodo.3784637,cern.zenodo,2020,False,0,,,dataset_repo
10.5281/zenodo.4015137,"Dataset supporting the findings of Alleon et al. ""Inherited geochemical diversity of 3.4 Ga organic films from the Buck Reef Chert, South Africa.."" published in Communications Earth &amp; Environment",Zenodo,Zenodo,https://zenodo.org/record/4015137,https://commons.datacite.org/doi.org/10.5281/zenodo.4015137,cern.zenodo,2020,False,0,,,dataset_repo
10.5281/zenodo.4015138,"Dataset supporting the findings of Alleon et al. ""Inherited geochemical diversity of 3.4 Ga organic films from the Buck Reef Chert, South Africa.."" published in Communications Earth &amp; Environment",Zenodo,Zenodo,https://zenodo.org/record/4015138,https://commons.datacite.org/doi.org/10.5281/zenodo.4015138,cern.zenodo,2020,False,0,,,dataset_repo
10.5281/zenodo.4058217,Consistent variations in personality traits and their potential for genetic improvement in the biocontrol agent Trichogramma evanescens - Data table and code for data analysis,Zenodo,Zenodo,https://zenodo.org/record/4058217,https://commons.datacite.org/doi.org/10.5281/zenodo.4058217,cern.zenodo,2020,False,0,,,dataset_repo
10.5281/zenodo.4058218,Consistent variations in personality traits and their potential for genetic improvement in the biocontrol agent Trichogramma evanescens - Data table and code for data analysis,Zenodo,Zenodo,https://zenodo.org/record/4058218,https://commons.datacite.org/doi.org/10.5281/zenodo.4058218,cern.zenodo,2020,False,0,,,dataset_repo
10.5281/zenodo.4066339,Data from: Review of Early Triassic Thylacocephala,Zenodo,Zenodo,https://zenodo.org/record/4066339,https://commons.datacite.org/doi.org/10.5281/zenodo.4066339,cern.zenodo,2020,False,0,,creator_name,dataset_repo
10.5281/zenodo.4066340,Data from: Review of Early Triassic Thylacocephala,Zenodo,Zenodo,https://zenodo.org/record/4066340,https://commons.datacite.org/doi.org/10.5281/zenodo.4066340,cern.zenodo,2020,False,0,,creator_name,dataset_repo
10.5281/zenodo.4606731,"Dataset of Nevers et al. in E-surf Discussions: ""Landslides as geological hotspots of CO2 to the atmosphere: clues from the instrumented Séchilienne landslide, Western European Alps""",Zenodo,Zenodo,https://zenodo.org/doi/10.5281/zenodo.4606731,https://commons.datacite.org/doi.org/10.5281/zenodo.4606731,cern.zenodo,2021,False,0,,,dataset_repo
10.5281/zenodo.4606732,"Dataset of Nevers et al. in E-surf Discussions: ""Landslides as geological hotspots of CO2 to the atmosphere: clues from the instrumented Séchilienne landslide, Western European Alps""",Zenodo,Zenodo,https://zenodo.org/doi/10.5281/zenodo.4606732,https://commons.datacite.org/doi.org/10.5281/zenodo.4606732,cern.zenodo,2021,False,0,,,dataset_repo
10.5281/zenodo.4771464,"Data for the paper ""Integrative analysis of the mineralogical and chemical composition of modern microbialites from ten Mexican lakes: what do we learn about their formation?"" published in GCA",Zenodo,Zenodo,https://zenodo.org/record/4771464,https://commons.datacite.org/doi.org/10.5281/zenodo.4771464,cern.zenodo,2021,False,0,,,dataset_repo
10.5281/zenodo.4771465,"Data for the paper ""Integrative analysis of the mineralogical and chemical composition of modern microbialites from ten Mexican lakes: what do we learn about their formation?"" published in GCA",Zenodo,Zenodo,https://zenodo.org/record/4771465,https://commons.datacite.org/doi.org/10.5281/zenodo.4771465,cern.zenodo,2021,False,0,,,dataset_repo
10.5281/zenodo.5169014,Morphometric variations in cephalothorax shape of Whip Spiders,Zenodo,Zenodo,https://zenodo.org/record/5169014,https://commons.datacite.org/doi.org/10.5281/zenodo.5169014,cern.zenodo,2021,False,0,,,dataset_repo
10.5281/zenodo.5169015,Morphometric variations in cephalothorax shape of Whip Spiders,Zenodo,Zenodo,https://zenodo.org/record/5169015,https://commons.datacite.org/doi.org/10.5281/zenodo.5169015,cern.zenodo,2021,False,0,,,dataset_repo
10.5281/zenodo.5764589,data sets: thematic and script food associate knowledge in preschoolers,Zenodo,Zenodo,https://zenodo.org/record/5764589,https://commons.datacite.org/doi.org/10.5281/zenodo.5764589,cern.zenodo,2021,False,0,,creator_name,dataset_repo
10.5281/zenodo.5764590,data sets: thematic and script food associate knowledge in preschoolers,Zenodo,Zenodo,https://zenodo.org/record/5764590,https://commons.datacite.org/doi.org/10.5281/zenodo.5764590,cern.zenodo,2021,False,0,,creator_name,dataset_repo
10.5281/zenodo.61163,DCE-MRI prostate images,Zenodo,Zenodo,https://zenodo.org/doi/10.5281/zenodo.61163,https://commons.datacite.org/doi.org/10.5281/zenodo.61163,cern.zenodo,2016,False,0,,creator_name,dataset_repo
10.5281/zenodo.61452,Imbalanced Dataset For Benchmarking,Zenodo,Zenodo,https://zenodo.org/record/61452,https://commons.datacite.org/doi.org/10.5281/zenodo.61452,cern.zenodo,2016,False,0,,,dataset_repo
10.5281/zenodo.6420846,Data Clain et al. - Supporting the uncertainty of job seekers,Zenodo,Zenodo,https://zenodo.org/record/6420846,https://commons.datacite.org/doi.org/10.5281/zenodo.6420846,cern.zenodo,2022,False,0,,creator_name,dataset_repo
10.5281/zenodo.6420847,Data Clain et al. - Supporting the uncertainty of job seekers,Zenodo,Zenodo,https://zenodo.org/record/6420847,https://commons.datacite.org/doi.org/10.5281/zenodo.6420847,cern.zenodo,2022,False,0,,creator_name,dataset_repo
10.5281/zenodo.6535147,"Plant–insect interactions from the mid-Cretaceous at Puy-Puy (Aquitaine Basin, western France) indicates preferential herbivory for angiosperms amid a forest of ferns, gymnosperms, and angiosperms",Zenodo,Zenodo,https://zenodo.org/record/6535147,https://commons.datacite.org/doi.org/10.5281/zenodo.6535147,cern.zenodo,2022,False,0,,,dataset_repo
10.5281/zenodo.6535148,"Plant–insect interactions from the mid-Cretaceous at Puy-Puy (Aquitaine Basin, western France) indicates preferential herbivory for angiosperms amid a forest of ferns, gymnosperms, and angiosperms",Zenodo,Zenodo,https://zenodo.org/record/6535148,https://commons.datacite.org/doi.org/10.5281/zenodo.6535148,cern.zenodo,2022,False,0,,,dataset_repo
10.5281/zenodo.7496836,Deleterious effects of thermal and water stresses on life history and physiology: a case study on woodlouse,Zenodo,Zenodo,https://zenodo.org/record/7496836,https://commons.datacite.org/doi.org/10.5281/zenodo.7496836,cern.zenodo,2023,False,0,,,dataset_repo
10.5281/zenodo.7496837,Deleterious effects of thermal and water stresses on life history and physiology: a case study on woodlouse,Zenodo,Zenodo,https://zenodo.org/record/7496837,https://commons.datacite.org/doi.org/10.5281/zenodo.7496837,cern.zenodo,2023,False,0,,,dataset_repo
10.5281/zenodo.7584854,SFF-RTI simulated imagery - Statue du parc d'Austerlitz,Zenodo,Zenodo,https://zenodo.org/record/7584854,https://commons.datacite.org/doi.org/10.5281/zenodo.7584854,cern.zenodo,2023,False,0,,creator_name,dataset_repo
10.5281/zenodo.7584855,SFF-RTI simulated imagery - Statue du parc d'Austerlitz,Zenodo,Zenodo,https://zenodo.org/record/7584855,https://commons.datacite.org/doi.org/10.5281/zenodo.7584855,cern.zenodo,2023,False,0,,creator_name,dataset_repo
10.5281/zenodo.7585219,RTI simulated imagery - Coin-like object with and without surface markings,Zenodo,Zenodo,https://zenodo.org/record/7585219,https://commons.datacite.org/doi.org/10.5281/zenodo.7585219,cern.zenodo,2023,False,0,,creator_name,dataset_repo
10.5281/zenodo.7585220,RTI simulated imagery - Coin-like object with and without surface markings,Zenodo,Zenodo,https://zenodo.org/record/7585220,https://commons.datacite.org/doi.org/10.5281/zenodo.7585220,cern.zenodo,2023,False,0,,creator_name,dataset_repo
10.5281/zenodo.7585302,RTI simulated imagery - Parade Shield of King Erik XIV of Sweden,Zenodo,Zenodo,https://zenodo.org/record/7585302,https://commons.datacite.org/doi.org/10.5281/zenodo.7585302,cern.zenodo,2023,False,0,,creator_name,dataset_repo
10.5281/zenodo.7585303,RTI simulated imagery - Parade Shield of King Erik XIV of Sweden,Zenodo,Zenodo,https://zenodo.org/record/7585303,https://commons.datacite.org/doi.org/10.5281/zenodo.7585303,cern.zenodo,2023,False,0,,creator_name,dataset_repo
10.5281/zenodo.7716546,"Evolution of the breeding bird populations in the Drugeon basin, Franche-Comté, France, based on IPA (1998-2020)",Zenodo,Zenodo,https://zenodo.org/doi/10.5281/zenodo.7716546,https://commons.datacite.org/doi.org/10.5281/zenodo.7716546,cern.zenodo,2023,False,0,,contributor_name,dataset_repo
10.5281/zenodo.7716547,"Evolution of the breeding bird populations in the Drugeon basin, Franche-Comté, France, based on IPA (1998-2020)",Zenodo,Zenodo,https://zenodo.org/doi/10.5281/zenodo.7716547,https://commons.datacite.org/doi.org/10.5281/zenodo.7716547,cern.zenodo,2023,False,0,,contributor_name,dataset_repo
10.5281/zenodo.8079148,Respiratory protein-driven selectivity during the Permian–Triassic mass extinction,Zenodo,Zenodo,https://zenodo.org/record/8079148,https://commons.datacite.org/doi.org/10.5281/zenodo.8079148,cern.zenodo,2023,False,0,,,dataset_repo
10.5281/zenodo.8079149,Respiratory protein-driven selectivity during the Permian–Triassic mass extinction,Zenodo,Zenodo,https://zenodo.org/record/8079149,https://commons.datacite.org/doi.org/10.5281/zenodo.8079149,cern.zenodo,2023,False,0,,,dataset_repo
10.5281/zenodo.8180746,"Data and codes from ""How does dispersal shape the genetic structure of animal populations in European cities? A simulation approach""",Zenodo,Zenodo,https://zenodo.org/record/8180746,https://commons.datacite.org/doi.org/10.5281/zenodo.8180746,cern.zenodo,2023,False,0,,,dataset_repo
10.5281/zenodo.8180747,"Data and codes from ""How does dispersal shape the genetic structure of animal populations in European cities? A simulation approach""",Zenodo,Zenodo,https://zenodo.org/record/8180747,https://commons.datacite.org/doi.org/10.5281/zenodo.8180747,cern.zenodo,2023,False,0,,,dataset_repo
10.5281/zenodo.8364408,TimeTank: A Corpus of Sentences Annotated with TimeInfo for Temporal Data,Zenodo,Zenodo,https://zenodo.org/record/8364408,https://commons.datacite.org/doi.org/10.5281/zenodo.8364408,cern.zenodo,2023,False,0,,,dataset_repo
10.5281/zenodo.8364409,TimeTank: A Corpus of Sentences Annotated with TimeInfo for Temporal Data,Zenodo,Zenodo,https://zenodo.org/record/8364409,https://commons.datacite.org/doi.org/10.5281/zenodo.8364409,cern.zenodo,2023,False,0,,,dataset_repo
10.5285/d6b7c567-49f0-44c7-a94c-e82fa17ff98e,"Terrestrial palaeo-environmental proxy data of the Upper Pliensbachian, Mochras Borehole sediments, deposited in the Cardigan Bay Basin, Wales",NERC EDS National Geoscience Data Centre,NERC EDS National Geoscience Data Centre,https://www2.bgs.ac.uk/nationalgeosciencedatacentre/citedData/catalogue/d6b7c567-49f0-44c7-a94c-e82fa17ff98e.html,https://commons.datacite.org/doi.org/10.5285/d6b7c567-49f0-44c7-a94c-e82fa17ff98e,bl.nerc,2021,False,0,,contributor_name,other
10.5287/bodleian:dq9jjpxg5,Light-matter interaction in open cavities with dielectric stacks,University of Oxford,University of Oxford,https://ora.ox.ac.uk/objects/uuid:99bddac5-d0a8-4116-b2f8-03b416c228b0,https://commons.datacite.org/doi.org/10.5287/bodleian:dq9jjpxg5,bl.oxdb,2021,False,0,,creator_name,other
10.5291/ill-data.crg-2787,Neutron diffraction study of structural flexibility of pure silica chabazite: influence of temperature adnd D2 adsorption,Institut Laue-Langevin (ILL),Institut Laue-Langevin (ILL),https://doi.ill.fr/10.5291/ILL-DATA.CRG-2787,https://commons.datacite.org/doi.org/10.5291/ill-data.crg-2787,inist.ill,2021,False,0,,creator_name,other
10.5683/sp3/gldt0r,Balancing foraging opportunity and predation risk: Influence of dependent neonates on spatial co-occurrence of northern cervids and omnivorous predators,Borealis,Borealis,https://borealisdata.ca/citation?persistentId=doi:10.5683/SP3/GLDT0R,https://commons.datacite.org/doi.org/10.5683/sp3/gldt0r,ocul.spdv,2026,False,0,,creator_name,other
10.5683/sp3/n6vtno,Data for: Critical habitat thresholds for effective pollinator conservation in agricultural landscapes,Borealis,Borealis,https://borealisdata.ca/citation?persistentId=doi:10.5683/SP3/N6VTNO,https://commons.datacite.org/doi.org/10.5683/sp3/n6vtno,ocul.spdv,2025,False,0,,creator_name,other
10.57745/02gv5f,PRISMA EcoEvo quality evaluation-update.tab,Recherche Data Gouv,Recherche Data Gouv,https://entrepot.recherche.data.gouv.fr/file.xhtml?persistentId=doi:10.57745/02GV5F,https://commons.datacite.org/doi.org/10.57745/02gv5f,rdg.prod,2026,False,0,,,dataset_repo
10.57745/0g65l7,Task 3.4 - Deliverable 1 - Life cycle assessment of the LETSPROSEED pulse protein ingredients,Recherche Data Gouv,Recherche Data Gouv,https://entrepot.recherche.data.gouv.fr/citation?persistentId=doi:10.57745/0G65L7,https://commons.datacite.org/doi.org/10.57745/0g65l7,rdg.prod,2025,True,1,hal-05371151,,dataset_repo
10.57745/0hqxxj,Fig. 6 Networkplot.tab,Recherche Data Gouv,Recherche Data Gouv,https://entrepot.recherche.data.gouv.fr/file.xhtml?persistentId=doi:10.57745/0HQXXJ,https://commons.datacite.org/doi.org/10.57745/0hqxxj,rdg.prod,2024,False,0,,,dataset_repo
10.57745/0vqjde,rmqs1_16S_otu_reference_sequence.fasta.gz,Recherche Data Gouv,Recherche Data Gouv,https://entrepot.recherche.data.gouv.fr/file.xhtml?persistentId=doi:10.57745/0VQJDE,https://commons.datacite.org/doi.org/10.57745/0vqjde,rdg.prod,2023,False,0,,,dataset_repo
10.57745/1flats,Fig. 4 Keywords occurrence.tab,Recherche Data Gouv,Recherche Data Gouv,https://entrepot.recherche.data.gouv.fr/file.xhtml?persistentId=doi:10.57745/1FLATS,https://commons.datacite.org/doi.org/10.57745/1flats,rdg.prod,2024,False,0,,,dataset_repo
10.57745/1ycjh6,Data_periphyton_pharma.tab,Recherche Data Gouv,Recherche Data Gouv,https://entrepot.recherche.data.gouv.fr/file.xhtml?persistentId=doi:10.57745/1YCJH6,https://commons.datacite.org/doi.org/10.57745/1ycjh6,rdg.prod,2026,False,0,,,dataset_repo
10.57745/230dns,Meta-analysis Supplemenatry Fig 3a and 3b.R,Recherche Data Gouv,Recherche Data Gouv,https://entrepot.recherche.data.gouv.fr/file.xhtml?persistentId=doi:10.57745/230DNS,https://commons.datacite.org/doi.org/10.57745/230dns,rdg.prod,2024,False,0,,,dataset_repo
10.57745/2ekxii,Meta-analysis Fig.7 and Supplementary figure 1.R,Recherche Data Gouv,Recherche Data Gouv,https://entrepot.recherche.data.gouv.fr/file.xhtml?persistentId=doi:10.57745/2EKXII,https://commons.datacite.org/doi.org/10.57745/2ekxii,rdg.prod,2024,False,0,,,dataset_repo
10.57745/2r5fbe,Fig 2 Publication years.R,Recherche Data Gouv,Recherche Data Gouv,https://entrepot.recherche.data.gouv.fr/file.xhtml?persistentId=doi:10.57745/2R5FBE,https://commons.datacite.org/doi.org/10.57745/2r5fbe,rdg.prod,2026,False,0,,,dataset_repo
10.57745/2txvjj,LCI_Faba(C9863)_Process_diagram_and_inventory_data_Concentrate_v240727.xlsx,Recherche Data Gouv,Recherche Data Gouv,https://entrepot.recherche.data.gouv.fr/file.xhtml?persistentId=doi:10.57745/2TXVJJ,https://commons.datacite.org/doi.org/10.57745/2txvjj,rdg.prod,2025,False,0,,,dataset_repo
10.57745/2uqhnj,LCI_Processus_list_Isolates_v250625.tab,Recherche Data Gouv,Recherche Data Gouv,https://entrepot.recherche.data.gouv.fr/file.xhtml?persistentId=doi:10.57745/2UQHNJ,https://commons.datacite.org/doi.org/10.57745/2uqhnj,rdg.prod,2025,False,0,,,dataset_repo
10.57745/4gdv8e,readme Rigaud.txt,Recherche Data Gouv,Recherche Data Gouv,https://entrepot.recherche.data.gouv.fr/file.xhtml?persistentId=doi:10.57745/4GDV8E,https://commons.datacite.org/doi.org/10.57745/4gdv8e,rdg.prod,2023,False,0,,,dataset_repo
10.57745/4jaomy,rmqs1_16S_taxonomy_family.tab,Recherche Data Gouv,Recherche Data Gouv,https://entrepot.recherche.data.gouv.fr/file.xhtml?persistentId=doi:10.57745/4JAOMY,https://commons.datacite.org/doi.org/10.57745/4jaomy,rdg.prod,2023,False,0,,,dataset_repo
10.57745/4qdfej,README.txt,Recherche Data Gouv,Recherche Data Gouv,https://entrepot.recherche.data.gouv.fr/file.xhtml?persistentId=doi:10.57745/4QDFEJ,https://commons.datacite.org/doi.org/10.57745/4qdfej,rdg.prod,2026,False,0,,,dataset_repo
10.57745/4za4ko,Decay_OIV.tab,Recherche Data Gouv,Recherche Data Gouv,https://entrepot.recherche.data.gouv.fr/file.xhtml?persistentId=doi:10.57745/4ZA4KO,https://commons.datacite.org/doi.org/10.57745/4za4ko,rdg.prod,2022,False,0,,,dataset_repo
10.57745/55pq4w,Dataset for redundancy-new.xlsx,Recherche Data Gouv,Recherche Data Gouv,https://entrepot.recherche.data.gouv.fr/file.xhtml?persistentId=doi:10.57745/55PQ4W,https://commons.datacite.org/doi.org/10.57745/55pq4w,rdg.prod,2026,False,0,,,dataset_repo
10.57745/5gsrg4,rmqs1_16S_otu_taxonomy.tsv,Recherche Data Gouv,Recherche Data Gouv,https://entrepot.recherche.data.gouv.fr/file.xhtml?persistentId=doi:10.57745/5GSRG4,https://commons.datacite.org/doi.org/10.57745/5gsrg4,rdg.prod,2024,False,0,,,dataset_repo
10.57745/6e5eun,Experimental data set - Coalescence to tailor multidegrading microbial communities : microbial degradation of Sulfaméthazine and Isoproturon and community composition,Recherche Data Gouv,Recherche Data Gouv,https://entrepot.recherche.data.gouv.fr/citation?persistentId=doi:10.57745/6E5EUN,https://commons.datacite.org/doi.org/10.57745/6e5eun,rdg.prod,2026,False,0,,,dataset_repo
10.57745/6hqojh,03_taxonomic_composition.html,Recherche Data Gouv,Recherche Data Gouv,https://entrepot.recherche.data.gouv.fr/file.xhtml?persistentId=doi:10.57745/6HQOJH,https://commons.datacite.org/doi.org/10.57745/6hqojh,rdg.prod,2026,False,0,,,dataset_repo
10.57745/6ktyze,LCA_Faba(C9864)_Impacts_Contributions_Concentrate_v250724.tab,Recherche Data Gouv,Recherche Data Gouv,https://entrepot.recherche.data.gouv.fr/file.xhtml?persistentId=doi:10.57745/6KTYZE,https://commons.datacite.org/doi.org/10.57745/6ktyze,rdg.prod,2025,False,0,,,dataset_repo
10.57745/71ljkj,rmqs1_16S_taxonomy_genus.metadata.tab,Recherche Data Gouv,Recherche Data Gouv,https://entrepot.recherche.data.gouv.fr/file.xhtml?persistentId=doi:10.57745/71LJKJ,https://commons.datacite.org/doi.org/10.57745/71ljkj,rdg.prod,2023,False,0,,,dataset_repo
10.57745/72bp1v,Data_water.tab,Recherche Data Gouv,Recherche Data Gouv,https://entrepot.recherche.data.gouv.fr/file.xhtml?persistentId=doi:10.57745/72BP1V,https://commons.datacite.org/doi.org/10.57745/72bp1v,rdg.prod,2026,False,0,,,dataset_repo
10.57745/7et9y1,List of included-excluded articles-update.xls,Recherche Data Gouv,Recherche Data Gouv,https://entrepot.recherche.data.gouv.fr/file.xhtml?persistentId=doi:10.57745/7ET9Y1,https://commons.datacite.org/doi.org/10.57745/7et9y1,rdg.prod,2026,False,0,,,dataset_repo
10.57745/7v58r8,Acceptability of protein-fortified recipes in older adults in France: central location test,Recherche Data Gouv,Recherche Data Gouv,https://entrepot.recherche.data.gouv.fr/citation?persistentId=doi:10.57745/7V58R8,https://commons.datacite.org/doi.org/10.57745/7v58r8,rdg.prod,2026,False,0,,,dataset_repo
10.57745/88nmcv,LCA_Faba(C9896)_Impacts_Contributions_Concentrate_v250724.tab,Recherche Data Gouv,Recherche Data Gouv,https://entrepot.recherche.data.gouv.fr/file.xhtml?persistentId=doi:10.57745/88NMCV,https://commons.datacite.org/doi.org/10.57745/88nmcv,rdg.prod,2025,False,0,,,dataset_repo
10.57745/8ckbik,rmqs1_16S_taxonomy_phylum.tab,Recherche Data Gouv,Recherche Data Gouv,https://entrepot.recherche.data.gouv.fr/file.xhtml?persistentId=doi:10.57745/8CKBIK,https://commons.datacite.org/doi.org/10.57745/8ckbik,rdg.prod,2023,False,0,,,dataset_repo
10.57745/8jcn5y,Code for Redundancy-new.R,Recherche Data Gouv,Recherche Data Gouv,https://entrepot.recherche.data.gouv.fr/file.xhtml?persistentId=doi:10.57745/8JCN5Y,https://commons.datacite.org/doi.org/10.57745/8jcn5y,rdg.prod,2026,False,0,,,dataset_repo
10.57745/8l1i5k,trials_data.tab,Recherche Data Gouv,Recherche Data Gouv,https://entrepot.recherche.data.gouv.fr/file.xhtml?persistentId=doi:10.57745/8L1I5K,https://commons.datacite.org/doi.org/10.57745/8l1i5k,rdg.prod,2026,False,0,,,dataset_repo
10.57745/8o4myw,Dataset for redundancy-new.xlsx,Recherche Data Gouv,Recherche Data Gouv,https://entrepot.recherche.data.gouv.fr/file.xhtml?persistentId=doi:10.57745/8O4MYW,https://commons.datacite.org/doi.org/10.57745/8o4myw,rdg.prod,2026,False,0,,,dataset_repo
10.57745/8opkt2,rmqs1_16S_taxonomy_class.tab,Recherche Data Gouv,Recherche Data Gouv,https://entrepot.recherche.data.gouv.fr/file.xhtml?persistentId=doi:10.57745/8OPKT2,https://commons.datacite.org/doi.org/10.57745/8opkt2,rdg.prod,2023,False,0,,,dataset_repo
10.57745/8skg9s,rmqs1_16S_control_otu_abundance.tsv.gz,Recherche Data Gouv,Recherche Data Gouv,https://entrepot.recherche.data.gouv.fr/file.xhtml?persistentId=doi:10.57745/8SKG9S,https://commons.datacite.org/doi.org/10.57745/8skg9s,rdg.prod,2023,False,0,,,dataset_repo
10.57745/8zwhiq,BudMites.tab,Recherche Data Gouv,Recherche Data Gouv,https://entrepot.recherche.data.gouv.fr/file.xhtml?persistentId=doi:10.57745/8ZWHIQ,https://commons.datacite.org/doi.org/10.57745/8zwhiq,rdg.prod,2022,False,0,,,dataset_repo
10.57745/9cowr5,casys_phyloseq_raw.rds,Recherche Data Gouv,Recherche Data Gouv,https://entrepot.recherche.data.gouv.fr/file.xhtml?persistentId=doi:10.57745/9COWR5,https://commons.datacite.org/doi.org/10.57745/9cowr5,rdg.prod,2026,False,0,,,dataset_repo
10.57745/a9bxrn,Code for Redundancy-new.R,Recherche Data Gouv,Recherche Data Gouv,https://entrepot.recherche.data.gouv.fr/file.xhtml?persistentId=doi:10.57745/A9BXRN,https://commons.datacite.org/doi.org/10.57745/a9bxrn,rdg.prod,2026,False,0,,,dataset_repo
10.57745/aexsus,Fig. 6 Networkplot-update.R,Recherche Data Gouv,Recherche Data Gouv,https://entrepot.recherche.data.gouv.fr/file.xhtml?persistentId=doi:10.57745/AEXSUS,https://commons.datacite.org/doi.org/10.57745/aexsus,rdg.prod,2026,False,0,,,dataset_repo
10.57745/aia9dt,1_CS_descriptors.csv,Recherche Data Gouv,Recherche Data Gouv,https://entrepot.recherche.data.gouv.fr/file.xhtml?persistentId=doi:10.57745/AIA9DT,https://commons.datacite.org/doi.org/10.57745/aia9dt,rdg.prod,2026,False,0,,,dataset_repo
10.57745/aka33z,Time course of behavioral of manipulation of Gammarus pulex by Pomphorhynchus laevis,Recherche Data Gouv,Recherche Data Gouv,https://entrepot.recherche.data.gouv.fr/citation?persistentId=doi:10.57745/AKA33Z,https://commons.datacite.org/doi.org/10.57745/aka33z,rdg.prod,2023,False,0,,,dataset_repo
10.57745/arf7or,List of included-excluded articles.xls,Recherche Data Gouv,Recherche Data Gouv,https://entrepot.recherche.data.gouv.fr/file.xhtml?persistentId=doi:10.57745/ARF7OR,https://commons.datacite.org/doi.org/10.57745/arf7or,rdg.prod,2024,False,0,,,dataset_repo
10.57745/awddtk,crop_traits_data.tab,Recherche Data Gouv,Recherche Data Gouv,https://entrepot.recherche.data.gouv.fr/file.xhtml?persistentId=doi:10.57745/AWDDTK,https://commons.datacite.org/doi.org/10.57745/awddtk,rdg.prod,2026,False,0,,,dataset_repo
10.57745/b58sya,ReadMe.txt,Recherche Data Gouv,Recherche Data Gouv,https://entrepot.recherche.data.gouv.fr/file.xhtml?persistentId=doi:10.57745/B58SYA,https://commons.datacite.org/doi.org/10.57745/b58sya,rdg.prod,2025,False,0,,,dataset_repo
10.57745/bgd9qr,Supplementary figure 5 Redundancy.xlsx,Recherche Data Gouv,Recherche Data Gouv,https://entrepot.recherche.data.gouv.fr/file.xhtml?persistentId=doi:10.57745/BGD9QR,https://commons.datacite.org/doi.org/10.57745/bgd9qr,rdg.prod,2024,False,0,,,dataset_repo
10.57745/bksryc,LCI_Calculation_Pedigree_SprayDrying_v250724.tab,Recherche Data Gouv,Recherche Data Gouv,https://entrepot.recherche.data.gouv.fr/file.xhtml?persistentId=doi:10.57745/BKSRYC,https://commons.datacite.org/doi.org/10.57745/bksryc,rdg.prod,2025,False,0,,,dataset_repo
10.57745/blrtoo,Fig. 7 Meta-analysis.R,Recherche Data Gouv,Recherche Data Gouv,https://entrepot.recherche.data.gouv.fr/file.xhtml?persistentId=doi:10.57745/BLRTOO,https://commons.datacite.org/doi.org/10.57745/blrtoo,rdg.prod,2024,False,0,,,dataset_repo
10.57745/bn5nvs,Supplementary figure 5 Redundancy.xlsx,Recherche Data Gouv,Recherche Data Gouv,https://entrepot.recherche.data.gouv.fr/file.xhtml?persistentId=doi:10.57745/BN5NVS,https://commons.datacite.org/doi.org/10.57745/bn5nvs,rdg.prod,2024,False,0,,,dataset_repo
10.57745/bqxvuv,1.Coalescence_SelectionParents.Rmd,Recherche Data Gouv,Recherche Data Gouv,https://entrepot.recherche.data.gouv.fr/file.xhtml?persistentId=doi:10.57745/BQXVUV,https://commons.datacite.org/doi.org/10.57745/bqxvuv,rdg.prod,2026,False,0,,,dataset_repo
10.57745/bxshid,mine_IPUbis_parent.tab,Recherche Data Gouv,Recherche Data Gouv,https://entrepot.recherche.data.gouv.fr/file.xhtml?persistentId=doi:10.57745/BXSHID,https://commons.datacite.org/doi.org/10.57745/bxshid,rdg.prod,2026,False,0,,,dataset_repo
10.57745/c0wwcs,Fig. 3 Map of distibution.tab,Recherche Data Gouv,Recherche Data Gouv,https://entrepot.recherche.data.gouv.fr/file.xhtml?persistentId=doi:10.57745/C0WWCS,https://commons.datacite.org/doi.org/10.57745/c0wwcs,rdg.prod,2024,False,0,,,dataset_repo
10.57745/ccul7i,Experimental dataset on the effects of three model pharmaceuticals on river periphytic microbial communities,Recherche Data Gouv,Recherche Data Gouv,https://entrepot.recherche.data.gouv.fr/citation?persistentId=doi:10.57745/CCUL7I,https://commons.datacite.org/doi.org/10.57745/ccul7i,rdg.prod,2026,False,0,,,dataset_repo
10.57745/cgnwom,rmqs1_16S_taxonomy_phylum.metadata.tab,Recherche Data Gouv,Recherche Data Gouv,https://entrepot.recherche.data.gouv.fr/file.xhtml?persistentId=doi:10.57745/CGNWOM,https://commons.datacite.org/doi.org/10.57745/cgnwom,rdg.prod,2023,False,0,,,dataset_repo
10.57745/cnv7yr,Meta-analysis Supplemenatry Fig 4a and 4b-update.R,Recherche Data Gouv,Recherche Data Gouv,https://entrepot.recherche.data.gouv.fr/file.xhtml?persistentId=doi:10.57745/CNV7YR,https://commons.datacite.org/doi.org/10.57745/cnv7yr,rdg.prod,2026,False,0,,,dataset_repo
10.57745/cpeeqb,rmqs1_16S_library_metadata.tab,Recherche Data Gouv,Recherche Data Gouv,https://entrepot.recherche.data.gouv.fr/file.xhtml?persistentId=doi:10.57745/CPEEQB,https://commons.datacite.org/doi.org/10.57745/cpeeqb,rdg.prod,2023,False,0,,,dataset_repo
10.57745/cstnuj,Eutypa.tab,Recherche Data Gouv,Recherche Data Gouv,https://entrepot.recherche.data.gouv.fr/file.xhtml?persistentId=doi:10.57745/CSTNUJ,https://commons.datacite.org/doi.org/10.57745/cstnuj,rdg.prod,2022,False,0,,,dataset_repo
10.57745/cxxlyf,05_beta_diversity.html,Recherche Data Gouv,Recherche Data Gouv,https://entrepot.recherche.data.gouv.fr/file.xhtml?persistentId=doi:10.57745/CXXLYF,https://commons.datacite.org/doi.org/10.57745/cxxlyf,rdg.prod,2026,False,0,,,dataset_repo
10.57745/d1q43i,Fig 3 Maps of countries.R,Recherche Data Gouv,Recherche Data Gouv,https://entrepot.recherche.data.gouv.fr/file.xhtml?persistentId=doi:10.57745/D1Q43I,https://commons.datacite.org/doi.org/10.57745/d1q43i,rdg.prod,2026,False,0,,,dataset_repo
10.57745/d339kd,EutypaColmar.tab,Recherche Data Gouv,Recherche Data Gouv,https://entrepot.recherche.data.gouv.fr/file.xhtml?persistentId=doi:10.57745/D339KD,https://commons.datacite.org/doi.org/10.57745/d339kd,rdg.prod,2022,False,0,,,dataset_repo
10.57745/d8skth,DownyMildew.tab,Recherche Data Gouv,Recherche Data Gouv,https://entrepot.recherche.data.gouv.fr/file.xhtml?persistentId=doi:10.57745/D8SKTH,https://commons.datacite.org/doi.org/10.57745/d8skth,rdg.prod,2022,False,0,,,dataset_repo
10.57745/daqqvd,VITIRAMA : Disease susceptibility data on grapevine,Recherche Data Gouv,Recherche Data Gouv,https://entrepot.recherche.data.gouv.fr/citation?persistentId=doi:10.57745/DAQQVD,https://commons.datacite.org/doi.org/10.57745/daqqvd,rdg.prod,2022,False,0,,,dataset_repo
10.57745/dekznj,Fig. 2 Years primary studies and meta-analyses.tab,Recherche Data Gouv,Recherche Data Gouv,https://entrepot.recherche.data.gouv.fr/file.xhtml?persistentId=doi:10.57745/DEKZNJ,https://commons.datacite.org/doi.org/10.57745/dekznj,rdg.prod,2026,False,0,,,dataset_repo
10.57745/dfbulp,Phylloxera.tab,Recherche Data Gouv,Recherche Data Gouv,https://entrepot.recherche.data.gouv.fr/file.xhtml?persistentId=doi:10.57745/DFBULP,https://commons.datacite.org/doi.org/10.57745/dfbulp,rdg.prod,2022,False,0,,,dataset_repo
10.57745/dhksd9,Input_G4.txt,Recherche Data Gouv,Recherche Data Gouv,https://entrepot.recherche.data.gouv.fr/file.xhtml?persistentId=doi:10.57745/DHKSD9,https://commons.datacite.org/doi.org/10.57745/dhksd9,rdg.prod,2024,False,0,,,dataset_repo
10.57745/dm8c99,LCI_Calculation_Pedigree_All_Except_Spray-drying_v250724.tab,Recherche Data Gouv,Recherche Data Gouv,https://entrepot.recherche.data.gouv.fr/file.xhtml?persistentId=doi:10.57745/DM8C99,https://commons.datacite.org/doi.org/10.57745/dm8c99,rdg.prod,2025,False,0,,,dataset_repo
10.57745/dom6ym,otu_parents.tab,Recherche Data Gouv,Recherche Data Gouv,https://entrepot.recherche.data.gouv.fr/file.xhtml?persistentId=doi:10.57745/DOM6YM,https://commons.datacite.org/doi.org/10.57745/dom6ym,rdg.prod,2026,False,0,,,dataset_repo
10.57745/doxeqa,rmqs1_16S_control_taxonomy_genus.tab,Recherche Data Gouv,Recherche Data Gouv,https://entrepot.recherche.data.gouv.fr/file.xhtml?persistentId=doi:10.57745/DOXEQA,https://commons.datacite.org/doi.org/10.57745/doxeqa,rdg.prod,2023,False,0,,,dataset_repo
10.57745/eai6si,Fig. 8 Quality of meta-analyses.tab,Recherche Data Gouv,Recherche Data Gouv,https://entrepot.recherche.data.gouv.fr/file.xhtml?persistentId=doi:10.57745/EAI6SI,https://commons.datacite.org/doi.org/10.57745/eai6si,rdg.prod,2024,False,0,,,dataset_repo
10.57745/eccchp,2025_structure-questionnaire-donnees-adbu.pdf,Recherche Data Gouv,Recherche Data Gouv,https://entrepot.recherche.data.gouv.fr/file.xhtml?persistentId=doi:10.57745/ECCCHP,https://commons.datacite.org/doi.org/10.57745/eccchp,rdg.prod,2025,False,0,,,dataset_repo
10.57745/edoydu,2_CS_indicators_V2.csv,Recherche Data Gouv,Recherche Data Gouv,https://entrepot.recherche.data.gouv.fr/file.xhtml?persistentId=doi:10.57745/EDOYDU,https://commons.datacite.org/doi.org/10.57745/edoydu,rdg.prod,2026,False,0,,,dataset_repo
10.57745/eflawe,BlackRot.tab,Recherche Data Gouv,Recherche Data Gouv,https://entrepot.recherche.data.gouv.fr/file.xhtml?persistentId=doi:10.57745/EFLAWE,https://commons.datacite.org/doi.org/10.57745/eflawe,rdg.prod,2022,False,0,,,dataset_repo
10.57745/eh7lc0,02_quality_control.html,Recherche Data Gouv,Recherche Data Gouv,https://entrepot.recherche.data.gouv.fr/file.xhtml?persistentId=doi:10.57745/EH7LC0,https://commons.datacite.org/doi.org/10.57745/eh7lc0,rdg.prod,2026,False,0,,,dataset_repo
10.57745/ehhciv,LCA_Faba(C9862)_Impacts_Contributions_Concentrate_v250724.tab,Recherche Data Gouv,Recherche Data Gouv,https://entrepot.recherche.data.gouv.fr/file.xhtml?persistentId=doi:10.57745/EHHCIV,https://commons.datacite.org/doi.org/10.57745/ehhciv,rdg.prod,2025,False,0,,,dataset_repo
10.57745/ehtxrz,04_alpha_diversity.html,Recherche Data Gouv,Recherche Data Gouv,https://entrepot.recherche.data.gouv.fr/file.xhtml?persistentId=doi:10.57745/EHTXRZ,https://commons.datacite.org/doi.org/10.57745/ehtxrz,rdg.prod,2026,False,0,,,dataset_repo
10.57745/epxwuy,Fig 2 Publication years.R,Recherche Data Gouv,Recherche Data Gouv,https://entrepot.recherche.data.gouv.fr/file.xhtml?persistentId=doi:10.57745/EPXWUY,https://commons.datacite.org/doi.org/10.57745/epxwuy,rdg.prod,2024,False,0,,,dataset_repo
10.57745/esmik9,mine_SMZ_map.tab,Recherche Data Gouv,Recherche Data Gouv,https://entrepot.recherche.data.gouv.fr/file.xhtml?persistentId=doi:10.57745/ESMIK9,https://commons.datacite.org/doi.org/10.57745/esmik9,rdg.prod,2026,False,0,,,dataset_repo
10.57745/et8amz,5.Coalescence_Prediction.Rmd,Recherche Data Gouv,Recherche Data Gouv,https://entrepot.recherche.data.gouv.fr/file.xhtml?persistentId=doi:10.57745/ET8AMZ,https://commons.datacite.org/doi.org/10.57745/et8amz,rdg.prod,2026,False,0,,,dataset_repo
10.57745/f43yra,Fig.7 Meta-analysis.tab,Recherche Data Gouv,Recherche Data Gouv,https://entrepot.recherche.data.gouv.fr/file.xhtml?persistentId=doi:10.57745/F43YRA,https://commons.datacite.org/doi.org/10.57745/f43yra,rdg.prod,2024,False,0,,,dataset_repo
10.57745/fajwdq,Fig. 8 Prisma EcoEvo quality evaluation.tab,Recherche Data Gouv,Recherche Data Gouv,https://entrepot.recherche.data.gouv.fr/file.xhtml?persistentId=doi:10.57745/FAJWDQ,https://commons.datacite.org/doi.org/10.57745/fajwdq,rdg.prod,2024,False,0,,,dataset_repo
10.57745/ffyj8x,Heat_Sunburn.tab,Recherche Data Gouv,Recherche Data Gouv,https://entrepot.recherche.data.gouv.fr/file.xhtml?persistentId=doi:10.57745/FFYJ8X,https://commons.datacite.org/doi.org/10.57745/ffyj8x,rdg.prod,2022,False,0,,,dataset_repo
10.57745/ffz3ja,weather_data.zip,Recherche Data Gouv,Recherche Data Gouv,https://entrepot.recherche.data.gouv.fr/file.xhtml?persistentId=doi:10.57745/FFZ3JA,https://commons.datacite.org/doi.org/10.57745/ffz3ja,rdg.prod,2026,False,0,,,dataset_repo
10.57745/fgtucz,PRISMA EcoEvo quality evaluation.tab,Recherche Data Gouv,Recherche Data Gouv,https://entrepot.recherche.data.gouv.fr/file.xhtml?persistentId=doi:10.57745/FGTUCZ,https://commons.datacite.org/doi.org/10.57745/fgtucz,rdg.prod,2024,False,0,,,dataset_repo
10.57745/fw78re,"Pea_dataset: A comprehensive large-scale dataset covering 4,450 combinations of site × genotype × year with management practices, weather and soil characteristics across France (2002-2024)",Recherche Data Gouv,Recherche Data Gouv,https://entrepot.recherche.data.gouv.fr/citation?persistentId=doi:10.57745/FW78RE,https://commons.datacite.org/doi.org/10.57745/fw78re,rdg.prod,2026,False,0,,,dataset_repo
10.57745/fw8d7w,rmqs1_16S_control_taxonomy_family.tab,Recherche Data Gouv,Recherche Data Gouv,https://entrepot.recherche.data.gouv.fr/file.xhtml?persistentId=doi:10.57745/FW8D7W,https://commons.datacite.org/doi.org/10.57745/fw8d7w,rdg.prod,2023,False,0,,,dataset_repo
10.57745/gml9xv,rmqs1_16S_microbial_habitat.tab,Recherche Data Gouv,Recherche Data Gouv,https://entrepot.recherche.data.gouv.fr/file.xhtml?persistentId=doi:10.57745/GML9XV,https://commons.datacite.org/doi.org/10.57745/gml9xv,rdg.prod,2023,False,0,,,dataset_repo
10.57745/gqq2ji,Pulse_Protein_Concentrate_Production_System_Diagram_v250724.pptx,Recherche Data Gouv,Recherche Data Gouv,https://entrepot.recherche.data.gouv.fr/file.xhtml?persistentId=doi:10.57745/GQQ2JI,https://commons.datacite.org/doi.org/10.57745/gqq2ji,rdg.prod,2025,False,0,,,dataset_repo
10.57745/gru7o7,LCI_Allocations_factors_Concentrates_v240726.tab,Recherche Data Gouv,Recherche Data Gouv,https://entrepot.recherche.data.gouv.fr/file.xhtml?persistentId=doi:10.57745/GRU7O7,https://commons.datacite.org/doi.org/10.57745/gru7o7,rdg.prod,2025,False,0,,,dataset_repo
10.57745/hadets,rmqs1_16S_control_taxonomy_order.tab,Recherche Data Gouv,Recherche Data Gouv,https://entrepot.recherche.data.gouv.fr/file.xhtml?persistentId=doi:10.57745/HADETS,https://commons.datacite.org/doi.org/10.57745/hadets,rdg.prod,2023,False,0,,,dataset_repo
10.57745/hc3acw,Data_water_abs_ratios.tab,Recherche Data Gouv,Recherche Data Gouv,https://entrepot.recherche.data.gouv.fr/file.xhtml?persistentId=doi:10.57745/HC3ACW,https://commons.datacite.org/doi.org/10.57745/hc3acw,rdg.prod,2026,False,0,,,dataset_repo
10.57745/hfwilt,Meta-analysis Supplemenatry Fig 4a and 4b-update.R,Recherche Data Gouv,Recherche Data Gouv,https://entrepot.recherche.data.gouv.fr/file.xhtml?persistentId=doi:10.57745/HFWILT,https://commons.datacite.org/doi.org/10.57745/hfwilt,rdg.prod,2026,False,0,,,dataset_repo
10.57745/hlppzm,2.Coalescence_Mineralisation.Rmd,Recherche Data Gouv,Recherche Data Gouv,https://entrepot.recherche.data.gouv.fr/file.xhtml?persistentId=doi:10.57745/HLPPZM,https://commons.datacite.org/doi.org/10.57745/hlppzm,rdg.prod,2026,False,0,,,dataset_repo
10.57745/hobmol,Fig. 4 Keywords occurrence.tab,Recherche Data Gouv,Recherche Data Gouv,https://entrepot.recherche.data.gouv.fr/file.xhtml?persistentId=doi:10.57745/HOBMOL,https://commons.datacite.org/doi.org/10.57745/hobmol,rdg.prod,2026,False,0,,,dataset_repo
10.57745/hpy76i,Data_periphyton-microbial_param.tab,Recherche Data Gouv,Recherche Data Gouv,https://entrepot.recherche.data.gouv.fr/file.xhtml?persistentId=doi:10.57745/HPY76I,https://commons.datacite.org/doi.org/10.57745/hpy76i,rdg.prod,2026,False,0,,,dataset_repo
10.57745/hryhsn,LCI_Faba(C9863)_Process_diagram_and_inventory_data_Isolate_v240927.xlsx,Recherche Data Gouv,Recherche Data Gouv,https://entrepot.recherche.data.gouv.fr/file.xhtml?persistentId=doi:10.57745/HRYHSN,https://commons.datacite.org/doi.org/10.57745/hryhsn,rdg.prod,2025,False,0,,,dataset_repo
10.57745/hxjf81,2_SpotDescr.tab,Recherche Data Gouv,Recherche Data Gouv,https://entrepot.recherche.data.gouv.fr/file.xhtml?persistentId=doi:10.57745/HXJF81,https://commons.datacite.org/doi.org/10.57745/hxjf81,rdg.prod,2022,False,0,,,dataset_repo
10.57745/hyv11j,Fig. 2 Years primary studies and meta-analyses.tab,Recherche Data Gouv,Recherche Data Gouv,https://entrepot.recherche.data.gouv.fr/file.xhtml?persistentId=doi:10.57745/HYV11J,https://commons.datacite.org/doi.org/10.57745/hyv11j,rdg.prod,2024,False,0,,,dataset_repo
10.57745/hzf7qn,2_CS_indicators.csv,Recherche Data Gouv,Recherche Data Gouv,https://entrepot.recherche.data.gouv.fr/file.xhtml?persistentId=doi:10.57745/HZF7QN,https://commons.datacite.org/doi.org/10.57745/hzf7qn,rdg.prod,2026,False,0,,,dataset_repo
10.57745/ifyhuq,Pulse_Protein_Isolate_Production_System_Diagram_v250724.pptx,Recherche Data Gouv,Recherche Data Gouv,https://entrepot.recherche.data.gouv.fr/file.xhtml?persistentId=doi:10.57745/IFYHUQ,https://commons.datacite.org/doi.org/10.57745/ifyhuq,rdg.prod,2025,False,0,,,dataset_repo
10.57745/ihq8qw,LCI_Faba(C9862)_Process_diagram_and_inventory_data_Concentrate_v240727.xlsx,Recherche Data Gouv,Recherche Data Gouv,https://entrepot.recherche.data.gouv.fr/file.xhtml?persistentId=doi:10.57745/IHQ8QW,https://commons.datacite.org/doi.org/10.57745/ihq8qw,rdg.prod,2025,False,0,,,dataset_repo
10.57745/iuhoiy,2025_donnees-brutes-questionnaire-donnees-adbu.csv,Recherche Data Gouv,Recherche Data Gouv,https://entrepot.recherche.data.gouv.fr/file.xhtml?persistentId=doi:10.57745/IUHOIY,https://commons.datacite.org/doi.org/10.57745/iuhoiy,rdg.prod,2025,False,0,,,dataset_repo
10.57745/ivs5i0,NbDeadSpurs.tab,Recherche Data Gouv,Recherche Data Gouv,https://entrepot.recherche.data.gouv.fr/file.xhtml?persistentId=doi:10.57745/IVS5I0,https://commons.datacite.org/doi.org/10.57745/ivs5i0,rdg.prod,2022,False,0,,,dataset_repo
10.57745/ivsflv,Supplementary information redundancy and Supplementary figures 1a-b-new.xlsx,Recherche Data Gouv,Recherche Data Gouv,https://entrepot.recherche.data.gouv.fr/file.xhtml?persistentId=doi:10.57745/IVSFLV,https://commons.datacite.org/doi.org/10.57745/ivsflv,rdg.prod,2026,False,0,,,dataset_repo
10.57745/iyevsk,Meta-analysis Fig.7 and Supplementary figure 1.R,Recherche Data Gouv,Recherche Data Gouv,https://entrepot.recherche.data.gouv.fr/file.xhtml?persistentId=doi:10.57745/IYEVSK,https://commons.datacite.org/doi.org/10.57745/iyevsk,rdg.prod,2024,False,0,,,dataset_repo
10.57745/izuinj,rmqs1_16S_taxonomy_family.metadata.tab,Recherche Data Gouv,Recherche Data Gouv,https://entrepot.recherche.data.gouv.fr/file.xhtml?persistentId=doi:10.57745/IZUINJ,https://commons.datacite.org/doi.org/10.57745/izuinj,rdg.prod,2023,False,0,,,dataset_repo
10.57745/j1obj9,Fig. 6 Networkplot.R,Recherche Data Gouv,Recherche Data Gouv,https://entrepot.recherche.data.gouv.fr/file.xhtml?persistentId=doi:10.57745/J1OBJ9,https://commons.datacite.org/doi.org/10.57745/j1obj9,rdg.prod,2024,False,0,,,dataset_repo
10.57745/j1pi1y,Data_water_abs_raw.csv,Recherche Data Gouv,Recherche Data Gouv,https://entrepot.recherche.data.gouv.fr/file.xhtml?persistentId=doi:10.57745/J1PI1Y,https://commons.datacite.org/doi.org/10.57745/j1pi1y,rdg.prod,2026,False,0,,,dataset_repo
10.57745/jk5wcd,RMQS1 16S microbial habitat,Recherche Data Gouv,Recherche Data Gouv,https://entrepot.recherche.data.gouv.fr/citation?persistentId=doi:10.57745/JK5WCD,https://commons.datacite.org/doi.org/10.57745/jk5wcd,rdg.prod,2023,True,1,hal-03014310,,dataset_repo
10.57745/jqtqzr,Fig 3 Maps of countries.R,Recherche Data Gouv,Recherche Data Gouv,https://entrepot.recherche.data.gouv.fr/file.xhtml?persistentId=doi:10.57745/JQTQZR,https://commons.datacite.org/doi.org/10.57745/jqtqzr,rdg.prod,2024,False,0,,,dataset_repo
10.57745/juvhr5,PowderyMildew.tab,Recherche Data Gouv,Recherche Data Gouv,https://entrepot.recherche.data.gouv.fr/file.xhtml?persistentId=doi:10.57745/JUVHR5,https://commons.datacite.org/doi.org/10.57745/juvhr5,rdg.prod,2022,False,0,,,dataset_repo
10.57745/jywuiy,Données de l'enquête ADBU sur l'implication des structures documentaires dans l'accompagnement sur les données de recherche,Recherche Data Gouv,Recherche Data Gouv,https://entrepot.recherche.data.gouv.fr/citation?persistentId=doi:10.57745/JYWUIY,https://commons.datacite.org/doi.org/10.57745/jywuiy,rdg.prod,2025,True,1,hal-05221870,,dataset_repo
10.57745/k4eoa7,Phomopsis.tab,Recherche Data Gouv,Recherche Data Gouv,https://entrepot.recherche.data.gouv.fr/file.xhtml?persistentId=doi:10.57745/K4EOA7,https://commons.datacite.org/doi.org/10.57745/k4eoa7,rdg.prod,2022,False,0,,,dataset_repo
10.57745/k5uhkx,Fig. 3 Map of distibution.tab,Recherche Data Gouv,Recherche Data Gouv,https://entrepot.recherche.data.gouv.fr/file.xhtml?persistentId=doi:10.57745/K5UHKX,https://commons.datacite.org/doi.org/10.57745/k5uhkx,rdg.prod,2026,False,0,,,dataset_repo
10.57745/kkefsv,map_children.tab,Recherche Data Gouv,Recherche Data Gouv,https://entrepot.recherche.data.gouv.fr/file.xhtml?persistentId=doi:10.57745/KKEFSV,https://commons.datacite.org/doi.org/10.57745/kkefsv,rdg.prod,2026,False,0,,,dataset_repo
10.57745/klrqfq,Fig. 6 Networkplot-Update.tab,Recherche Data Gouv,Recherche Data Gouv,https://entrepot.recherche.data.gouv.fr/file.xhtml?persistentId=doi:10.57745/KLRQFQ,https://commons.datacite.org/doi.org/10.57745/klrqfq,rdg.prod,2026,False,0,,,dataset_repo
10.57745/klrrkt,GreyMould.tab,Recherche Data Gouv,Recherche Data Gouv,https://entrepot.recherche.data.gouv.fr/file.xhtml?persistentId=doi:10.57745/KLRRKT,https://commons.datacite.org/doi.org/10.57745/klrrkt,rdg.prod,2022,False,0,,,dataset_repo
10.57745/krrrnp,FORTIPHY-HUT-open data.xlsx,Recherche Data Gouv,Recherche Data Gouv,https://entrepot.recherche.data.gouv.fr/file.xhtml?persistentId=doi:10.57745/KRRRNP,https://commons.datacite.org/doi.org/10.57745/krrrnp,rdg.prod,2026,False,0,,,dataset_repo
10.57745/kryx8d,Meta-analysis Fig.7 and Supplementary figures 2-3-update.R,Recherche Data Gouv,Recherche Data Gouv,https://entrepot.recherche.data.gouv.fr/file.xhtml?persistentId=doi:10.57745/KRYX8D,https://commons.datacite.org/doi.org/10.57745/kryx8d,rdg.prod,2026,False,0,,,dataset_repo
10.57745/ksr7yn,3_VariablesDescr.tab,Recherche Data Gouv,Recherche Data Gouv,https://entrepot.recherche.data.gouv.fr/file.xhtml?persistentId=doi:10.57745/KSR7YN,https://commons.datacite.org/doi.org/10.57745/ksr7yn,rdg.prod,2022,False,0,,,dataset_repo
10.57745/ktoq0j,README-1.md,Recherche Data Gouv,Recherche Data Gouv,https://entrepot.recherche.data.gouv.fr/file.xhtml?persistentId=doi:10.57745/KTOQ0J,https://commons.datacite.org/doi.org/10.57745/ktoq0j,rdg.prod,2026,False,0,,,dataset_repo
10.57745/kusgdt,rmqs1_16S_taxonomy_order.tab,Recherche Data Gouv,Recherche Data Gouv,https://entrepot.recherche.data.gouv.fr/file.xhtml?persistentId=doi:10.57745/KUSGDT,https://commons.datacite.org/doi.org/10.57745/kusgdt,rdg.prod,2023,False,0,,,dataset_repo
10.57745/l3nspf,LCI_Processus_list_Concentrates_v250626.tab,Recherche Data Gouv,Recherche Data Gouv,https://entrepot.recherche.data.gouv.fr/file.xhtml?persistentId=doi:10.57745/L3NSPF,https://commons.datacite.org/doi.org/10.57745/l3nspf,rdg.prod,2025,False,0,,,dataset_repo
10.57745/l3ywsa,Fig. 3 Map of distibution.tab,Recherche Data Gouv,Recherche Data Gouv,https://entrepot.recherche.data.gouv.fr/file.xhtml?persistentId=doi:10.57745/L3YWSA,https://commons.datacite.org/doi.org/10.57745/l3ywsa,rdg.prod,2024,False,0,,,dataset_repo
10.57745/lc8gmq,licence.md,Recherche Data Gouv,Recherche Data Gouv,https://entrepot.recherche.data.gouv.fr/file.xhtml?persistentId=doi:10.57745/LC8GMQ,https://commons.datacite.org/doi.org/10.57745/lc8gmq,rdg.prod,2026,False,0,,,dataset_repo
10.57745/lgdy1p,rmqs1_16S_taxonomy_order.metadata.tab,Recherche Data Gouv,Recherche Data Gouv,https://entrepot.recherche.data.gouv.fr/file.xhtml?persistentId=doi:10.57745/LGDY1P,https://commons.datacite.org/doi.org/10.57745/lgdy1p,rdg.prod,2023,False,0,,,dataset_repo
10.57745/likzl8,project_GLOBAL.tab,Recherche Data Gouv,Recherche Data Gouv,https://entrepot.recherche.data.gouv.fr/file.xhtml?persistentId=doi:10.57745/LIKZL8,https://commons.datacite.org/doi.org/10.57745/likzl8,rdg.prod,2024,False,0,,,dataset_repo
10.57745/liskmo,Decay_Intensity.tab,Recherche Data Gouv,Recherche Data Gouv,https://entrepot.recherche.data.gouv.fr/file.xhtml?persistentId=doi:10.57745/LISKMO,https://commons.datacite.org/doi.org/10.57745/liskmo,rdg.prod,2022,False,0,,,dataset_repo
10.57745/liwfmt,Fig. 1 List of Meta-analyses.xls,Recherche Data Gouv,Recherche Data Gouv,https://entrepot.recherche.data.gouv.fr/file.xhtml?persistentId=doi:10.57745/LIWFMT,https://commons.datacite.org/doi.org/10.57745/liwfmt,rdg.prod,2024,False,0,,,dataset_repo
10.57745/lo2kif,16S rRNA gene sequencing data of soil bacterial communities from four agroecological cropping systems in the CA-SYS experiment (2018–2021),Recherche Data Gouv,Recherche Data Gouv,https://entrepot.recherche.data.gouv.fr/citation?persistentId=doi:10.57745/LO2KIF,https://commons.datacite.org/doi.org/10.57745/lo2kif,rdg.prod,2026,False,0,,,dataset_repo
10.57745/lwaer1,Fig. 4 Keywords occurrence.tab,Recherche Data Gouv,Recherche Data Gouv,https://entrepot.recherche.data.gouv.fr/file.xhtml?persistentId=doi:10.57745/LWAER1,https://commons.datacite.org/doi.org/10.57745/lwaer1,rdg.prod,2024,False,0,,,dataset_repo
10.57745/ly8udr,Fig 2 Publication years.R,Recherche Data Gouv,Recherche Data Gouv,https://entrepot.recherche.data.gouv.fr/file.xhtml?persistentId=doi:10.57745/LY8UDR,https://commons.datacite.org/doi.org/10.57745/ly8udr,rdg.prod,2024,False,0,,,dataset_repo
10.57745/m1wncg,Fig.7 Meta-analysis.tab,Recherche Data Gouv,Recherche Data Gouv,https://entrepot.recherche.data.gouv.fr/file.xhtml?persistentId=doi:10.57745/M1WNCG,https://commons.datacite.org/doi.org/10.57745/m1wncg,rdg.prod,2026,False,0,,,dataset_repo
10.57745/m3mfh6,rmqs1_16S_control_taxonomy_class.tab,Recherche Data Gouv,Recherche Data Gouv,https://entrepot.recherche.data.gouv.fr/file.xhtml?persistentId=doi:10.57745/M3MFH6,https://commons.datacite.org/doi.org/10.57745/m3mfh6,rdg.prod,2023,False,0,,,dataset_repo
10.57745/m4melk,metadata_periphyton.tab,Recherche Data Gouv,Recherche Data Gouv,https://entrepot.recherche.data.gouv.fr/file.xhtml?persistentId=doi:10.57745/M4MELK,https://commons.datacite.org/doi.org/10.57745/m4melk,rdg.prod,2026,False,0,,,dataset_repo
10.57745/mfdayh,Supplementary information redundancy and Supplementary figures 1a-b-new.xlsx,Recherche Data Gouv,Recherche Data Gouv,https://entrepot.recherche.data.gouv.fr/file.xhtml?persistentId=doi:10.57745/MFDAYH,https://commons.datacite.org/doi.org/10.57745/mfdayh,rdg.prod,2026,False,0,,,dataset_repo
10.57745/mkvpde,Fig. 6 Networkplot-update.R,Recherche Data Gouv,Recherche Data Gouv,https://entrepot.recherche.data.gouv.fr/file.xhtml?persistentId=doi:10.57745/MKVPDE,https://commons.datacite.org/doi.org/10.57745/mkvpde,rdg.prod,2026,False,0,,,dataset_repo
10.57745/mpmw8o,rmqs1_16S_microbial_habitat.metadata.tab,Recherche Data Gouv,Recherche Data Gouv,https://entrepot.recherche.data.gouv.fr/file.xhtml?persistentId=doi:10.57745/MPMW8O,https://commons.datacite.org/doi.org/10.57745/mpmw8o,rdg.prod,2023,False,0,,,dataset_repo
10.57745/mxcy5m,LCI_Faba(C9965)_Process_diagram_and_inventory_data_Concentrate_v240727.xlsx,Recherche Data Gouv,Recherche Data Gouv,https://entrepot.recherche.data.gouv.fr/file.xhtml?persistentId=doi:10.57745/MXCY5M,https://commons.datacite.org/doi.org/10.57745/mxcy5m,rdg.prod,2025,False,0,,,dataset_repo
10.57745/mydmxu,rmqs1_16S_otu_abundance.tsv.gz,Recherche Data Gouv,Recherche Data Gouv,https://entrepot.recherche.data.gouv.fr/file.xhtml?persistentId=doi:10.57745/MYDMXU,https://commons.datacite.org/doi.org/10.57745/mydmxu,rdg.prod,2023,False,0,,,dataset_repo
10.57745/mzuqqf,Fig. 7 Meta-analysis 5 indicators.tab,Recherche Data Gouv,Recherche Data Gouv,https://entrepot.recherche.data.gouv.fr/file.xhtml?persistentId=doi:10.57745/MZUQQF,https://commons.datacite.org/doi.org/10.57745/mzuqqf,rdg.prod,2024,False,0,,,dataset_repo
10.57745/n19vcn,metadata.tab,Recherche Data Gouv,Recherche Data Gouv,https://entrepot.recherche.data.gouv.fr/file.xhtml?persistentId=doi:10.57745/N19VCN,https://commons.datacite.org/doi.org/10.57745/n19vcn,rdg.prod,2026,False,0,,,dataset_repo
10.57745/n7wwxh,mine_SMZbis_parent.tab,Recherche Data Gouv,Recherche Data Gouv,https://entrepot.recherche.data.gouv.fr/file.xhtml?persistentId=doi:10.57745/N7WWXH,https://commons.datacite.org/doi.org/10.57745/n7wwxh,rdg.prod,2026,False,0,,,dataset_repo
10.57745/ntiwey,Fig. 2 Years primary studies and meta-analyses.tab,Recherche Data Gouv,Recherche Data Gouv,https://entrepot.recherche.data.gouv.fr/file.xhtml?persistentId=doi:10.57745/NTIWEY,https://commons.datacite.org/doi.org/10.57745/ntiwey,rdg.prod,2026,False,0,,,dataset_repo
10.57745/nublr0,Input_GLOBAL.txt,Recherche Data Gouv,Recherche Data Gouv,https://entrepot.recherche.data.gouv.fr/file.xhtml?persistentId=doi:10.57745/NUBLR0,https://commons.datacite.org/doi.org/10.57745/nublr0,rdg.prod,2024,False,0,,,dataset_repo
10.57745/ny5nbz,LCA_All_seeds_(DM)_v250724.tab,Recherche Data Gouv,Recherche Data Gouv,https://entrepot.recherche.data.gouv.fr/file.xhtml?persistentId=doi:10.57745/NY5NBZ,https://commons.datacite.org/doi.org/10.57745/ny5nbz,rdg.prod,2025,False,0,,,dataset_repo
10.57745/o1rqej,mine_SMZ_parent.tab,Recherche Data Gouv,Recherche Data Gouv,https://entrepot.recherche.data.gouv.fr/file.xhtml?persistentId=doi:10.57745/O1RQEJ,https://commons.datacite.org/doi.org/10.57745/o1rqej,rdg.prod,2026,False,0,,,dataset_repo
10.57745/o7s57u,Fig.7 Meta-analysis.tab,Recherche Data Gouv,Recherche Data Gouv,https://entrepot.recherche.data.gouv.fr/file.xhtml?persistentId=doi:10.57745/O7S57U,https://commons.datacite.org/doi.org/10.57745/o7s57u,rdg.prod,2026,False,0,,,dataset_repo
10.57745/ocs4vs,List of included-excluded articles-update.xls,Recherche Data Gouv,Recherche Data Gouv,https://entrepot.recherche.data.gouv.fr/file.xhtml?persistentId=doi:10.57745/OCS4VS,https://commons.datacite.org/doi.org/10.57745/ocs4vs,rdg.prod,2026,False,0,,,dataset_repo
10.57745/omhivi,Fig. 2 Years primary studies and meta-analyses.tab,Recherche Data Gouv,Recherche Data Gouv,https://entrepot.recherche.data.gouv.fr/file.xhtml?persistentId=doi:10.57745/OMHIVI,https://commons.datacite.org/doi.org/10.57745/omhivi,rdg.prod,2024,False,0,,,dataset_repo
10.57745/oppxk0,4.Filter_ParentalCommunities.Rmd,Recherche Data Gouv,Recherche Data Gouv,https://entrepot.recherche.data.gouv.fr/file.xhtml?persistentId=doi:10.57745/OPPXK0,https://commons.datacite.org/doi.org/10.57745/oppxk0,rdg.prod,2026,False,0,,,dataset_repo
10.57745/orqzis,LCI_Pea(C9861)_Process_diagram_and_inventory_data_Concentrate_v240727.xlsx,Recherche Data Gouv,Recherche Data Gouv,https://entrepot.recherche.data.gouv.fr/file.xhtml?persistentId=doi:10.57745/ORQZIS,https://commons.datacite.org/doi.org/10.57745/orqzis,rdg.prod,2025,False,0,,,dataset_repo
10.57745/oydqab,3_experimental_plots_indicators_descriptors_V2.csv,Recherche Data Gouv,Recherche Data Gouv,https://entrepot.recherche.data.gouv.fr/file.xhtml?persistentId=doi:10.57745/OYDQAB,https://commons.datacite.org/doi.org/10.57745/oydqab,rdg.prod,2026,False,0,,,dataset_repo
10.57745/oypdkk,01_build_phyloseq_object.html,Recherche Data Gouv,Recherche Data Gouv,https://entrepot.recherche.data.gouv.fr/file.xhtml?persistentId=doi:10.57745/OYPDKK,https://commons.datacite.org/doi.org/10.57745/oypdkk,rdg.prod,2026,False,0,,,dataset_repo
10.57745/p0n2w7,casys_sample_metadata.tab,Recherche Data Gouv,Recherche Data Gouv,https://entrepot.recherche.data.gouv.fr/file.xhtml?persistentId=doi:10.57745/P0N2W7,https://commons.datacite.org/doi.org/10.57745/p0n2w7,rdg.prod,2026,False,0,,,dataset_repo
10.57745/p7yjxp,project_G4.tab,Recherche Data Gouv,Recherche Data Gouv,https://entrepot.recherche.data.gouv.fr/file.xhtml?persistentId=doi:10.57745/P7YJXP,https://commons.datacite.org/doi.org/10.57745/p7yjxp,rdg.prod,2024,False,0,,,dataset_repo
10.57745/pez7ut,Fig. 4 Keywords occurrence.tab,Recherche Data Gouv,Recherche Data Gouv,https://entrepot.recherche.data.gouv.fr/file.xhtml?persistentId=doi:10.57745/PEZ7UT,https://commons.datacite.org/doi.org/10.57745/pez7ut,rdg.prod,2026,False,0,,,dataset_repo
10.57745/piojp6,Fig 2 Publication years.R,Recherche Data Gouv,Recherche Data Gouv,https://entrepot.recherche.data.gouv.fr/file.xhtml?persistentId=doi:10.57745/PIOJP6,https://commons.datacite.org/doi.org/10.57745/piojp6,rdg.prod,2024,False,0,,,dataset_repo
10.57745/piwbf4,Supplementary figure 5 Redundancy.xlsx,Recherche Data Gouv,Recherche Data Gouv,https://entrepot.recherche.data.gouv.fr/file.xhtml?persistentId=doi:10.57745/PIWBF4,https://commons.datacite.org/doi.org/10.57745/piwbf4,rdg.prod,2024,False,0,,,dataset_repo
10.57745/plt7fe,Data_time_course_manipulation_P_laevis_G_pulex.tab,Recherche Data Gouv,Recherche Data Gouv,https://entrepot.recherche.data.gouv.fr/file.xhtml?persistentId=doi:10.57745/PLT7FE,https://commons.datacite.org/doi.org/10.57745/plt7fe,rdg.prod,2023,False,0,,,dataset_repo
10.57745/po1wqb,Fig. 3 Map of distibution.tab,Recherche Data Gouv,Recherche Data Gouv,https://entrepot.recherche.data.gouv.fr/file.xhtml?persistentId=doi:10.57745/PO1WQB,https://commons.datacite.org/doi.org/10.57745/po1wqb,rdg.prod,2026,False,0,,,dataset_repo
10.57745/ptk9ty,EscaBDA.tab,Recherche Data Gouv,Recherche Data Gouv,https://entrepot.recherche.data.gouv.fr/file.xhtml?persistentId=doi:10.57745/PTK9TY,https://commons.datacite.org/doi.org/10.57745/ptk9ty,rdg.prod,2022,False,0,,,dataset_repo
10.57745/q1fw1d,Fig. 1 List of Meta-analyses.xls,Recherche Data Gouv,Recherche Data Gouv,https://entrepot.recherche.data.gouv.fr/file.xhtml?persistentId=doi:10.57745/Q1FW1D,https://commons.datacite.org/doi.org/10.57745/q1fw1d,rdg.prod,2024,False,0,,,dataset_repo
10.57745/q4nsio,Fig 2 Publication years.R,Recherche Data Gouv,Recherche Data Gouv,https://entrepot.recherche.data.gouv.fr/file.xhtml?persistentId=doi:10.57745/Q4NSIO,https://commons.datacite.org/doi.org/10.57745/q4nsio,rdg.prod,2026,False,0,,,dataset_repo
10.57745/qa4yks,Developing meat-based recipes suited to the oral capacities of older adults: a participatory approach from the ALIMADENT project,Recherche Data Gouv,Recherche Data Gouv,https://entrepot.recherche.data.gouv.fr/citation?persistentId=doi:10.57745/QA4YKS,https://commons.datacite.org/doi.org/10.57745/qa4yks,rdg.prod,2025,False,0,,,dataset_repo
10.57745/qbrpvx,LCA_Faba(C9863)_Impacts_Contributions_Isolate_v250724.tab,Recherche Data Gouv,Recherche Data Gouv,https://entrepot.recherche.data.gouv.fr/file.xhtml?persistentId=doi:10.57745/QBRPVX,https://commons.datacite.org/doi.org/10.57745/qbrpvx,rdg.prod,2025,False,0,,,dataset_repo
10.57745/qgjnwb,"Dataset and code for peer review of ""Evidence map of the sustainability of conservation agriculture around the globe"" submitted to Nature Communications",Recherche Data Gouv,Recherche Data Gouv,https://entrepot.recherche.data.gouv.fr/citation?persistentId=doi:10.57745/QGJNWB,https://commons.datacite.org/doi.org/10.57745/qgjnwb,rdg.prod,2024,False,0,,,dataset_repo
10.57745/qivkzj,Data-Water.tab,Recherche Data Gouv,Recherche Data Gouv,https://entrepot.recherche.data.gouv.fr/file.xhtml?persistentId=doi:10.57745/QIVKZJ,https://commons.datacite.org/doi.org/10.57745/qivkzj,rdg.prod,2026,False,0,,,dataset_repo
10.57745/qj6ijr,Fig. 6 Networkplot.tab,Recherche Data Gouv,Recherche Data Gouv,https://entrepot.recherche.data.gouv.fr/file.xhtml?persistentId=doi:10.57745/QJ6IJR,https://commons.datacite.org/doi.org/10.57745/qj6ijr,rdg.prod,2024,False,0,,,dataset_repo
10.57745/qlyeik,Data_water_abs_raw.tab,Recherche Data Gouv,Recherche Data Gouv,https://entrepot.recherche.data.gouv.fr/file.xhtml?persistentId=doi:10.57745/QLYEIK,https://commons.datacite.org/doi.org/10.57745/qlyeik,rdg.prod,2026,False,0,,,dataset_repo
10.57745/qmwlxn,Viruses.tab,Recherche Data Gouv,Recherche Data Gouv,https://entrepot.recherche.data.gouv.fr/file.xhtml?persistentId=doi:10.57745/QMWLXN,https://commons.datacite.org/doi.org/10.57745/qmwlxn,rdg.prod,2022,False,0,,,dataset_repo
10.57745/qycgtt,rmqs1_16S_taxonomy_class.metadata.tab,Recherche Data Gouv,Recherche Data Gouv,https://entrepot.recherche.data.gouv.fr/file.xhtml?persistentId=doi:10.57745/QYCGTT,https://commons.datacite.org/doi.org/10.57745/qycgtt,rdg.prod,2023,False,0,,,dataset_repo
10.57745/qzvjvz,rmqs1_16S_control_taxonomy_phylum.tab,Recherche Data Gouv,Recherche Data Gouv,https://entrepot.recherche.data.gouv.fr/file.xhtml?persistentId=doi:10.57745/QZVJVZ,https://commons.datacite.org/doi.org/10.57745/qzvjvz,rdg.prod,2023,False,0,,,dataset_repo
10.57745/raj5b5,PRISMA EcoEvo quality evaluation-update.tab,Recherche Data Gouv,Recherche Data Gouv,https://entrepot.recherche.data.gouv.fr/file.xhtml?persistentId=doi:10.57745/RAJ5B5,https://commons.datacite.org/doi.org/10.57745/raj5b5,rdg.prod,2026,False,0,,,dataset_repo
10.57745/ratfvp,Fig. 3 Map of distibution.tab,Recherche Data Gouv,Recherche Data Gouv,https://entrepot.recherche.data.gouv.fr/file.xhtml?persistentId=doi:10.57745/RATFVP,https://commons.datacite.org/doi.org/10.57745/ratfvp,rdg.prod,2024,False,0,,,dataset_repo
10.57745/rbnidm,Fig. 6 Networkplot.R,Recherche Data Gouv,Recherche Data Gouv,https://entrepot.recherche.data.gouv.fr/file.xhtml?persistentId=doi:10.57745/RBNIDM,https://commons.datacite.org/doi.org/10.57745/rbnidm,rdg.prod,2024,False,0,,,dataset_repo
10.57745/rgv4ll,Fig. 6 Networkplot-Update.tab,Recherche Data Gouv,Recherche Data Gouv,https://entrepot.recherche.data.gouv.fr/file.xhtml?persistentId=doi:10.57745/RGV4LL,https://commons.datacite.org/doi.org/10.57745/rgv4ll,rdg.prod,2026,False,0,,,dataset_repo
10.57745/rxszat,6.Coalescence_Network.Rmd,Recherche Data Gouv,Recherche Data Gouv,https://entrepot.recherche.data.gouv.fr/file.xhtml?persistentId=doi:10.57745/RXSZAT,https://commons.datacite.org/doi.org/10.57745/rxszat,rdg.prod,2026,False,0,,,dataset_repo
10.57745/ry57h0,LCI_Faba(C9896)_Process_diagram_and_inventory_data_Concentrate_v240727.xlsx,Recherche Data Gouv,Recherche Data Gouv,https://entrepot.recherche.data.gouv.fr/file.xhtml?persistentId=doi:10.57745/RY57H0,https://commons.datacite.org/doi.org/10.57745/ry57h0,rdg.prod,2025,False,0,,,dataset_repo
10.57745/s3c1iw,casys_sample_metadata.tab,Recherche Data Gouv,Recherche Data Gouv,https://entrepot.recherche.data.gouv.fr/file.xhtml?persistentId=doi:10.57745/S3C1IW,https://commons.datacite.org/doi.org/10.57745/s3c1iw,rdg.prod,2026,False,0,,,dataset_repo
10.57745/s6tjfw,3.Coalescence_Community.Rmd,Recherche Data Gouv,Recherche Data Gouv,https://entrepot.recherche.data.gouv.fr/file.xhtml?persistentId=doi:10.57745/S6TJFW,https://commons.datacite.org/doi.org/10.57745/s6tjfw,rdg.prod,2026,False,0,,,dataset_repo
10.57745/saldau,Fig. 7 Forest plot.R,Recherche Data Gouv,Recherche Data Gouv,https://entrepot.recherche.data.gouv.fr/file.xhtml?persistentId=doi:10.57745/SALDAU,https://commons.datacite.org/doi.org/10.57745/saldau,rdg.prod,2024,False,0,,,dataset_repo
10.57745/so4t4m,Fig. 5 Combination of principles.tab,Recherche Data Gouv,Recherche Data Gouv,https://entrepot.recherche.data.gouv.fr/file.xhtml?persistentId=doi:10.57745/SO4T4M,https://commons.datacite.org/doi.org/10.57745/so4t4m,rdg.prod,2024,False,0,,,dataset_repo
10.57745/sru56z,README.txt,Recherche Data Gouv,Recherche Data Gouv,https://entrepot.recherche.data.gouv.fr/file.xhtml?persistentId=doi:10.57745/SRU56Z,https://commons.datacite.org/doi.org/10.57745/sru56z,rdg.prod,2026,False,0,,,dataset_repo
10.57745/svlteq,mine_IPU_parent.tab,Recherche Data Gouv,Recherche Data Gouv,https://entrepot.recherche.data.gouv.fr/file.xhtml?persistentId=doi:10.57745/SVLTEQ,https://commons.datacite.org/doi.org/10.57745/svlteq,rdg.prod,2026,False,0,,,dataset_repo
10.57745/syr1uc,Longevity.tab,Recherche Data Gouv,Recherche Data Gouv,https://entrepot.recherche.data.gouv.fr/file.xhtml?persistentId=doi:10.57745/SYR1UC,https://commons.datacite.org/doi.org/10.57745/syr1uc,rdg.prod,2022,False,0,,,dataset_repo
10.57745/ta8jup,mine_IPU_map.tab,Recherche Data Gouv,Recherche Data Gouv,https://entrepot.recherche.data.gouv.fr/file.xhtml?persistentId=doi:10.57745/TA8JUP,https://commons.datacite.org/doi.org/10.57745/ta8jup,rdg.prod,2026,False,0,,,dataset_repo
10.57745/thnywe,PRISMA EcoEvo quality evaluation.tab,Recherche Data Gouv,Recherche Data Gouv,https://entrepot.recherche.data.gouv.fr/file.xhtml?persistentId=doi:10.57745/THNYWE,https://commons.datacite.org/doi.org/10.57745/thnywe,rdg.prod,2024,False,0,,,dataset_repo
10.57745/tjj3wk,Meta-analysis Fig.7 and Supplementary figures 2-3-update.R,Recherche Data Gouv,Recherche Data Gouv,https://entrepot.recherche.data.gouv.fr/file.xhtml?persistentId=doi:10.57745/TJJ3WK,https://commons.datacite.org/doi.org/10.57745/tjj3wk,rdg.prod,2026,False,0,,,dataset_repo
10.57745/tka3ac,Fig. 5 Combination of principles.tab,Recherche Data Gouv,Recherche Data Gouv,https://entrepot.recherche.data.gouv.fr/file.xhtml?persistentId=doi:10.57745/TKA3AC,https://commons.datacite.org/doi.org/10.57745/tka3ac,rdg.prod,2024,False,0,,,dataset_repo
10.57745/tl7f0g,0_ReadMe.html,Recherche Data Gouv,Recherche Data Gouv,https://entrepot.recherche.data.gouv.fr/file.xhtml?persistentId=doi:10.57745/TL7F0G,https://commons.datacite.org/doi.org/10.57745/tl7f0g,rdg.prod,2022,False,0,,,dataset_repo
10.57745/tp39pw,1_ListVar.tab,Recherche Data Gouv,Recherche Data Gouv,https://entrepot.recherche.data.gouv.fr/file.xhtml?persistentId=doi:10.57745/TP39PW,https://commons.datacite.org/doi.org/10.57745/tp39pw,rdg.prod,2022,False,0,,,dataset_repo
10.57745/tru0cx,Fig. 4 Keywords occurrence.tab,Recherche Data Gouv,Recherche Data Gouv,https://entrepot.recherche.data.gouv.fr/file.xhtml?persistentId=doi:10.57745/TRU0CX,https://commons.datacite.org/doi.org/10.57745/tru0cx,rdg.prod,2024,False,0,,,dataset_repo
10.57745/ty61kh,metadata_water.tab,Recherche Data Gouv,Recherche Data Gouv,https://entrepot.recherche.data.gouv.fr/file.xhtml?persistentId=doi:10.57745/TY61KH,https://commons.datacite.org/doi.org/10.57745/ty61kh,rdg.prod,2026,False,0,,,dataset_repo
10.57745/u0lngi,Fig. 5 Combination of principles.tab,Recherche Data Gouv,Recherche Data Gouv,https://entrepot.recherche.data.gouv.fr/file.xhtml?persistentId=doi:10.57745/U0LNGI,https://commons.datacite.org/doi.org/10.57745/u0lngi,rdg.prod,2024,False,0,,,dataset_repo
10.57745/udpitq,Fig.7 Forest plot.tab,Recherche Data Gouv,Recherche Data Gouv,https://entrepot.recherche.data.gouv.fr/file.xhtml?persistentId=doi:10.57745/UDPITQ,https://commons.datacite.org/doi.org/10.57745/udpitq,rdg.prod,2024,False,0,,,dataset_repo
10.57745/ultzc6,otu_table_v_int_bxl.tab,Recherche Data Gouv,Recherche Data Gouv,https://entrepot.recherche.data.gouv.fr/file.xhtml?persistentId=doi:10.57745/ULTZC6,https://commons.datacite.org/doi.org/10.57745/ultzc6,rdg.prod,2026,False,0,,,dataset_repo
10.57745/unculx,Fig. 6 Networkplot.R,Recherche Data Gouv,Recherche Data Gouv,https://entrepot.recherche.data.gouv.fr/file.xhtml?persistentId=doi:10.57745/UNCULX,https://commons.datacite.org/doi.org/10.57745/unculx,rdg.prod,2024,False,0,,,dataset_repo
10.57745/upaiqd,Fig. 2 Years primary studies and meta-analyses.tab,Recherche Data Gouv,Recherche Data Gouv,https://entrepot.recherche.data.gouv.fr/file.xhtml?persistentId=doi:10.57745/UPAIQD,https://commons.datacite.org/doi.org/10.57745/upaiqd,rdg.prod,2024,False,0,,,dataset_repo
10.57745/usypew,FORTIPHY-CLT-data.tab,Recherche Data Gouv,Recherche Data Gouv,https://entrepot.recherche.data.gouv.fr/file.xhtml?persistentId=doi:10.57745/USYPEW,https://commons.datacite.org/doi.org/10.57745/usypew,rdg.prod,2026,False,0,,,dataset_repo
10.57745/uyt163,LCA_Faba(C9965)_Impacts_Contributions_Concentrate_v250724.tab,Recherche Data Gouv,Recherche Data Gouv,https://entrepot.recherche.data.gouv.fr/file.xhtml?persistentId=doi:10.57745/UYT163,https://commons.datacite.org/doi.org/10.57745/uyt163,rdg.prod,2025,False,0,,,dataset_repo
10.57745/v56bjo,Mortality.tab,Recherche Data Gouv,Recherche Data Gouv,https://entrepot.recherche.data.gouv.fr/file.xhtml?persistentId=doi:10.57745/V56BJO,https://commons.datacite.org/doi.org/10.57745/v56bjo,rdg.prod,2022,False,0,,,dataset_repo
10.57745/vdhile,Data_periphyton_microbial_param.csv,Recherche Data Gouv,Recherche Data Gouv,https://entrepot.recherche.data.gouv.fr/file.xhtml?persistentId=doi:10.57745/VDHILE,https://commons.datacite.org/doi.org/10.57745/vdhile,rdg.prod,2026,False,0,,,dataset_repo
10.57745/veodeb,Fig 3 Maps of countries.R,Recherche Data Gouv,Recherche Data Gouv,https://entrepot.recherche.data.gouv.fr/file.xhtml?persistentId=doi:10.57745/VEODEB,https://commons.datacite.org/doi.org/10.57745/veodeb,rdg.prod,2026,False,0,,,dataset_repo
10.57745/vfxpm5,rmqs1_16S_library_association.tab,Recherche Data Gouv,Recherche Data Gouv,https://entrepot.recherche.data.gouv.fr/file.xhtml?persistentId=doi:10.57745/VFXPM5,https://commons.datacite.org/doi.org/10.57745/vfxpm5,rdg.prod,2023,False,0,,,dataset_repo
10.57745/vpbzs7,3_experimental_plots_indicators_descriptors.csv,Recherche Data Gouv,Recherche Data Gouv,https://entrepot.recherche.data.gouv.fr/file.xhtml?persistentId=doi:10.57745/VPBZS7,https://commons.datacite.org/doi.org/10.57745/vpbzs7,rdg.prod,2026,False,0,,,dataset_repo
10.57745/vt29fk,LCA_Pea(C9861)_Impacts_Contributions_Concentrate_v250724.tab,Recherche Data Gouv,Recherche Data Gouv,https://entrepot.recherche.data.gouv.fr/file.xhtml?persistentId=doi:10.57745/VT29FK,https://commons.datacite.org/doi.org/10.57745/vt29fk,rdg.prod,2025,False,0,,,dataset_repo
10.57745/wbxeml,Fig 3 Maps of countries.R,Recherche Data Gouv,Recherche Data Gouv,https://entrepot.recherche.data.gouv.fr/file.xhtml?persistentId=doi:10.57745/WBXEML,https://commons.datacite.org/doi.org/10.57745/wbxeml,rdg.prod,2024,False,0,,,dataset_repo
10.57745/whekld,Fig. 6 Networkplot.tab,Recherche Data Gouv,Recherche Data Gouv,https://entrepot.recherche.data.gouv.fr/file.xhtml?persistentId=doi:10.57745/WHEKLD,https://commons.datacite.org/doi.org/10.57745/whekld,rdg.prod,2024,False,0,,,dataset_repo
10.57745/wirxic,RMQS1 16S taxonomy,Recherche Data Gouv,Recherche Data Gouv,https://entrepot.recherche.data.gouv.fr/citation?persistentId=doi:10.57745/WIRXIC,https://commons.datacite.org/doi.org/10.57745/wirxic,rdg.prod,2023,True,1,hal-01843961,,dataset_repo
10.57745/wodojw,"Acceptability of protein-fortified recipes in older adults in France, UK and Norway: home-use test",Recherche Data Gouv,Recherche Data Gouv,https://entrepot.recherche.data.gouv.fr/citation?persistentId=doi:10.57745/WODOJW,https://commons.datacite.org/doi.org/10.57745/wodojw,rdg.prod,2026,False,0,,,dataset_repo
10.57745/wojkcw,casys_otu_table_raw.tab,Recherche Data Gouv,Recherche Data Gouv,https://entrepot.recherche.data.gouv.fr/file.xhtml?persistentId=doi:10.57745/WOJKCW,https://commons.datacite.org/doi.org/10.57745/wojkcw,rdg.prod,2026,False,0,,,dataset_repo
10.57745/x5aahz,casys_phyloseq_clean.rds,Recherche Data Gouv,Recherche Data Gouv,https://entrepot.recherche.data.gouv.fr/file.xhtml?persistentId=doi:10.57745/X5AAHZ,https://commons.datacite.org/doi.org/10.57745/x5aahz,rdg.prod,2026,False,0,,,dataset_repo
10.57745/x6jilp,4_table_description.tab,Recherche Data Gouv,Recherche Data Gouv,https://entrepot.recherche.data.gouv.fr/file.xhtml?persistentId=doi:10.57745/X6JILP,https://commons.datacite.org/doi.org/10.57745/x6jilp,rdg.prod,2026,False,0,,,dataset_repo
10.57745/x6tkmm,Meta-analysis Supplemenatry Fig 3a and 3b.R,Recherche Data Gouv,Recherche Data Gouv,https://entrepot.recherche.data.gouv.fr/file.xhtml?persistentId=doi:10.57745/X6TKMM,https://commons.datacite.org/doi.org/10.57745/x6tkmm,rdg.prod,2024,False,0,,,dataset_repo
10.57745/xbfojp,RMQS1 16S bioinformatic config files and control sample data,Recherche Data Gouv,Recherche Data Gouv,https://entrepot.recherche.data.gouv.fr/citation?persistentId=doi:10.57745/XBFOJP,https://commons.datacite.org/doi.org/10.57745/xbfojp,rdg.prod,2023,True,1,hal-01843156,,dataset_repo
10.57745/xr2lei,phylogeny.tre,Recherche Data Gouv,Recherche Data Gouv,https://entrepot.recherche.data.gouv.fr/file.xhtml?persistentId=doi:10.57745/XR2LEI,https://commons.datacite.org/doi.org/10.57745/xr2lei,rdg.prod,2026,False,0,,,dataset_repo
10.57745/xrfpgy,SelectedParent_mineralisation.tab,Recherche Data Gouv,Recherche Data Gouv,https://entrepot.recherche.data.gouv.fr/file.xhtml?persistentId=doi:10.57745/XRFPGY,https://commons.datacite.org/doi.org/10.57745/xrfpgy,rdg.prod,2026,False,0,,,dataset_repo
10.57745/xsijda,LCI_CompressedAirProxy_v250724.tab,Recherche Data Gouv,Recherche Data Gouv,https://entrepot.recherche.data.gouv.fr/file.xhtml?persistentId=doi:10.57745/XSIJDA,https://commons.datacite.org/doi.org/10.57745/xsijda,rdg.prod,2025,False,0,,,dataset_repo
10.57745/xwyzhb,README.txt,Recherche Data Gouv,Recherche Data Gouv,https://entrepot.recherche.data.gouv.fr/file.xhtml?persistentId=doi:10.57745/XWYZHB,https://commons.datacite.org/doi.org/10.57745/xwyzhb,rdg.prod,2026,False,0,,,dataset_repo
10.57745/y4rmfn,Fig. 5 Combination of principles.tab,Recherche Data Gouv,Recherche Data Gouv,https://entrepot.recherche.data.gouv.fr/file.xhtml?persistentId=doi:10.57745/Y4RMFN,https://commons.datacite.org/doi.org/10.57745/y4rmfn,rdg.prod,2026,False,0,,,dataset_repo
10.57745/yfkku1,LCI_Faba(C9864)_Process_diagram_and_inventory_data_concentrate_v240727.xlsx,Recherche Data Gouv,Recherche Data Gouv,https://entrepot.recherche.data.gouv.fr/file.xhtml?persistentId=doi:10.57745/YFKKU1,https://commons.datacite.org/doi.org/10.57745/yfkku1,rdg.prod,2025,False,0,,,dataset_repo
10.57745/ysrmqx,2025_structure-questionnaire-donnees-adbu.lss,Recherche Data Gouv,Recherche Data Gouv,https://entrepot.recherche.data.gouv.fr/file.xhtml?persistentId=doi:10.57745/YSRMQX,https://commons.datacite.org/doi.org/10.57745/ysrmqx,rdg.prod,2025,False,0,,,dataset_repo
10.57745/z518u3,mapfile_parents.tab,Recherche Data Gouv,Recherche Data Gouv,https://entrepot.recherche.data.gouv.fr/file.xhtml?persistentId=doi:10.57745/Z518U3,https://commons.datacite.org/doi.org/10.57745/z518u3,rdg.prod,2026,False,0,,,dataset_repo
10.57745/zcqwnw,Fig. 5 Combination of principles.tab,Recherche Data Gouv,Recherche Data Gouv,https://entrepot.recherche.data.gouv.fr/file.xhtml?persistentId=doi:10.57745/ZCQWNW,https://commons.datacite.org/doi.org/10.57745/zcqwnw,rdg.prod,2026,False,0,,,dataset_repo
10.57745/zgfhjq,LCA_Faba(C9863)_Impacts_Contributions_Concentrate_v250724.tab,Recherche Data Gouv,Recherche Data Gouv,https://entrepot.recherche.data.gouv.fr/file.xhtml?persistentId=doi:10.57745/ZGFHJQ,https://commons.datacite.org/doi.org/10.57745/zgfhjq,rdg.prod,2025,False,0,,,dataset_repo
10.57745/zli4rv,Fig 3 Maps of countries.R,Recherche Data Gouv,Recherche Data Gouv,https://entrepot.recherche.data.gouv.fr/file.xhtml?persistentId=doi:10.57745/ZLI4RV,https://commons.datacite.org/doi.org/10.57745/zli4rv,rdg.prod,2024,False,0,,,dataset_repo
10.57745/znrmzx,Dataset of farming practices and indicators of performance of pesticide-free experimental cropping systems (CA-SYS and ABY) and their 25 organic and conventional reference systems over the 2020-2023 period,Recherche Data Gouv,Recherche Data Gouv,https://entrepot.recherche.data.gouv.fr/citation?persistentId=doi:10.57745/ZNRMZX,https://commons.datacite.org/doi.org/10.57745/znrmzx,rdg.prod,2026,False,0,,,dataset_repo
10.57745/zrbfbj,rmqs1_16S_taxonomy_genus.tab,Recherche Data Gouv,Recherche Data Gouv,https://entrepot.recherche.data.gouv.fr/file.xhtml?persistentId=doi:10.57745/ZRBFBJ,https://commons.datacite.org/doi.org/10.57745/zrbfbj,rdg.prod,2023,False,0,,,dataset_repo
10.57745/zzwkgq,RMQS1 16S operational taxonomic units,Recherche Data Gouv,Recherche Data Gouv,https://entrepot.recherche.data.gouv.fr/citation?persistentId=doi:10.57745/ZZWKGQ,https://commons.datacite.org/doi.org/10.57745/zzwkgq,rdg.prod,2023,True,2,hal-01843156|hal-03129732,,dataset_repo
10.57760/sciencedb.11496,Data base Lake Ilay sediment core IL226b-num UBGD.300450,Science Data Bank,Science Data Bank,https://www.scidb.cn/detail?dataSetId=7ff6a4eca0a64f9cad7fbaed0acdf045,https://commons.datacite.org/doi.org/10.57760/sciencedb.11496,cnic.sciencedb,2024,False,0,,creator_name,other
10.6084/m9.figshare.14247620,Additional file 1 of EIF3F-related neurodevelopmental disorder: refining the phenotypic and expanding the molecular spectrum,Figshare,figshare,https://springernature.figshare.com/articles/dataset/Additional_file_1_of_EIF3F-related_neurodevelopmental_disorder_refining_the_phenotypic_and_expanding_the_molecular_spectrum/14247620,https://commons.datacite.org/doi.org/10.6084/m9.figshare.14247620,figshare.ars,2021,False,0,,creator_name,dataset_repo
10.6084/m9.figshare.14247620.v1,Additional file 1 of EIF3F-related neurodevelopmental disorder: refining the phenotypic and expanding the molecular spectrum,Figshare,figshare,https://springernature.figshare.com/articles/dataset/Additional_file_1_of_EIF3F-related_neurodevelopmental_disorder_refining_the_phenotypic_and_expanding_the_molecular_spectrum/14247620/1,https://commons.datacite.org/doi.org/10.6084/m9.figshare.14247620.v1,figshare.ars,2021,False,0,,creator_name,dataset_repo
10.6084/m9.figshare.14450781,Additional file 1 of Rare deleterious mutations of HNRNP genes result in shared neurodevelopmental disorders,Figshare,figshare,https://springernature.figshare.com/articles/dataset/Additional_file_1_of_Rare_deleterious_mutations_of_HNRNP_genes_result_in_shared_neurodevelopmental_disorders/14450781,https://commons.datacite.org/doi.org/10.6084/m9.figshare.14450781,figshare.ars,2021,False,0,,creator_name,dataset_repo
10.6084/m9.figshare.14450781.v1,Additional file 1 of Rare deleterious mutations of HNRNP genes result in shared neurodevelopmental disorders,Figshare,figshare,https://springernature.figshare.com/articles/dataset/Additional_file_1_of_Rare_deleterious_mutations_of_HNRNP_genes_result_in_shared_neurodevelopmental_disorders/14450781/1,https://commons.datacite.org/doi.org/10.6084/m9.figshare.14450781.v1,figshare.ars,2021,False,0,,creator_name,dataset_repo
10.6084/m9.figshare.15058257,Additional file 1 of Dissecting indirect genetic effects from peers in laboratory mice,Figshare,figshare,https://springernature.figshare.com/articles/dataset/Additional_file_1_of_Dissecting_indirect_genetic_effects_from_peers_in_laboratory_mice/15058257,https://commons.datacite.org/doi.org/10.6084/m9.figshare.15058257,figshare.ars,2021,False,0,,creator_name,dataset_repo
10.6084/m9.figshare.15058257.v1,Additional file 1 of Dissecting indirect genetic effects from peers in laboratory mice,Figshare,figshare,https://springernature.figshare.com/articles/dataset/Additional_file_1_of_Dissecting_indirect_genetic_effects_from_peers_in_laboratory_mice/15058257/1,https://commons.datacite.org/doi.org/10.6084/m9.figshare.15058257.v1,figshare.ars,2021,False,0,,creator_name,dataset_repo
10.6084/m9.figshare.15058263,Additional file 3 of Dissecting indirect genetic effects from peers in laboratory mice,Figshare,figshare,https://springernature.figshare.com/articles/dataset/Additional_file_3_of_Dissecting_indirect_genetic_effects_from_peers_in_laboratory_mice/15058263,https://commons.datacite.org/doi.org/10.6084/m9.figshare.15058263,figshare.ars,2021,False,0,,creator_name,dataset_repo
10.6084/m9.figshare.15058263.v1,Additional file 3 of Dissecting indirect genetic effects from peers in laboratory mice,Figshare,figshare,https://springernature.figshare.com/articles/dataset/Additional_file_3_of_Dissecting_indirect_genetic_effects_from_peers_in_laboratory_mice/15058263/1,https://commons.datacite.org/doi.org/10.6084/m9.figshare.15058263.v1,figshare.ars,2021,False,0,,creator_name,dataset_repo
10.6084/m9.figshare.15058266,Additional file 4 of Dissecting indirect genetic effects from peers in laboratory mice,Figshare,figshare,https://springernature.figshare.com/articles/dataset/Additional_file_4_of_Dissecting_indirect_genetic_effects_from_peers_in_laboratory_mice/15058266,https://commons.datacite.org/doi.org/10.6084/m9.figshare.15058266,figshare.ars,2021,False,0,,creator_name,dataset_repo
10.6084/m9.figshare.15058266.v1,Additional file 4 of Dissecting indirect genetic effects from peers in laboratory mice,Figshare,figshare,https://springernature.figshare.com/articles/dataset/Additional_file_4_of_Dissecting_indirect_genetic_effects_from_peers_in_laboratory_mice/15058266/1,https://commons.datacite.org/doi.org/10.6084/m9.figshare.15058266.v1,figshare.ars,2021,False,0,,creator_name,dataset_repo
10.6084/m9.figshare.15058272,Additional file 5 of Dissecting indirect genetic effects from peers in laboratory mice,Figshare,figshare,https://springernature.figshare.com/articles/dataset/Additional_file_5_of_Dissecting_indirect_genetic_effects_from_peers_in_laboratory_mice/15058272,https://commons.datacite.org/doi.org/10.6084/m9.figshare.15058272,figshare.ars,2021,False,0,,creator_name,dataset_repo
10.6084/m9.figshare.15058272.v1,Additional file 5 of Dissecting indirect genetic effects from peers in laboratory mice,Figshare,figshare,https://springernature.figshare.com/articles/dataset/Additional_file_5_of_Dissecting_indirect_genetic_effects_from_peers_in_laboratory_mice/15058272/1,https://commons.datacite.org/doi.org/10.6084/m9.figshare.15058272.v1,figshare.ars,2021,False,0,,creator_name,dataset_repo
10.6084/m9.figshare.19395817,Additional file 1 of Personalization of renal replacement therapy initiation: a secondary analysis of the AKIKI and IDEAL-ICU trials,Figshare,figshare,https://springernature.figshare.com/articles/dataset/Additional_file_1_of_Personalization_of_renal_replacement_therapy_initiation_a_secondary_analysis_of_the_AKIKI_and_IDEAL-ICU_trials/19395817,https://commons.datacite.org/doi.org/10.6084/m9.figshare.19395817,figshare.ars,2022,False,0,,creator_name,dataset_repo
10.6084/m9.figshare.19395817.v1,Additional file 1 of Personalization of renal replacement therapy initiation: a secondary analysis of the AKIKI and IDEAL-ICU trials,Figshare,figshare,https://springernature.figshare.com/articles/dataset/Additional_file_1_of_Personalization_of_renal_replacement_therapy_initiation_a_secondary_analysis_of_the_AKIKI_and_IDEAL-ICU_trials/19395817/1,https://commons.datacite.org/doi.org/10.6084/m9.figshare.19395817.v1,figshare.ars,2022,False,0,,creator_name,dataset_repo
10.6084/m9.figshare.19401732,Additional file 10 of A comparative methylome analysis reveals conservation and divergence of DNA methylation patterns and functions in vertebrates,Figshare,figshare,https://springernature.figshare.com/articles/dataset/Additional_file_10_of_A_comparative_methylome_analysis_reveals_conservation_and_divergence_of_DNA_methylation_patterns_and_functions_in_vertebrates/19401732,https://commons.datacite.org/doi.org/10.6084/m9.figshare.19401732,figshare.ars,2022,False,0,,creator_name,dataset_repo
10.6084/m9.figshare.19401732.v1,Additional file 10 of A comparative methylome analysis reveals conservation and divergence of DNA methylation patterns and functions in vertebrates,Figshare,figshare,https://springernature.figshare.com/articles/dataset/Additional_file_10_of_A_comparative_methylome_analysis_reveals_conservation_and_divergence_of_DNA_methylation_patterns_and_functions_in_vertebrates/19401732/1,https://commons.datacite.org/doi.org/10.6084/m9.figshare.19401732.v1,figshare.ars,2022,False,0,,creator_name,dataset_repo
10.6084/m9.figshare.19401741,Additional file 11 of A comparative methylome analysis reveals conservation and divergence of DNA methylation patterns and functions in vertebrates,Figshare,figshare,https://springernature.figshare.com/articles/dataset/Additional_file_11_of_A_comparative_methylome_analysis_reveals_conservation_and_divergence_of_DNA_methylation_patterns_and_functions_in_vertebrates/19401741,https://commons.datacite.org/doi.org/10.6084/m9.figshare.19401741,figshare.ars,2022,False,0,,creator_name,dataset_repo
10.6084/m9.figshare.19401741.v1,Additional file 11 of A comparative methylome analysis reveals conservation and divergence of DNA methylation patterns and functions in vertebrates,Figshare,figshare,https://springernature.figshare.com/articles/dataset/Additional_file_11_of_A_comparative_methylome_analysis_reveals_conservation_and_divergence_of_DNA_methylation_patterns_and_functions_in_vertebrates/19401741/1,https://commons.datacite.org/doi.org/10.6084/m9.figshare.19401741.v1,figshare.ars,2022,False,0,,creator_name,dataset_repo
10.6084/m9.figshare.19401744,Additional file 12 of A comparative methylome analysis reveals conservation and divergence of DNA methylation patterns and functions in vertebrates,Figshare,figshare,https://springernature.figshare.com/articles/dataset/Additional_file_12_of_A_comparative_methylome_analysis_reveals_conservation_and_divergence_of_DNA_methylation_patterns_and_functions_in_vertebrates/19401744,https://commons.datacite.org/doi.org/10.6084/m9.figshare.19401744,figshare.ars,2022,False,0,,creator_name,dataset_repo
10.6084/m9.figshare.19401744.v1,Additional file 12 of A comparative methylome analysis reveals conservation and divergence of DNA methylation patterns and functions in vertebrates,Figshare,figshare,https://springernature.figshare.com/articles/dataset/Additional_file_12_of_A_comparative_methylome_analysis_reveals_conservation_and_divergence_of_DNA_methylation_patterns_and_functions_in_vertebrates/19401744/1,https://commons.datacite.org/doi.org/10.6084/m9.figshare.19401744.v1,figshare.ars,2022,False,0,,creator_name,dataset_repo
10.6084/m9.figshare.19401750,Additional file 2 of A comparative methylome analysis reveals conservation and divergence of DNA methylation patterns and functions in vertebrates,Figshare,figshare,https://springernature.figshare.com/articles/dataset/Additional_file_2_of_A_comparative_methylome_analysis_reveals_conservation_and_divergence_of_DNA_methylation_patterns_and_functions_in_vertebrates/19401750,https://commons.datacite.org/doi.org/10.6084/m9.figshare.19401750,figshare.ars,2022,False,0,,creator_name,dataset_repo
10.6084/m9.figshare.19401750.v1,Additional file 2 of A comparative methylome analysis reveals conservation and divergence of DNA methylation patterns and functions in vertebrates,Figshare,figshare,https://springernature.figshare.com/articles/dataset/Additional_file_2_of_A_comparative_methylome_analysis_reveals_conservation_and_divergence_of_DNA_methylation_patterns_and_functions_in_vertebrates/19401750/1,https://commons.datacite.org/doi.org/10.6084/m9.figshare.19401750.v1,figshare.ars,2022,False,0,,creator_name,dataset_repo
10.6084/m9.figshare.19401753,Additional file 3 of A comparative methylome analysis reveals conservation and divergence of DNA methylation patterns and functions in vertebrates,Figshare,figshare,https://springernature.figshare.com/articles/dataset/Additional_file_3_of_A_comparative_methylome_analysis_reveals_conservation_and_divergence_of_DNA_methylation_patterns_and_functions_in_vertebrates/19401753,https://commons.datacite.org/doi.org/10.6084/m9.figshare.19401753,figshare.ars,2022,False,0,,creator_name,dataset_repo
10.6084/m9.figshare.19401753.v1,Additional file 3 of A comparative methylome analysis reveals conservation and divergence of DNA methylation patterns and functions in vertebrates,Figshare,figshare,https://springernature.figshare.com/articles/dataset/Additional_file_3_of_A_comparative_methylome_analysis_reveals_conservation_and_divergence_of_DNA_methylation_patterns_and_functions_in_vertebrates/19401753/1,https://commons.datacite.org/doi.org/10.6084/m9.figshare.19401753.v1,figshare.ars,2022,False,0,,creator_name,dataset_repo
10.6084/m9.figshare.19401756,Additional file 4 of A comparative methylome analysis reveals conservation and divergence of DNA methylation patterns and functions in vertebrates,Figshare,figshare,https://springernature.figshare.com/articles/dataset/Additional_file_4_of_A_comparative_methylome_analysis_reveals_conservation_and_divergence_of_DNA_methylation_patterns_and_functions_in_vertebrates/19401756,https://commons.datacite.org/doi.org/10.6084/m9.figshare.19401756,figshare.ars,2022,False,0,,creator_name,dataset_repo
10.6084/m9.figshare.19401756.v1,Additional file 4 of A comparative methylome analysis reveals conservation and divergence of DNA methylation patterns and functions in vertebrates,Figshare,figshare,https://springernature.figshare.com/articles/dataset/Additional_file_4_of_A_comparative_methylome_analysis_reveals_conservation_and_divergence_of_DNA_methylation_patterns_and_functions_in_vertebrates/19401756/1,https://commons.datacite.org/doi.org/10.6084/m9.figshare.19401756.v1,figshare.ars,2022,False,0,,creator_name,dataset_repo
10.6084/m9.figshare.19401759,Additional file 5 of A comparative methylome analysis reveals conservation and divergence of DNA methylation patterns and functions in vertebrates,Figshare,figshare,https://springernature.figshare.com/articles/dataset/Additional_file_5_of_A_comparative_methylome_analysis_reveals_conservation_and_divergence_of_DNA_methylation_patterns_and_functions_in_vertebrates/19401759,https://commons.datacite.org/doi.org/10.6084/m9.figshare.19401759,figshare.ars,2022,False,0,,creator_name,dataset_repo
10.6084/m9.figshare.19401759.v1,Additional file 5 of A comparative methylome analysis reveals conservation and divergence of DNA methylation patterns and functions in vertebrates,Figshare,figshare,https://springernature.figshare.com/articles/dataset/Additional_file_5_of_A_comparative_methylome_analysis_reveals_conservation_and_divergence_of_DNA_methylation_patterns_and_functions_in_vertebrates/19401759/1,https://commons.datacite.org/doi.org/10.6084/m9.figshare.19401759.v1,figshare.ars,2022,False,0,,creator_name,dataset_repo
10.6084/m9.figshare.19401762,Additional file 6 of A comparative methylome analysis reveals conservation and divergence of DNA methylation patterns and functions in vertebrates,Figshare,figshare,https://springernature.figshare.com/articles/dataset/Additional_file_6_of_A_comparative_methylome_analysis_reveals_conservation_and_divergence_of_DNA_methylation_patterns_and_functions_in_vertebrates/19401762,https://commons.datacite.org/doi.org/10.6084/m9.figshare.19401762,figshare.ars,2022,False,0,,creator_name,dataset_repo
10.6084/m9.figshare.19401762.v1,Additional file 6 of A comparative methylome analysis reveals conservation and divergence of DNA methylation patterns and functions in vertebrates,Figshare,figshare,https://springernature.figshare.com/articles/dataset/Additional_file_6_of_A_comparative_methylome_analysis_reveals_conservation_and_divergence_of_DNA_methylation_patterns_and_functions_in_vertebrates/19401762/1,https://commons.datacite.org/doi.org/10.6084/m9.figshare.19401762.v1,figshare.ars,2022,False,0,,creator_name,dataset_repo
10.6084/m9.figshare.19401765,Additional file 7 of A comparative methylome analysis reveals conservation and divergence of DNA methylation patterns and functions in vertebrates,Figshare,figshare,https://springernature.figshare.com/articles/dataset/Additional_file_7_of_A_comparative_methylome_analysis_reveals_conservation_and_divergence_of_DNA_methylation_patterns_and_functions_in_vertebrates/19401765,https://commons.datacite.org/doi.org/10.6084/m9.figshare.19401765,figshare.ars,2022,False,0,,creator_name,dataset_repo
10.6084/m9.figshare.19401765.v1,Additional file 7 of A comparative methylome analysis reveals conservation and divergence of DNA methylation patterns and functions in vertebrates,Figshare,figshare,https://springernature.figshare.com/articles/dataset/Additional_file_7_of_A_comparative_methylome_analysis_reveals_conservation_and_divergence_of_DNA_methylation_patterns_and_functions_in_vertebrates/19401765/1,https://commons.datacite.org/doi.org/10.6084/m9.figshare.19401765.v1,figshare.ars,2022,False,0,,creator_name,dataset_repo
10.6084/m9.figshare.19401768,Additional file 8 of A comparative methylome analysis reveals conservation and divergence of DNA methylation patterns and functions in vertebrates,Figshare,figshare,https://springernature.figshare.com/articles/dataset/Additional_file_8_of_A_comparative_methylome_analysis_reveals_conservation_and_divergence_of_DNA_methylation_patterns_and_functions_in_vertebrates/19401768,https://commons.datacite.org/doi.org/10.6084/m9.figshare.19401768,figshare.ars,2022,False,0,,creator_name,dataset_repo
10.6084/m9.figshare.19401768.v1,Additional file 8 of A comparative methylome analysis reveals conservation and divergence of DNA methylation patterns and functions in vertebrates,Figshare,figshare,https://springernature.figshare.com/articles/dataset/Additional_file_8_of_A_comparative_methylome_analysis_reveals_conservation_and_divergence_of_DNA_methylation_patterns_and_functions_in_vertebrates/19401768/1,https://commons.datacite.org/doi.org/10.6084/m9.figshare.19401768.v1,figshare.ars,2022,False,0,,creator_name,dataset_repo
10.6084/m9.figshare.19401771,Additional file 9 of A comparative methylome analysis reveals conservation and divergence of DNA methylation patterns and functions in vertebrates,Figshare,figshare,https://springernature.figshare.com/articles/dataset/Additional_file_9_of_A_comparative_methylome_analysis_reveals_conservation_and_divergence_of_DNA_methylation_patterns_and_functions_in_vertebrates/19401771,https://commons.datacite.org/doi.org/10.6084/m9.figshare.19401771,figshare.ars,2022,False,0,,creator_name,dataset_repo
10.6084/m9.figshare.19401771.v1,Additional file 9 of A comparative methylome analysis reveals conservation and divergence of DNA methylation patterns and functions in vertebrates,Figshare,figshare,https://springernature.figshare.com/articles/dataset/Additional_file_9_of_A_comparative_methylome_analysis_reveals_conservation_and_divergence_of_DNA_methylation_patterns_and_functions_in_vertebrates/19401771/1,https://commons.datacite.org/doi.org/10.6084/m9.figshare.19401771.v1,figshare.ars,2022,False,0,,creator_name,dataset_repo
10.6084/m9.figshare.20342258,Additional file 1 of Development and validation of a quality of life measurement scale specific to hereditary hemorrhagic telangiectasia: the QoL-HHT,Figshare,figshare,https://springernature.figshare.com/articles/dataset/Additional_file_1_of_Development_and_validation_of_a_quality_of_life_measurement_scale_specific_to_hereditary_hemorrhagic_telangiectasia_the_QoL-HHT/20342258,https://commons.datacite.org/doi.org/10.6084/m9.figshare.20342258,figshare.ars,2022,False,0,,creator_name,dataset_repo
10.6084/m9.figshare.20342258.v1,Additional file 1 of Development and validation of a quality of life measurement scale specific to hereditary hemorrhagic telangiectasia: the QoL-HHT,Figshare,figshare,https://springernature.figshare.com/articles/dataset/Additional_file_1_of_Development_and_validation_of_a_quality_of_life_measurement_scale_specific_to_hereditary_hemorrhagic_telangiectasia_the_QoL-HHT/20342258/1,https://commons.datacite.org/doi.org/10.6084/m9.figshare.20342258.v1,figshare.ars,2022,False,0,,creator_name,dataset_repo
10.6084/m9.figshare.20342261,Additional file 2 of Development and validation of a quality of life measurement scale specific to hereditary hemorrhagic telangiectasia: the QoL-HHT,Figshare,figshare,https://springernature.figshare.com/articles/dataset/Additional_file_2_of_Development_and_validation_of_a_quality_of_life_measurement_scale_specific_to_hereditary_hemorrhagic_telangiectasia_the_QoL-HHT/20342261,https://commons.datacite.org/doi.org/10.6084/m9.figshare.20342261,figshare.ars,2022,False,0,,creator_name,dataset_repo
10.6084/m9.figshare.20342261.v1,Additional file 2 of Development and validation of a quality of life measurement scale specific to hereditary hemorrhagic telangiectasia: the QoL-HHT,Figshare,figshare,https://springernature.figshare.com/articles/dataset/Additional_file_2_of_Development_and_validation_of_a_quality_of_life_measurement_scale_specific_to_hereditary_hemorrhagic_telangiectasia_the_QoL-HHT/20342261/1,https://commons.datacite.org/doi.org/10.6084/m9.figshare.20342261.v1,figshare.ars,2022,False,0,,creator_name,dataset_repo
10.6084/m9.figshare.20342264,Additional file 3 of Development and validation of a quality of life measurement scale specific to hereditary hemorrhagic telangiectasia: the QoL-HHT,Figshare,figshare,https://springernature.figshare.com/articles/dataset/Additional_file_3_of_Development_and_validation_of_a_quality_of_life_measurement_scale_specific_to_hereditary_hemorrhagic_telangiectasia_the_QoL-HHT/20342264,https://commons.datacite.org/doi.org/10.6084/m9.figshare.20342264,figshare.ars,2022,False,0,,creator_name,dataset_repo
10.6084/m9.figshare.20342264.v1,Additional file 3 of Development and validation of a quality of life measurement scale specific to hereditary hemorrhagic telangiectasia: the QoL-HHT,Figshare,figshare,https://springernature.figshare.com/articles/dataset/Additional_file_3_of_Development_and_validation_of_a_quality_of_life_measurement_scale_specific_to_hereditary_hemorrhagic_telangiectasia_the_QoL-HHT/20342264/1,https://commons.datacite.org/doi.org/10.6084/m9.figshare.20342264.v1,figshare.ars,2022,False,0,,creator_name,dataset_repo
10.6084/m9.figshare.21162604,Additional file 1 of Performance analysis of remote photoplethysmography deep filtering using long short-term memory neural network,Figshare,figshare,https://springernature.figshare.com/articles/dataset/Additional_file_1_of_Performance_analysis_of_remote_photoplethysmography_deep_filtering_using_long_short-term_memory_neural_network/21162604,https://commons.datacite.org/doi.org/10.6084/m9.figshare.21162604,figshare.ars,2022,False,0,,creator_name,dataset_repo
10.6084/m9.figshare.21162604.v1,Additional file 1 of Performance analysis of remote photoplethysmography deep filtering using long short-term memory neural network,Figshare,figshare,https://springernature.figshare.com/articles/dataset/Additional_file_1_of_Performance_analysis_of_remote_photoplethysmography_deep_filtering_using_long_short-term_memory_neural_network/21162604/1,https://commons.datacite.org/doi.org/10.6084/m9.figshare.21162604.v1,figshare.ars,2022,False,0,,creator_name,dataset_repo
10.6084/m9.figshare.21162607,Additional file 2 of Performance analysis of remote photoplethysmography deep filtering using long short-term memory neural network,Figshare,figshare,https://springernature.figshare.com/articles/dataset/Additional_file_2_of_Performance_analysis_of_remote_photoplethysmography_deep_filtering_using_long_short-term_memory_neural_network/21162607,https://commons.datacite.org/doi.org/10.6084/m9.figshare.21162607,figshare.ars,2022,False,0,,creator_name,dataset_repo
10.6084/m9.figshare.21162607.v1,Additional file 2 of Performance analysis of remote photoplethysmography deep filtering using long short-term memory neural network,Figshare,figshare,https://springernature.figshare.com/articles/dataset/Additional_file_2_of_Performance_analysis_of_remote_photoplethysmography_deep_filtering_using_long_short-term_memory_neural_network/21162607/1,https://commons.datacite.org/doi.org/10.6084/m9.figshare.21162607.v1,figshare.ars,2022,False,0,,creator_name,dataset_repo
10.6084/m9.figshare.21162610,Additional file 3 of Performance analysis of remote photoplethysmography deep filtering using long short-term memory neural network,Figshare,figshare,https://springernature.figshare.com/articles/dataset/Additional_file_3_of_Performance_analysis_of_remote_photoplethysmography_deep_filtering_using_long_short-term_memory_neural_network/21162610,https://commons.datacite.org/doi.org/10.6084/m9.figshare.21162610,figshare.ars,2022,False,0,,creator_name,dataset_repo
10.6084/m9.figshare.21162610.v1,Additional file 3 of Performance analysis of remote photoplethysmography deep filtering using long short-term memory neural network,Figshare,figshare,https://springernature.figshare.com/articles/dataset/Additional_file_3_of_Performance_analysis_of_remote_photoplethysmography_deep_filtering_using_long_short-term_memory_neural_network/21162610/1,https://commons.datacite.org/doi.org/10.6084/m9.figshare.21162610.v1,figshare.ars,2022,False,0,,creator_name,dataset_repo
10.6084/m9.figshare.26640502,Additional file 3 of Dissecting the autism-associated 16p11.2 locus identifies multiple drivers in neuroanatomical phenotypes and unveils a male-specific role for the major vault protein,Figshare,figshare,https://springernature.figshare.com/articles/dataset/Additional_file_3_of_Dissecting_the_autism-associated_16p11_2_locus_identifies_multiple_drivers_in_neuroanatomical_phenotypes_and_unveils_a_male-specific_role_for_the_major_vault_protein/26640502,https://commons.datacite.org/doi.org/10.6084/m9.figshare.26640502,figshare.ars,2024,False,0,,creator_name,dataset_repo
10.6084/m9.figshare.26640502.v1,Additional file 3 of Dissecting the autism-associated 16p11.2 locus identifies multiple drivers in neuroanatomical phenotypes and unveils a male-specific role for the major vault protein,Figshare,figshare,https://springernature.figshare.com/articles/dataset/Additional_file_3_of_Dissecting_the_autism-associated_16p11_2_locus_identifies_multiple_drivers_in_neuroanatomical_phenotypes_and_unveils_a_male-specific_role_for_the_major_vault_protein/26640502/1,https://commons.datacite.org/doi.org/10.6084/m9.figshare.26640502.v1,figshare.ars,2024,False,0,,creator_name,dataset_repo
10.6084/m9.figshare.26640505,Additional file 4 of Dissecting the autism-associated 16p11.2 locus identifies multiple drivers in neuroanatomical phenotypes and unveils a male-specific role for the major vault protein,Figshare,figshare,https://springernature.figshare.com/articles/dataset/Additional_file_4_of_Dissecting_the_autism-associated_16p11_2_locus_identifies_multiple_drivers_in_neuroanatomical_phenotypes_and_unveils_a_male-specific_role_for_the_major_vault_protein/26640505,https://commons.datacite.org/doi.org/10.6084/m9.figshare.26640505,figshare.ars,2024,False,0,,creator_name,dataset_repo
10.6084/m9.figshare.26640505.v1,Additional file 4 of Dissecting the autism-associated 16p11.2 locus identifies multiple drivers in neuroanatomical phenotypes and unveils a male-specific role for the major vault protein,Figshare,figshare,https://springernature.figshare.com/articles/dataset/Additional_file_4_of_Dissecting_the_autism-associated_16p11_2_locus_identifies_multiple_drivers_in_neuroanatomical_phenotypes_and_unveils_a_male-specific_role_for_the_major_vault_protein/26640505/1,https://commons.datacite.org/doi.org/10.6084/m9.figshare.26640505.v1,figshare.ars,2024,False,0,,creator_name,dataset_repo
10.6084/m9.figshare.26640508,Additional file 5 of Dissecting the autism-associated 16p11.2 locus identifies multiple drivers in neuroanatomical phenotypes and unveils a male-specific role for the major vault protein,Figshare,figshare,https://springernature.figshare.com/articles/dataset/Additional_file_5_of_Dissecting_the_autism-associated_16p11_2_locus_identifies_multiple_drivers_in_neuroanatomical_phenotypes_and_unveils_a_male-specific_role_for_the_major_vault_protein/26640508,https://commons.datacite.org/doi.org/10.6084/m9.figshare.26640508,figshare.ars,2024,False,0,,creator_name,dataset_repo
10.6084/m9.figshare.26640508.v1,Additional file 5 of Dissecting the autism-associated 16p11.2 locus identifies multiple drivers in neuroanatomical phenotypes and unveils a male-specific role for the major vault protein,Figshare,figshare,https://springernature.figshare.com/articles/dataset/Additional_file_5_of_Dissecting_the_autism-associated_16p11_2_locus_identifies_multiple_drivers_in_neuroanatomical_phenotypes_and_unveils_a_male-specific_role_for_the_major_vault_protein/26640508/1,https://commons.datacite.org/doi.org/10.6084/m9.figshare.26640508.v1,figshare.ars,2024,False,0,,creator_name,dataset_repo
10.6084/m9.figshare.26640511,Additional file 6 of Dissecting the autism-associated 16p11.2 locus identifies multiple drivers in neuroanatomical phenotypes and unveils a male-specific role for the major vault protein,Figshare,figshare,https://springernature.figshare.com/articles/dataset/Additional_file_6_of_Dissecting_the_autism-associated_16p11_2_locus_identifies_multiple_drivers_in_neuroanatomical_phenotypes_and_unveils_a_male-specific_role_for_the_major_vault_protein/26640511,https://commons.datacite.org/doi.org/10.6084/m9.figshare.26640511,figshare.ars,2024,False,0,,creator_name,dataset_repo
10.6084/m9.figshare.26640511.v1,Additional file 6 of Dissecting the autism-associated 16p11.2 locus identifies multiple drivers in neuroanatomical phenotypes and unveils a male-specific role for the major vault protein,Figshare,figshare,https://springernature.figshare.com/articles/dataset/Additional_file_6_of_Dissecting_the_autism-associated_16p11_2_locus_identifies_multiple_drivers_in_neuroanatomical_phenotypes_and_unveils_a_male-specific_role_for_the_major_vault_protein/26640511/1,https://commons.datacite.org/doi.org/10.6084/m9.figshare.26640511.v1,figshare.ars,2024,False,0,,creator_name,dataset_repo
10.6084/m9.figshare.26640514,Additional file 7 of Dissecting the autism-associated 16p11.2 locus identifies multiple drivers in neuroanatomical phenotypes and unveils a male-specific role for the major vault protein,Figshare,figshare,https://springernature.figshare.com/articles/dataset/Additional_file_7_of_Dissecting_the_autism-associated_16p11_2_locus_identifies_multiple_drivers_in_neuroanatomical_phenotypes_and_unveils_a_male-specific_role_for_the_major_vault_protein/26640514,https://commons.datacite.org/doi.org/10.6084/m9.figshare.26640514,figshare.ars,2024,False,0,,creator_name,dataset_repo
10.6084/m9.figshare.26640514.v1,Additional file 7 of Dissecting the autism-associated 16p11.2 locus identifies multiple drivers in neuroanatomical phenotypes and unveils a male-specific role for the major vault protein,Figshare,figshare,https://springernature.figshare.com/articles/dataset/Additional_file_7_of_Dissecting_the_autism-associated_16p11_2_locus_identifies_multiple_drivers_in_neuroanatomical_phenotypes_and_unveils_a_male-specific_role_for_the_major_vault_protein/26640514/1,https://commons.datacite.org/doi.org/10.6084/m9.figshare.26640514.v1,figshare.ars,2024,False,0,,creator_name,dataset_repo
10.6084/m9.figshare.26640517,Additional file 8 of Dissecting the autism-associated 16p11.2 locus identifies multiple drivers in neuroanatomical phenotypes and unveils a male-specific role for the major vault protein,Figshare,figshare,https://springernature.figshare.com/articles/dataset/Additional_file_8_of_Dissecting_the_autism-associated_16p11_2_locus_identifies_multiple_drivers_in_neuroanatomical_phenotypes_and_unveils_a_male-specific_role_for_the_major_vault_protein/26640517,https://commons.datacite.org/doi.org/10.6084/m9.figshare.26640517,figshare.ars,2024,False,0,,creator_name,dataset_repo
10.6084/m9.figshare.26640517.v1,Additional file 8 of Dissecting the autism-associated 16p11.2 locus identifies multiple drivers in neuroanatomical phenotypes and unveils a male-specific role for the major vault protein,Figshare,figshare,https://springernature.figshare.com/articles/dataset/Additional_file_8_of_Dissecting_the_autism-associated_16p11_2_locus_identifies_multiple_drivers_in_neuroanatomical_phenotypes_and_unveils_a_male-specific_role_for_the_major_vault_protein/26640517/1,https://commons.datacite.org/doi.org/10.6084/m9.figshare.26640517.v1,figshare.ars,2024,False,0,,creator_name,dataset_repo
10.6084/m9.figshare.26681143,Additional file 1 of Dynamic effects of black soldier fly larvae meal on the cecal bacterial microbiota and prevalence of selected antimicrobial resistant determinants in broiler chickens,Figshare,figshare,https://springernature.figshare.com/articles/dataset/Additional_file_1_of_Dynamic_effects_of_black_soldier_fly_larvae_meal_on_the_cecal_bacterial_microbiota_and_prevalence_of_selected_antimicrobial_resistant_determinants_in_broiler_chickens/26681143,https://commons.datacite.org/doi.org/10.6084/m9.figshare.26681143,figshare.ars,2024,False,0,,creator_name,dataset_repo
10.6084/m9.figshare.26681143.v1,Additional file 1 of Dynamic effects of black soldier fly larvae meal on the cecal bacterial microbiota and prevalence of selected antimicrobial resistant determinants in broiler chickens,Figshare,figshare,https://springernature.figshare.com/articles/dataset/Additional_file_1_of_Dynamic_effects_of_black_soldier_fly_larvae_meal_on_the_cecal_bacterial_microbiota_and_prevalence_of_selected_antimicrobial_resistant_determinants_in_broiler_chickens/26681143/1,https://commons.datacite.org/doi.org/10.6084/m9.figshare.26681143.v1,figshare.ars,2024,False,0,,creator_name,dataset_repo
10.6084/m9.figshare.26723487,Additional file 3 of Variant-specific pathophysiological mechanisms of AFF3 differently influence transcriptome profiles,Figshare,figshare,https://springernature.figshare.com/articles/dataset/Additional_file_3_of_Variant-specific_pathophysiological_mechanisms_of_AFF3_differently_influence_transcriptome_profiles/26723487,https://commons.datacite.org/doi.org/10.6084/m9.figshare.26723487,figshare.ars,2024,False,0,,creator_name,dataset_repo
10.6084/m9.figshare.26723487.v1,Additional file 3 of Variant-specific pathophysiological mechanisms of AFF3 differently influence transcriptome profiles,Figshare,figshare,https://springernature.figshare.com/articles/dataset/Additional_file_3_of_Variant-specific_pathophysiological_mechanisms_of_AFF3_differently_influence_transcriptome_profiles/26723487/1,https://commons.datacite.org/doi.org/10.6084/m9.figshare.26723487.v1,figshare.ars,2024,False,0,,creator_name,dataset_repo
10.6084/m9.figshare.27191480,"Additional file 8 of The small inhibitor WM-1119 effectively targets KAT6A-rearranged AML, but not KMT2A-rearranged AML, despite shared KAT6 genetic dependency",Figshare,figshare,https://springernature.figshare.com/articles/dataset/Additional_file_8_of_The_small_inhibitor_WM-1119_effectively_targets_KAT6A-rearranged_AML_but_not_KMT2A-rearranged_AML_despite_shared_KAT6_genetic_dependency/27191480,https://commons.datacite.org/doi.org/10.6084/m9.figshare.27191480,figshare.ars,2024,False,0,,creator_name,dataset_repo
10.6084/m9.figshare.27191480.v1,"Additional file 8 of The small inhibitor WM-1119 effectively targets KAT6A-rearranged AML, but not KMT2A-rearranged AML, despite shared KAT6 genetic dependency",Figshare,figshare,https://springernature.figshare.com/articles/dataset/Additional_file_8_of_The_small_inhibitor_WM-1119_effectively_targets_KAT6A-rearranged_AML_but_not_KMT2A-rearranged_AML_despite_shared_KAT6_genetic_dependency/27191480/1,https://commons.datacite.org/doi.org/10.6084/m9.figshare.27191480.v1,figshare.ars,2024,False,0,,creator_name,dataset_repo
10.6084/m9.figshare.27191483,"Additional file 9 of The small inhibitor WM-1119 effectively targets KAT6A-rearranged AML, but not KMT2A-rearranged AML, despite shared KAT6 genetic dependency",Figshare,figshare,https://springernature.figshare.com/articles/dataset/Additional_file_9_of_The_small_inhibitor_WM-1119_effectively_targets_KAT6A-rearranged_AML_but_not_KMT2A-rearranged_AML_despite_shared_KAT6_genetic_dependency/27191483,https://commons.datacite.org/doi.org/10.6084/m9.figshare.27191483,figshare.ars,2024,False,0,,creator_name,dataset_repo
10.6084/m9.figshare.27191483.v1,"Additional file 9 of The small inhibitor WM-1119 effectively targets KAT6A-rearranged AML, but not KMT2A-rearranged AML, despite shared KAT6 genetic dependency",Figshare,figshare,https://springernature.figshare.com/articles/dataset/Additional_file_9_of_The_small_inhibitor_WM-1119_effectively_targets_KAT6A-rearranged_AML_but_not_KMT2A-rearranged_AML_despite_shared_KAT6_genetic_dependency/27191483/1,https://commons.datacite.org/doi.org/10.6084/m9.figshare.27191483.v1,figshare.ars,2024,False,0,,creator_name,dataset_repo
10.6084/m9.figshare.27191486,"Additional file 10 of The small inhibitor WM-1119 effectively targets KAT6A-rearranged AML, but not KMT2A-rearranged AML, despite shared KAT6 genetic dependency",Figshare,figshare,https://springernature.figshare.com/articles/dataset/Additional_file_10_of_The_small_inhibitor_WM-1119_effectively_targets_KAT6A-rearranged_AML_but_not_KMT2A-rearranged_AML_despite_shared_KAT6_genetic_dependency/27191486,https://commons.datacite.org/doi.org/10.6084/m9.figshare.27191486,figshare.ars,2024,False,0,,creator_name,dataset_repo
10.6084/m9.figshare.27191486.v1,"Additional file 10 of The small inhibitor WM-1119 effectively targets KAT6A-rearranged AML, but not KMT2A-rearranged AML, despite shared KAT6 genetic dependency",Figshare,figshare,https://springernature.figshare.com/articles/dataset/Additional_file_10_of_The_small_inhibitor_WM-1119_effectively_targets_KAT6A-rearranged_AML_but_not_KMT2A-rearranged_AML_despite_shared_KAT6_genetic_dependency/27191486/1,https://commons.datacite.org/doi.org/10.6084/m9.figshare.27191486.v1,figshare.ars,2024,False,0,,creator_name,dataset_repo
10.6084/m9.figshare.29874453,Additional file 2 of Pharmacomodulation of G-quadruplexes in long non-coding RNAs dysregulated in colorectal cancer,Figshare,figshare,https://springernature.figshare.com/articles/dataset/Additional_file_2_of_Pharmacomodulation_of_G-quadruplexes_in_long_non-coding_RNAs_dysregulated_in_colorectal_cancer/29874453,https://commons.datacite.org/doi.org/10.6084/m9.figshare.29874453,figshare.ars,2025,False,0,,creator_name,dataset_repo
10.6084/m9.figshare.29874453.v1,Additional file 2 of Pharmacomodulation of G-quadruplexes in long non-coding RNAs dysregulated in colorectal cancer,Figshare,figshare,https://springernature.figshare.com/articles/dataset/Additional_file_2_of_Pharmacomodulation_of_G-quadruplexes_in_long_non-coding_RNAs_dysregulated_in_colorectal_cancer/29874453/1,https://commons.datacite.org/doi.org/10.6084/m9.figshare.29874453.v1,figshare.ars,2025,False,0,,creator_name,dataset_repo
10.6084/m9.figshare.29874456,Additional file 3 of Pharmacomodulation of G-quadruplexes in long non-coding RNAs dysregulated in colorectal cancer,Figshare,figshare,https://springernature.figshare.com/articles/dataset/Additional_file_3_of_Pharmacomodulation_of_G-quadruplexes_in_long_non-coding_RNAs_dysregulated_in_colorectal_cancer/29874456,https://commons.datacite.org/doi.org/10.6084/m9.figshare.29874456,figshare.ars,2025,False,0,,creator_name,dataset_repo
10.6084/m9.figshare.29874456.v1,Additional file 3 of Pharmacomodulation of G-quadruplexes in long non-coding RNAs dysregulated in colorectal cancer,Figshare,figshare,https://springernature.figshare.com/articles/dataset/Additional_file_3_of_Pharmacomodulation_of_G-quadruplexes_in_long_non-coding_RNAs_dysregulated_in_colorectal_cancer/29874456/1,https://commons.datacite.org/doi.org/10.6084/m9.figshare.29874456.v1,figshare.ars,2025,False,0,,creator_name,dataset_repo
10.6084/m9.figshare.29874459,Additional file 4 of Pharmacomodulation of G-quadruplexes in long non-coding RNAs dysregulated in colorectal cancer,Figshare,figshare,https://springernature.figshare.com/articles/dataset/Additional_file_4_of_Pharmacomodulation_of_G-quadruplexes_in_long_non-coding_RNAs_dysregulated_in_colorectal_cancer/29874459,https://commons.datacite.org/doi.org/10.6084/m9.figshare.29874459,figshare.ars,2025,False,0,,creator_name,dataset_repo
10.6084/m9.figshare.29874459.v1,Additional file 4 of Pharmacomodulation of G-quadruplexes in long non-coding RNAs dysregulated in colorectal cancer,Figshare,figshare,https://springernature.figshare.com/articles/dataset/Additional_file_4_of_Pharmacomodulation_of_G-quadruplexes_in_long_non-coding_RNAs_dysregulated_in_colorectal_cancer/29874459/1,https://commons.datacite.org/doi.org/10.6084/m9.figshare.29874459.v1,figshare.ars,2025,False,0,,creator_name,dataset_repo
10.6084/m9.figshare.30662716,Additional file 1 of Further analysis and refinements of the perceived stressors in intensive care units (PS-ICU) scale: a French nation-wide cross-sectional multicentre study,Figshare,figshare,https://springernature.figshare.com/articles/dataset/Additional_file_1_of_Further_analysis_and_refinements_of_the_perceived_stressors_in_intensive_care_units_PS-ICU_scale_a_French_nation-wide_cross-sectional_multicentre_study/30662716,https://commons.datacite.org/doi.org/10.6084/m9.figshare.30662716,figshare.ars,2025,False,0,,creator_name,dataset_repo
10.6084/m9.figshare.30662716.v1,Additional file 1 of Further analysis and refinements of the perceived stressors in intensive care units (PS-ICU) scale: a French nation-wide cross-sectional multicentre study,Figshare,figshare,https://springernature.figshare.com/articles/dataset/Additional_file_1_of_Further_analysis_and_refinements_of_the_perceived_stressors_in_intensive_care_units_PS-ICU_scale_a_French_nation-wide_cross-sectional_multicentre_study/30662716/1,https://commons.datacite.org/doi.org/10.6084/m9.figshare.30662716.v1,figshare.ars,2025,False,0,,creator_name,dataset_repo
10.6084/m9.figshare.30662725,Additional file 3 of Further analysis and refinements of the perceived stressors in intensive care units (PS-ICU) scale: a French nation-wide cross-sectional multicentre study,Figshare,figshare,https://springernature.figshare.com/articles/dataset/Additional_file_3_of_Further_analysis_and_refinements_of_the_perceived_stressors_in_intensive_care_units_PS-ICU_scale_a_French_nation-wide_cross-sectional_multicentre_study/30662725,https://commons.datacite.org/doi.org/10.6084/m9.figshare.30662725,figshare.ars,2025,False,0,,creator_name,dataset_repo
10.6084/m9.figshare.30662725.v1,Additional file 3 of Further analysis and refinements of the perceived stressors in intensive care units (PS-ICU) scale: a French nation-wide cross-sectional multicentre study,Figshare,figshare,https://springernature.figshare.com/articles/dataset/Additional_file_3_of_Further_analysis_and_refinements_of_the_perceived_stressors_in_intensive_care_units_PS-ICU_scale_a_French_nation-wide_cross-sectional_multicentre_study/30662725/1,https://commons.datacite.org/doi.org/10.6084/m9.figshare.30662725.v1,figshare.ars,2025,False,0,,creator_name,dataset_repo
10.6084/m9.figshare.32031652,"Additional file of HSP27 functional switch drives castration-resistant prostate cancer via mTOR pathway activation, highlighting promising combination therapies",Figshare,figshare,https://springernature.figshare.com/articles/dataset/Additional_file_of_HSP27_functional_switch_drives_castration-resistant_prostate_cancer_via_mTOR_pathway_activation_highlighting_promising_combination_therapies/32031652,https://commons.datacite.org/doi.org/10.6084/m9.figshare.32031652,figshare.ars,2026,False,0,,creator_name,dataset_repo
10.6084/m9.figshare.32031652.v2,"Additional file of HSP27 functional switch drives castration-resistant prostate cancer via mTOR pathway activation, highlighting promising combination therapies",Figshare,figshare,https://springernature.figshare.com/articles/dataset/Additional_file_of_HSP27_functional_switch_drives_castration-resistant_prostate_cancer_via_mTOR_pathway_activation_highlighting_promising_combination_therapies/32031652/2,https://commons.datacite.org/doi.org/10.6084/m9.figshare.32031652.v2,figshare.ars,2026,False,0,,creator_name,dataset_repo
10.6084/m9.figshare.32031655,"Additional file 1 of HSP27 functional switch drives castration-resistant prostate cancer via mTOR pathway activation, highlighting promising combination therapies",Figshare,figshare,https://springernature.figshare.com/articles/dataset/Additional_file_1_of_HSP27_functional_switch_drives_castration-resistant_prostate_cancer_via_mTOR_pathway_activation_highlighting_promising_combination_therapies/32031655,https://commons.datacite.org/doi.org/10.6084/m9.figshare.32031655,figshare.ars,2026,False,0,,creator_name,dataset_repo
10.6084/m9.figshare.32031655.v1,"Additional file 1 of HSP27 functional switch drives castration-resistant prostate cancer via mTOR pathway activation, highlighting promising combination therapies",Figshare,figshare,https://springernature.figshare.com/articles/dataset/Additional_file_1_of_HSP27_functional_switch_drives_castration-resistant_prostate_cancer_via_mTOR_pathway_activation_highlighting_promising_combination_therapies/32031655/1,https://commons.datacite.org/doi.org/10.6084/m9.figshare.32031655.v1,figshare.ars,2026,False,0,,creator_name,dataset_repo
10.6084/m9.figshare.32031664,"Additional file 3 of HSP27 functional switch drives castration-resistant prostate cancer via mTOR pathway activation, highlighting promising combination therapies",Figshare,figshare,https://springernature.figshare.com/articles/dataset/Additional_file_3_of_HSP27_functional_switch_drives_castration-resistant_prostate_cancer_via_mTOR_pathway_activation_highlighting_promising_combination_therapies/32031664,https://commons.datacite.org/doi.org/10.6084/m9.figshare.32031664,figshare.ars,2026,False,0,,creator_name,dataset_repo
10.6084/m9.figshare.32031664.v1,"Additional file 3 of HSP27 functional switch drives castration-resistant prostate cancer via mTOR pathway activation, highlighting promising combination therapies",Figshare,figshare,https://springernature.figshare.com/articles/dataset/Additional_file_3_of_HSP27_functional_switch_drives_castration-resistant_prostate_cancer_via_mTOR_pathway_activation_highlighting_promising_combination_therapies/32031664/1,https://commons.datacite.org/doi.org/10.6084/m9.figshare.32031664.v1,figshare.ars,2026,False,0,,creator_name,dataset_repo
10.7289/v5571996,"Seawater Mg/Ca and Sr/Ca ratios worldwide from 2009 to 2017 collected in 79 cruises, including coupled measured data for temperature, salinity, total alkalinity, DIC, DO, and calculated pH and CO2 (NCEI Accession 0171017)",NOAA NCEI,NOAA National Centers for Environmental Information,https://www.ncei.noaa.gov/archive/accession/0171017,https://commons.datacite.org/doi.org/10.7289/v5571996,noaa.ncei,2018,False,0,,creator_name,dataset_repo
10.7910/dvn/uyfpkm,uB-VisioGeoloc: An image sequences dataset of pedestrian navigation including geolocalised-inertial information and spatial sound rendering of the urban environment’s obstacles,Harvard Dataverse,Harvard Dataverse,https://dataverse.harvard.edu/citation?persistentId=doi:10.7910/DVN/UYFPKM,https://commons.datacite.org/doi.org/10.7910/dvn/uyfpkm,gdcc.harvard-dv,2024,False,0,,contributor_name,dataset_repo
