dataset_doi,repository,landing_url,landing_host,dataset_title,retrieved_at,hal_modified_at,source_fields,has_misfiled_source,halId_s,hal_uri,hal_title,hal_docType,publication_doi,producedDateY_i,laboratories,source_field,field_ok,misfiled_dataset_link
10.17632/f9wtj7s9b8.1,Mendeley Data,https://data.mendeley.com/datasets/f9wtj7s9b8/1,data.mendeley.com,A dataset on the sensory and affective perception of Bordeaux and Rioja red wines collected from French and Spanish consumers at home and international wine students in the lab.,2026-09-24T03:31:21Z,2026-09-24T03:31:21Z,relatedData_s,False,hal-03985366,https://hal.inrae.fr/hal-03985366v1,A dataset on the sensory and affective perception of Bordeaux and Rioja red wines collected from French and Spanish consumers at home and international wine students in the lab,ART,10.1016/j.dib.2022.108873,2023,CSGA | UB | CNRS | INRAE | Institut Agro | CEREN | BSB | BSE | LabPsy,relatedData_s,True,False
10.57745/GA5R6S,Recherche Data Gouv,https://entrepot.recherche.data.gouv.fr/citation?persistentId=doi:10.57745/GA5R6S,entrepot.recherche.data.gouv.fr,A dataset of perception and preferences of French consumers for commercial cooked hams sampled according to their nutritional values and claims.,2026-09-23T08:54:28Z,2026-09-23T08:54:28Z,relatedData_s,False,hal-03426763,https://hal.inrae.fr/hal-03426763v1,Identifying drivers of liking and characterizing the ideal product thanks to Free-Comment,ART,10.1016/j.foodqual.2021.104389,2022,CSGA | UB | CNRS | INRAE | Institut Agro | UBFC,relatedData_s,True,False
10.57745/GA5R6S,Recherche Data Gouv,https://entrepot.recherche.data.gouv.fr/citation?persistentId=doi:10.57745/GA5R6S,entrepot.recherche.data.gouv.fr,A dataset of perception and preferences of French consumers for commercial cooked hams sampled according to their nutritional values and claims.,2026-09-23T08:54:28Z,2026-09-23T08:54:28Z,relatedData_s,False,hal-04593965,https://hal.inrae.fr/hal-04593965v1,A dataset of perception and preferences of French consumers for commercial cooked hams sampled according to their nutritional values and claims,ART,10.1016/j.dib.2024.110549,2024,CSGA | UB | CNRS | INRAE | Institut Agro | Oniris VetAgroBio | StatSC,relatedData_s,True,False
10.57745/B35XCS,Recherche Data Gouv,https://entrepot.recherche.data.gouv.fr/citation?persistentId=doi:10.57745/B35XCS,entrepot.recherche.data.gouv.fr,Template to share sensory evaluation data,2026-09-23T08:48:09Z,2026-09-23T08:48:09Z,relatedData_s,False,hal-03887946,https://hal.inrae.fr/hal-03887946v1,First steps towards FAIRization of product-focused sensory data,ART,10.1016/j.foodqual.2022.104765,2023,CSGA | UB | CNRS | INRAE | Institut Agro | UBFC | Oniris VetAgroBio | BIA,relatedData_s,True,False
10.15454/HYRVUH,Recherche Data Gouv,https://entrepot.recherche.data.gouv.fr/citation?persistentId=doi:10.15454/HYRVUH,entrepot.recherche.data.gouv.fr,Rsyst::diatom_rbcl_align_312bp database: a database adapted to DNA metabarcoding (version v7: 23-02-2018),2026-09-23T08:46:54Z,2026-09-23T08:46:54Z,relatedData_s,False,hal-03158319,https://hal.science/hal-03158319v1,A next-generation of biomonitoring to detect global ecosystem change,OUV,10.3389/978-2-88966-027-8,2020,UB | UBFC | INRAE | UdeS | BioGeCo | MIA-Paris | INRA,relatedData_s,True,False
10.15454/HYRVUH,Recherche Data Gouv,https://entrepot.recherche.data.gouv.fr/citation?persistentId=doi:10.15454/HYRVUH,entrepot.recherche.data.gouv.fr,Rsyst::diatom_rbcl_align_312bp database: a database adapted to DNA metabarcoding (version v7: 23-02-2018),2026-09-23T08:46:54Z,2026-09-23T08:46:54Z,relatedData_s,False,hal-03534007,https://hal.inrae.fr/hal-03534007v1,Key questions for next-generation of biomonitoring,COUV,10.3389/978-2-88966-027-8,2020,UB | UBFC | INRAE | ECCC | CARRTEL | USMB [Université de Savoie] [Université de Chambéry] | Fédération OSUG | IGEPP | UR | Institut Agro,relatedData_s,True,False
10.15454/XETXQU,Recherche Data Gouv,https://data.inrae.fr/citation?persistentId=doi:10.15454/XETXQU,data.inrae.fr,Hypothalamic and caecal microbiota and metabolomic data,2026-09-23T08:46:11Z,2026-09-23T08:46:11Z,relatedData_s,False,hal-03171983,https://hal.science/hal-03171983v1,Dietary switch to Western diet induces hypothalamic adaptation associated with gut microbiota dysbiosis in rats,ART,10.1038/s41366-021-00796-4,2021,NuMeCan | UR | INSERM | INRAE | TENS | UFR MEDECINE | UN | UNH | UCA | MICALIS,relatedData_s,True,False
10.15454/W6BAUG,Portail Data Inra,https://data.inra.fr/citation?persistentId=doi:10.15454/W6BAUG,data.inra.fr,Agronomy and Grain-Legumes WoS DataSet 1980-2018,2026-09-23T08:42:34Z,2026-09-23T08:42:34Z,relatedData_s,False,hal-02416411,https://hal.science/hal-02416411v1,Peer-Reviewed Literature on Grain Legume Species in the WoS (1980–2018): A Comparative Analysis of Soybean and Pulses,ART,10.3390/su11236833,2019,AGIR | INRA | Toulouse INP | Comue de Toulouse | IRIT-IRIS | IRIT | UT Capitole | UT2J | UT3 | CNRS,relatedData_s,True,False
10.15454/VP7PRI,Portail Data Inra,https://data.inra.fr/citation?persistentId=doi:10.15454/VP7PRI,data.inra.fr,Processing and Grain-Legumes WoS DataSet 1980-2018,2026-09-23T08:42:34Z,2026-09-23T08:42:34Z,relatedData_s,False,hal-02416411,https://hal.science/hal-02416411v1,Peer-Reviewed Literature on Grain Legume Species in the WoS (1980–2018): A Comparative Analysis of Soybean and Pulses,ART,10.3390/su11236833,2019,AGIR | INRA | Toulouse INP | Comue de Toulouse | IRIT-IRIS | IRIT | UT Capitole | UT2J | UT3 | CNRS,relatedData_s,True,False
10.15454/QBQFCX,Portail Data Inra,https://data.inra.fr/citation?persistentId=doi:10.15454/QBQFCX,data.inra.fr,Grain-Legumes Species WoS DataSet 1980-2018,2026-09-23T08:42:34Z,2026-09-23T08:42:34Z,relatedData_s,False,hal-02416411,https://hal.science/hal-02416411v1,Peer-Reviewed Literature on Grain Legume Species in the WoS (1980–2018): A Comparative Analysis of Soybean and Pulses,ART,10.3390/su11236833,2019,AGIR | INRA | Toulouse INP | Comue de Toulouse | IRIT-IRIS | IRIT | UT Capitole | UT2J | UT3 | CNRS,relatedData_s,True,False
10.15454/PFV9JK,Portail Data Inra,https://data.inra.fr/citation?persistentId=doi:10.15454/PFV9JK,data.inra.fr,Genetics and Grain-Legumes WoS DataSet 1980-2018,2026-09-23T08:42:34Z,2026-09-23T08:42:34Z,relatedData_s,False,hal-02416411,https://hal.science/hal-02416411v1,Peer-Reviewed Literature on Grain Legume Species in the WoS (1980–2018): A Comparative Analysis of Soybean and Pulses,ART,10.3390/su11236833,2019,AGIR | INRA | Toulouse INP | Comue de Toulouse | IRIT-IRIS | IRIT | UT Capitole | UT2J | UT3 | CNRS,relatedData_s,True,False
10.15454/PDXRYM,Portail Data Inra,https://data.inra.fr/citation?persistentId=doi:10.15454/PDXRYM,data.inra.fr,Acceptability and Grain-Legumes WoS DataSet 1980-2018,2026-09-23T08:42:34Z,2026-09-23T08:42:34Z,relatedData_s,False,hal-02416411,https://hal.science/hal-02416411v1,Peer-Reviewed Literature on Grain Legume Species in the WoS (1980–2018): A Comparative Analysis of Soybean and Pulses,ART,10.3390/su11236833,2019,AGIR | INRA | Toulouse INP | Comue de Toulouse | IRIT-IRIS | IRIT | UT Capitole | UT2J | UT3 | CNRS,relatedData_s,True,False
10.15454/L79X2K,Portail Data Inra,https://data.inra.fr/citation?persistentId=doi:10.15454/L79X2K,data.inra.fr,Biotic Stress and Grain-Legumes WoS DataSet 1980-2018,2026-09-23T08:42:34Z,2026-09-23T08:42:34Z,relatedData_s,False,hal-02416411,https://hal.science/hal-02416411v1,Peer-Reviewed Literature on Grain Legume Species in the WoS (1980–2018): A Comparative Analysis of Soybean and Pulses,ART,10.3390/su11236833,2019,AGIR | INRA | Toulouse INP | Comue de Toulouse | IRIT-IRIS | IRIT | UT Capitole | UT2J | UT3 | CNRS,relatedData_s,True,False
10.15454/JNIPX5,Portail Data Inra,https://data.inra.fr/citation?persistentId=doi:10.15454/JNIPX5,data.inra.fr,Socioeconomics and Grain-Legumes WoS DataSet 1980-2018,2026-09-23T08:42:34Z,2026-09-23T08:42:34Z,relatedData_s,False,hal-02416411,https://hal.science/hal-02416411v1,Peer-Reviewed Literature on Grain Legume Species in the WoS (1980–2018): A Comparative Analysis of Soybean and Pulses,ART,10.3390/su11236833,2019,AGIR | INRA | Toulouse INP | Comue de Toulouse | IRIT-IRIS | IRIT | UT Capitole | UT2J | UT3 | CNRS,relatedData_s,True,False
10.15454/F0CNNS,Portail Data Inra,https://data.inra.fr/citation?persistentId=doi:10.15454/F0CNNS,data.inra.fr,Ecophysiology and Grain-Legumes WoS DataSet 1980-2018,2026-09-23T08:42:34Z,2026-09-23T08:42:34Z,relatedData_s,False,hal-02416411,https://hal.science/hal-02416411v1,Peer-Reviewed Literature on Grain Legume Species in the WoS (1980–2018): A Comparative Analysis of Soybean and Pulses,ART,10.3390/su11236833,2019,AGIR | INRA | Toulouse INP | Comue de Toulouse | IRIT-IRIS | IRIT | UT Capitole | UT2J | UT3 | CNRS,relatedData_s,True,False
10.15454/BZG0R7,Portail Data Inra,https://data.inra.fr/citation?persistentId=doi:10.15454/BZG0R7,data.inra.fr,Allergy and Grain-Legumes WoS DataSet 1980-2018,2026-09-23T08:42:34Z,2026-09-23T08:42:34Z,relatedData_s,False,hal-02416411,https://hal.science/hal-02416411v1,Peer-Reviewed Literature on Grain Legume Species in the WoS (1980–2018): A Comparative Analysis of Soybean and Pulses,ART,10.3390/su11236833,2019,AGIR | INRA | Toulouse INP | Comue de Toulouse | IRIT-IRIS | IRIT | UT Capitole | UT2J | UT3 | CNRS,relatedData_s,True,False
10.15454/BNKFVC,Portail Data Inra,https://data.inra.fr/citation?persistentId=doi:10.15454/BNKFVC,data.inra.fr,Feeding and Grain-Legumes WoS DataSet 1980-2018,2026-09-23T08:42:34Z,2026-09-23T08:42:34Z,relatedData_s,False,hal-02416411,https://hal.science/hal-02416411v1,Peer-Reviewed Literature on Grain Legume Species in the WoS (1980–2018): A Comparative Analysis of Soybean and Pulses,ART,10.3390/su11236833,2019,AGIR | INRA | Toulouse INP | Comue de Toulouse | IRIT-IRIS | IRIT | UT Capitole | UT2J | UT3 | CNRS,relatedData_s,True,False
10.15454/5MI04S,Portail Data Inra,https://data.inra.fr/citation?persistentId=doi:10.15454/5MI04S,data.inra.fr,Nutrition and Grain-Legumes WoS DataSet 1980-2018,2026-09-23T08:42:34Z,2026-09-23T08:42:34Z,relatedData_s,False,hal-02416411,https://hal.science/hal-02416411v1,Peer-Reviewed Literature on Grain Legume Species in the WoS (1980–2018): A Comparative Analysis of Soybean and Pulses,ART,10.3390/su11236833,2019,AGIR | INRA | Toulouse INP | Comue de Toulouse | IRIT-IRIS | IRIT | UT Capitole | UT2J | UT3 | CNRS,relatedData_s,True,False
10.34847/nkl.9effky97,NAKALA,https://nakala.fr/10.34847/nkl.9effky97,nakala.fr,Sites web militants lesbiens francophones et analyse de la qualité de leur archivage,2026-09-23T08:31:14Z,2026-09-23T08:31:14Z,relatedPublication_s,True,hal-05170289,https://hal.science/hal-05170289v1,Être archiviste et militante ? La construction d'une mémoire lesbienne à partir d'archives du web,COMM,,2022,UB | dat@UBFC | UTBM | SUPMICROTECH - ENSMM | BSB | UBFC | Institut Agro | UMLP,relatedPublication_s,False,True
10.5281/zenodo.15372067,Zenodo,https://zenodo.org/doi/10.5281/zenodo.15372067,zenodo.org,Soundscape analysis scripts,2026-09-22T03:54:38Z,2026-09-22T03:54:38Z,relatedPublication_s,True,hal-05168055,https://univ-rennes.hal.science/hal-05168055v1,Human contributions to global soundscapes are less predictable than the acoustic rhythms of wildlife,ART,10.1038/s41559-025-02786-5,2025,SLU | HTW Dresden | UF | WUSTL | cE3c | ULISBOA | SCU | GU | IMBIV | CONICET,relatedPublication_s,False,True
10.5281/zenodo.15369637,Zenodo,https://zenodo.org/doi/10.5281/zenodo.15369637,zenodo.org,Data for Less predictable global rhythms in human than wildlife contributions to soundscapes,2026-09-22T03:54:38Z,2026-09-22T03:54:38Z,relatedData_s,False,hal-05168055,https://univ-rennes.hal.science/hal-05168055v1,Human contributions to global soundscapes are less predictable than the acoustic rhythms of wildlife,ART,10.1038/s41559-025-02786-5,2025,SLU | HTW Dresden | UF | WUSTL | cE3c | ULISBOA | SCU | GU | IMBIV | CONICET,relatedData_s,True,False
10.34847/nkl.c63e7q0t,NAKALA,https://nakala.fr/10.34847/nkl.c63e7q0t,nakala.fr,"Annexe 2 – Troyes (Aube, Grand Est) : inventaire des occupations et indices d’occupation du Haut-Empire et de l’Antiquité tardive",2026-09-22T03:52:58Z,2026-09-22T03:52:58Z,relatedData_s,False,hal-05376427,https://hal.science/hal-05376427v1,La topographie de Sens et de Troyes durant l’Antiquité tardive,ART,10.4000/15h4c,2025,Inrap | ARTeHiS | MCC | CNRS | UBE | LCE | UMLP,relatedData_s,True,False
10.34847/nkl.b95e19i1,NAKALA,https://nakala.fr/10.34847/nkl.b95e19i1,nakala.fr,"Annexe 1 – Sens (Yonne, France) : liste des occupations et indices d’occupation du Haut-Empire et de l’Antiquité tardive",2026-09-22T03:52:58Z,2026-09-22T03:52:58Z,relatedData_s,False,hal-05376427,https://hal.science/hal-05376427v1,La topographie de Sens et de Troyes durant l’Antiquité tardive,ART,10.4000/15h4c,2025,Inrap | ARTeHiS | MCC | CNRS | UBE | LCE | UMLP,relatedData_s,True,False
10.6084/m9.figshare.8128178.v1,Figshare,https://figshare.com/articles/Quantifying_discretization_errors_for_soft-tissue_simulation_in_computer_assisted_surgery_a_preliminary_study/8128178/1,figshare.com,Quantifying discretization errors for soft-tissue simulation in computer assisted surgery: a preliminary study,2026-09-22T03:51:34Z,2026-09-22T03:51:34Z,relatedPublication_s,True,hal-01616322,https://hal.science/hal-01616322v4,Quantifying discretization errors for soft tissue simulation in computer assisted surgery: a preliminary study,ART,10.1016/j.apm.2019.07.055,2020,MIMESIS | Inria | ICube | ENGEES | UNISTRA | HUS | INSA Strasbourg | INSA | CNRS | MNGE,relatedPublication_s,False,True
10.5061/dryad.6q573n5xr,Dryad,https://datadryad.org/dataset/doi:10.5061/dryad.6q573n5xr,datadryad.org,Analysing landscape effects on dispersal networks and gene flow with genetic graphs,2026-09-22T03:45:34Z,2026-09-22T03:45:34Z,relatedData_s,False,hal-03130628,https://hal.science/hal-03130628v1,Analysing landscape effects on dispersal networks and gene flow with genetic graphs,ART,10.1111/1755-0998.13333,2021,ThéMA | UB | CNRS | UMLP | BGS,relatedData_s,True,False
10.34847/nkl.d59a61c2,NAKALA,https://nakala.fr/10.34847/nkl.d59a61c2,nakala.fr,"Fouille du plateau de Blis 2021, rapport final d'opération",2026-09-22T03:43:54Z,2026-09-22T03:43:54Z,seeAlso_s,True,hal-03599614,https://hal.science/hal-03599614v1,Campagne de fouille 2021 sur le système de fortification de Blis à Eymet (Dordogne),REPORT,10.34847/nkl.d59a61c2,2022,IRAMAT-CRP2A | IRAMAT | UTBM | UO | UBM | CNRS | UB | ARTeHiS | MCC,seeAlso_s,False,True
10.34847/nkl.1b988e6g,NAKALA,https://nakala.fr/10.34847/nkl.1b988e6g,nakala.fr,"Fouille du plateau de Blis 2021, jeu de données",2026-09-22T03:43:54Z,2026-09-22T03:43:54Z,relatedData_s | seeAlso_s,False,hal-03599614,https://hal.science/hal-03599614v1,Campagne de fouille 2021 sur le système de fortification de Blis à Eymet (Dordogne),REPORT,10.34847/nkl.d59a61c2,2022,IRAMAT-CRP2A | IRAMAT | UTBM | UO | UBM | CNRS | UB | ARTeHiS | MCC,relatedData_s,True,False
10.34847/nkl.1b988e6g,NAKALA,https://nakala.fr/10.34847/nkl.1b988e6g,nakala.fr,"Fouille du plateau de Blis 2021, jeu de données",2026-09-22T03:43:54Z,2026-09-22T03:43:54Z,relatedData_s | seeAlso_s,False,hal-03599614,https://hal.science/hal-03599614v1,Campagne de fouille 2021 sur le système de fortification de Blis à Eymet (Dordogne),REPORT,10.34847/nkl.d59a61c2,2022,IRAMAT-CRP2A | IRAMAT | UTBM | UO | UBM | CNRS | UB | ARTeHiS | MCC,seeAlso_s,False,False
10.57745/JYWUIY,Recherche Data Gouv,https://entrepot.recherche.data.gouv.fr/citation?persistentId=doi:10.57745/JYWUIY,entrepot.recherche.data.gouv.fr,Données de l'enquête ADBU sur l'implication des structures documentaires dans l'accompagnement sur les données de recherche,2026-09-22T03:40:11Z,2026-09-22T03:40:11Z,relatedData_s,False,hal-05221870,https://hal.science/hal-05221870v2,Enquête sur l'implication des structures documentaires dans l'accompagnement sur les données de recherche,REPORT,,2025,Comue de Toulouse | ADBU | UBE | dat@UBFC | UTBM | SUPMICROTECH - ENSMM | BSB | Institut Agro | UMLP | UPPA,relatedData_s,True,False
10.57745/DYIVVU,Recherche Data Gouv,https://entrepot.recherche.data.gouv.fr/citation?persistentId=doi:10.57745/DYIVVU,entrepot.recherche.data.gouv.fr,PFSeq: Photorealistic Fisheye Sequence,2026-09-22T03:40:06Z,2026-09-22T03:40:06Z,relatedData_s,False,hal-05492047,https://hal.science/hal-05492047v1,Feature points evaluation on omnidirectional vision with a photorealistic fisheye sequence -- A report on experiments done in 2014,REPORT,,2026,Heudiasyc | UTC | CNRS | COSYS-LEOST | CIAD | UTBM | UBE,relatedData_s,True,False
10.5281/ZENODO.3763766,Zenodo,https://zenodo.org/record/3763766,zenodo.org,"Water table depth dataset collected at Frasne peatland (192ha, Jura Mountains, France)",2026-09-22T03:38:00Z,2026-09-22T03:38:00Z,relatedData_s,False,insu-05295444,https://insu.hal.science/insu-05295444v1,Hydrological and temperature controls on CO2 and CH4 exchange between a mid-altitude mountain peatland and the atmosphere,ART,10.19189/001c.143644,2025,LCE | CNRS | UMLP | UdeM | SNO Karst | INSU - CNRS | LTSER-ZAAJ | RZA | INEE-CNRS | SAS,relatedData_s,True,False
10.5281/ZENODO.3763342,Zenodo,https://zenodo.org/record/3763342,zenodo.org,"Soil-meteorological dataset collected at Frasne peatland (192ha, Jura Mountains, France)",2026-09-22T03:38:00Z,2026-09-22T03:38:00Z,relatedData_s,False,insu-05295444,https://insu.hal.science/insu-05295444v1,Hydrological and temperature controls on CO2 and CH4 exchange between a mid-altitude mountain peatland and the atmosphere,ART,10.19189/001c.143644,2025,LCE | CNRS | UMLP | UdeM | SNO Karst | INSU - CNRS | LTSER-ZAAJ | RZA | INEE-CNRS | SAS,relatedData_s,True,False
10.57745/ESBF7R,Recherche Data Gouv,https://entrepot.recherche.data.gouv.fr/citation?persistentId=doi:10.57745/ESBF7R,entrepot.recherche.data.gouv.fr,Gaussian Splatting Map Registration with Orthographic Bird’s-Eye-View Renderings,2026-09-22T03:34:05Z,2026-09-22T03:34:05Z,relatedData_s,False,hal-05444500,https://inria.hal.science/hal-05444500v1,Gaussian Splatting Map Registration with Orthographic Bird's-Eye-View Renderings,COMM,,2026,TANGRAM | Inria | LORIA - ALGO | LORIA | UL | CNRS | ICB | UTBM | UBE,relatedData_s,True,False
10.17632/zscjbdvr9v.3,Mendeley Data,https://data.mendeley.com/datasets/zscjbdvr9v/3,data.mendeley.com,Parcel Manager Data set,2026-09-22T03:33:17Z,2026-09-22T03:33:17Z,relatedData_s,False,hal-03700820,https://hal.science/hal-03700820v1,Parcel Manager: a parcel reshaping model incorporating design rules of residential development,ART,10.1111/tgis.12970,2022,LaSTIG | EIVP | ENSG | IGN | ThéMA | UB | CNRS | UMLP,relatedData_s,True,False
10.5281/zenodo.16895987,Zenodo,https://zenodo.org/doi/10.5281/zenodo.16895987,zenodo.org,A composite gradient index lens for wideband elastic waves focusing: Design approach and experimental validation at constant thickness,2026-09-22T03:32:14Z,2026-09-22T03:32:14Z,relatedPublication_s,True,hal-05212119,https://hal.science/hal-05212119v1,A composite gradient index lens for wideband elastic waves focusing: Design approach and experimental validation at constant thickness,ART,10.1016/j.compstruct.2025.119500,2025,SYMME | USMB [Université de Savoie] [Université de Chambéry] | FEMTO-ST | UTBM | SUPMICROTECH - ENSMM | CNRS | UMLP | ICB | UBE,relatedPublication_s,False,True
10.6084/m9.figshare.25907659.v2,Figshare,https://figshare.com/articles/dataset/Viniculture_archaeological_and_modern_datasets/25907659/2,figshare.com,Viniculture archaeological and modern datasets,2026-09-22T03:30:42Z,2026-09-22T03:30:42Z,relatedData_s,False,hal-04759332,https://hal.science/hal-04759332v1,Seed morphometrics unravels the evolutionary history of grapevine in France,ART,10.1038/s41598-024-72692-6,2024,UMR ISEM | Cirad | IRD | EPHE | PSL | CNRS | UM | UMR AGAP | INRAE | Institut Agro,relatedData_s,True,False
10.5281/zenodo.8387335,Zenodo,https://zenodo.org/record/8387335,zenodo.org,"Comment on Manna et al. SARS-CoV-2 Inactivation in Aerosol by Means of Radiated Microwaves. Viruses 2023, 15, 1443",2026-09-22T03:29:42Z,2026-09-22T03:29:42Z,relatedPublication_s,True,hal-04248976,https://hal.science/hal-04248976v1,"Comment on Manna et al. SARS-CoV-2 Inactivation in Aerosol by Means of Radiated Microwaves. Viruses 2023, 15, 1443",ART,10.3390/v15102110,2023,IGDORE | iLM - LUMINESCENCE | ILM | UCBL | CNRS | ICB | UTBM | UB | UBFC,relatedPublication_s,False,True
10.15454/ECLYGT,Recherche Data Gouv,https://entrepot.recherche.data.gouv.fr/citation?persistentId=doi:10.15454/ECLYGT,entrepot.recherche.data.gouv.fr,Land Use Land Cover High Resolution Map (5-m) for Côte-d’Or (21),2026-09-22T03:27:25Z,2026-09-22T03:27:25Z,relatedData_s,False,hal-01774883,https://hal.science/hal-01774883v1,Visual structure of landscapes seen from built environment,ART,10.1016/j.ufug.2018.03.020,2018,CESAER | INRA | ThéMA | UB | CNRS | UMLP,relatedData_s,True,False
10.57745/GVXDND,Recherche Data Gouv,https://entrepot.recherche.data.gouv.fr/citation?persistentId=doi:10.57745/GVXDND,entrepot.recherche.data.gouv.fr,Dataset of aroma release in vitro (Digimouth),2026-09-18T17:36:42Z,2026-09-18T17:36:42Z,relatedData_s,False,hal-05674166,https://institut-agro-dijon.hal.science/hal-05674166v1,A dataset of in vitro aroma release kinetics performed with Proton Transfer Reaction-Time of Flight- Mass Spectrometry (PTR-ToF-MS),ART,10.1016/j.dib.2026.112994,2026,CSGA | CNRS | INRAE | Institut Agro | UBE | FFOPP | SayFood,relatedData_s,True,False
10.5281/zenodo.20523512,Zenodo,https://zenodo.org/doi/10.5281/zenodo.20523512,zenodo.org,Inventaire des capteurs et protocoles pour le projet BIODICAPT,2026-09-17T17:53:11Z,2026-09-17T17:53:11Z,relatedPublication_s,True,hal-05594176,https://hal.science/hal-05594176v1,Inventaire des capteurs et protocoles pour le projet BIODICAPT,REPORT,10.5281/zenodo.19609812,2026,CESCO | MNHN | SU | CNRS | DPT SPE | INRAE | IGEPP | UR | Institut Agro | LIVE,relatedPublication_s,False,True
10.5061/dryad.t4b8gtjb1,Dryad,https://datadryad.org/dataset/doi:10.5061/dryad.t4b8gtjb1,datadryad.org,Data from: Weed management modifies functional properties of both weeds and microbial nitrogen-cycling communities in Mediterranean vineyards,2026-09-17T03:58:51Z,2026-09-17T03:58:51Z,relatedData_s,False,hal-05391220,https://hal.science/hal-05391220v2,Weed management modifies functional properties of both weeds and microbial nitrogen-cycling communities in Mediterranean vineyards,ART,10.1111/1365-2664.14833,2025,CEFE | EPHE | PSL | CNRS | IRD [Occitanie] | IRD | INRAE | Institut Agro | UM | UMPV,relatedData_s,True,False
10.57745/TMB0HR,Recherche Data Gouv,https://entrepot.recherche.data.gouv.fr/citation?persistentId=doi:10.57745/TMB0HR,entrepot.recherche.data.gouv.fr,Near surface geophysics dataset from Bajocian limestones outcropping in 4 quarries of the eastern Paris Basin,2026-09-17T03:56:51Z,2026-09-17T03:56:51Z,relatedData_s,False,hal-04635083,https://hal.science/hal-04635083v3,Imaging Bajocian coral ridges in the Paris Basin and deciphering their origin,ART,10.1111/bre.70034,2025,GEOPS | INSU - CNRS | CNRS | BGS | EPHE | PSL | UBE | ANDRA,relatedData_s,True,False
10.57745/2HITDV,Recherche Data Gouv,https://entrepot.recherche.data.gouv.fr/citation?persistentId=doi:10.57745/2HITDV,entrepot.recherche.data.gouv.fr,DEPHY FERME network's low input winegrowing systems: performances and traceability,2026-09-17T03:54:12Z,2026-09-17T03:54:12Z,relatedData_s,False,hal-04547704,https://hal.inrae.fr/hal-04547704v1,French low-input winegrowing demonstration farms: a dataset of their operations traceability and sustainability performances.,ART,10.1016/j.dib.2024.110415,2024,UMR SAVE | UB | Bordeaux Sciences Agro | INRAE | IDELE | UBFC | Institut Agro,relatedData_s,True,False
10.57745/2HITDV,Recherche Data Gouv,https://entrepot.recherche.data.gouv.fr/citation?persistentId=doi:10.57745/2HITDV,entrepot.recherche.data.gouv.fr,DEPHY FERME network's low input winegrowing systems: performances and traceability,2026-09-17T03:54:12Z,2026-09-17T03:54:12Z,relatedData_s,False,hal-04581536,https://hal.inrae.fr/hal-04581536v1,To what extent can a phase-out of pesticides in viticulture be achieved? Learning from the efforts of a large farm network after 10 years,ART,10.20870/oeno-one.2024.58.2.7885,2024,IDELE | UMR ABSys | Cirad | CIHEAM-IAMM | CIHEAM | INRAE | Institut Agro | UB | UBFC | UMR SAVE,relatedData_s,True,False
10.5061/dryad.qv9s4mwkv,Dryad,https://datadryad.org/dataset/doi:10.5061/dryad.qv9s4mwkv,datadryad.org,Direct and indirect estimates of dispersal support strong juvenile philopatry and male-biased dispersal in a freshwater turtle species (Emys orbicularis),2026-09-17T03:52:49Z,2026-09-17T03:52:49Z,relatedData_s,False,hal-04233962,https://hal.inrae.fr/hal-04233962v1,Direct and indirect estimates of dispersal support strong juvenile philopatry and male‐biased dispersal in a freshwater turtle species (<i>Emys orbicularis</i>),ART,10.1111/fwb.14171,2023,LBBE | UCBL | VAS | CNRS | BGS | UB | CEFE | UPVM | EPHE | PSL,relatedData_s,True,False
10.15454/BMLIQI,Recherche Data Gouv,https://entrepot.recherche.data.gouv.fr/citation?persistentId=doi:10.15454/BMLIQI,entrepot.recherche.data.gouv.fr,Carabid beetles have hump-shaped responses to disturbance and resource gradients within agricultural landscapes - Dataset,2026-09-17T03:51:05Z,2026-09-17T03:51:05Z,relatedData_s,False,hal-03967717,https://hal.inrae.fr/hal-03967717v1,Carabid beetles have hump‐shaped responses to disturbance and resource gradients within agricultural landscapes,ART,10.1111/1365-2664.14357,2023,"UB | UBFC | INRAE | Institut Agro | UMR ABSys | Cirad | CIHEAM-IAMM | CIHEAM | DYNAFOR | ENSAT, INP-ENSAT, AgroToulouse, INP-AgroToulouse",relatedData_s,True,False
10.57745/5MDE99,Recherche Data Gouv,https://entrepot.recherche.data.gouv.fr/citation?persistentId=doi:10.57745/5MDE99,entrepot.recherche.data.gouv.fr,"Dataset from ""A new genome assembly of the pea cultivar Cameor provides resources for functional genomics and genetics""",2026-09-17T03:39:02Z,2026-09-17T03:39:02Z,relatedData_s,False,hal-02278272,https://hal.science/hal-02278272v1,A reference genome for pea provides insight into legume genome evolution,ART,10.1038/s41588-019-0480-1,2019,INRA | UB | UBFC | LBGB | UMR 8030 | GENOSCOPE | DRF (CEA) | UEVE | CNRS | IEB / CAS,relatedData_s,True,False
10.57745/5MDE99,Recherche Data Gouv,https://entrepot.recherche.data.gouv.fr/citation?persistentId=doi:10.57745/5MDE99,entrepot.recherche.data.gouv.fr,"Dataset from ""A new genome assembly of the pea cultivar Cameor provides resources for functional genomics and genetics""",2026-09-17T03:39:02Z,2026-09-17T03:39:02Z,relatedData_s,False,hal-02627230,https://hal.inrae.fr/hal-02627230v1,Water stress combined with sulfur deficiency in pea affects yield components but mitigates the effect of deficiency on seed globulin composition,ART,10.1093/jxb/erz114,2019,INRA | UB | UBFC | PRC | IFCE | UT | NEOLAiA | CNRS | GeT-PlaGe | GET,relatedData_s,True,False
10.57745/5MDE99,Recherche Data Gouv,https://entrepot.recherche.data.gouv.fr/citation?persistentId=doi:10.57745/5MDE99,entrepot.recherche.data.gouv.fr,"Dataset from ""A new genome assembly of the pea cultivar Cameor provides resources for functional genomics and genetics""",2026-09-17T03:39:02Z,2026-09-17T03:39:02Z,relatedData_s,False,hal-02631162,https://hal.inrae.fr/hal-02631162v1,Full-length <em>de novo</em> assembly of RNA-seq data in pea (<em>Pisum sativum</em> L.) provides a gene expression atlas and gives insights into root nodulation in this species,ART,10.1111/tpj.12967,2015,INRA | UB | LIPME | CNRS,relatedData_s,True,False
10.57745/5MDE99,Recherche Data Gouv,https://entrepot.recherche.data.gouv.fr/citation?persistentId=doi:10.57745/5MDE99,entrepot.recherche.data.gouv.fr,"Dataset from ""A new genome assembly of the pea cultivar Cameor provides resources for functional genomics and genetics""",2026-09-17T03:39:02Z,2026-09-17T03:39:02Z,relatedData_s,False,hal-04267953,https://hal.inrae.fr/hal-04267953v1,SNP discovery by exome capture and resequencing in a pea genetic resource collection,ART,10.24072/pci.genomics.100237,2023,UB | UBFC | INRAE | Institut Agro | GENOSCOPE | DRF (CEA) | CEA | UA | ULiège | UPJV,relatedData_s,True,False
10.15454/QSXKGA,Recherche Data Gouv,https://data.inrae.fr/citation?persistentId=doi:10.15454/QSXKGA,data.inrae.fr,"Analyses physico-chimiques des sites du Réseau de Mesures de la Qualité des Sols (RMQS) du territoire métropolitain pour la 1ère campagne (2000-2009), avec coordonnées théoriques",2026-09-15T16:12:45Z,2026-09-15T16:12:45Z,relatedData_s,False,hal-01173741,https://hal.science/hal-01173741v1,L'état des sols de France,OUV,,2011,SOeS | InfoSol | INRA | ADEME | IRD | CODIR | USS | EGC | ANSES | ASTRO,relatedData_s,True,False
10.57745/HPEMYW,Recherche Data Gouv,https://entrepot.recherche.data.gouv.fr/citation?persistentId=doi:10.57745/HPEMYW,entrepot.recherche.data.gouv.fr,"Spatio-temporal field, landscape and meteorological datasets describing bruchid beetle populations, grain damage and parasitism in faba bean and lentil fields in France",2026-09-15T16:11:52Z,2026-09-15T16:11:52Z,relatedData_s,False,hal-05526495,https://hal.inrae.fr/hal-05526495v1,Colonization and spatiotemporal distribution of bruchid pests in lentil and faba bean fields,ART,10.1002/ps.70679,2026,ENSFEA | AGIR | Toulouse INP | Comue de Toulouse | INRAE | EI Purpan | Agronomie | IGEPP | UR | Institut Agro,relatedData_s,True,False
10.57745/3NAHSN,Recherche Data Gouv,https://entrepot.recherche.data.gouv.fr/citation?persistentId=doi:10.57745/3NAHSN,entrepot.recherche.data.gouv.fr,"Annexe pour : Agriculture, aquaculture et pêche : impacts des modes de production labellisés sur la biodiversité. Rapport scientifique de l'étude",2026-09-15T16:11:41Z,2026-09-15T16:11:41Z,relatedData_s,False,hal-05143887,https://hal.inrae.fr/hal-05143887v1,"Agriculture, aquaculture et pêche : impacts des modes de production labellisés sur la biodiversité. Rapport scientifique de l'étude",REPORT,10.17180/ayg4-0b92,2025,IFREMER | PSH | INRAE | BFP | UB | CESBIO | IRD | INSU - CNRS | CNES | CNRS,relatedData_s,True,False
10.57745/JGHVYV,Recherche Data Gouv,https://entrepot.recherche.data.gouv.fr/citation?persistentId=doi:10.57745/JGHVYV,entrepot.recherche.data.gouv.fr,Carbon and nitrogen mineralization data of various exogenous organic matter (EOM) under controlled conditions,2026-09-15T16:10:34Z,2026-09-15T16:10:34Z,relatedData_s,False,hal-03329588,https://hal.science/hal-03329588v1,Quantifying and simulating carbon and nitrogen mineralization from diverse exogenous organic matters,ART,10.1111/sum.12745,2022,ECOSYS | INRAE | FARE | URCA | UA | ULiège | UPJV | ULCO | JUNIA | UCL,relatedData_s,True,False
10.15454/TRBJTB,Recherche Data Gouv,https://data.inrae.fr/citation?persistentId=doi:10.15454/TRBJTB,data.inrae.fr,"BRC4Env, the Biological Resource Centre for the Environment",2026-09-15T16:09:43Z,2026-09-15T16:09:43Z,relatedData_s,False,hal-01774729,https://hal.science/hal-01774729v1,"BRC4Env, a network of Biological Resource Centres for research in environmental and agricultural sciences",ART,10.1007/s11356-018-1973-7,2018,ECOSYS | INRA | UMR CBGP | Cirad | Montpellier SupAgro | UM | IRD [Occitanie] | IRD | UEEA | UB,relatedData_s,True,False
10.15454/TRBJTB,Recherche Data Gouv,https://data.inrae.fr/citation?persistentId=doi:10.15454/TRBJTB,data.inrae.fr,"BRC4Env, the Biological Resource Centre for the Environment",2026-09-15T16:09:43Z,2026-09-15T16:09:43Z,relatedData_s,False,hal-05231498,https://hal.inrae.fr/hal-05231498v1,"BRC4Env, le pilier environnement de l’infrastructure RARe",POSTER,,2025,ECOSYS | INRAE | UMR CBGP | Cirad | IRD [Occitanie] | IRD | Institut Agro | UM | UBE | U3E,relatedData_s,True,False
10.15454/UQEMVW,Recherche Data Gouv,https://carrtel-collection.hub.inrae.fr/,carrtel-collection.hub.inrae.fr,Thonon Culture Collection -TCC- a freshwater microalgae collection,2026-09-15T16:09:41Z,2026-09-15T16:09:41Z,relatedData_s,False,hal-01774729,https://hal.science/hal-01774729v1,"BRC4Env, a network of Biological Resource Centres for research in environmental and agricultural sciences",ART,10.1007/s11356-018-1973-7,2018,ECOSYS | INRA | UMR CBGP | Cirad | Montpellier SupAgro | UM | IRD [Occitanie] | IRD | UEEA | UB,relatedData_s,True,False
10.15454/D3ODJM,Recherche Data Gouv,https://data.inrae.fr/citation?persistentId=doi:10.15454/D3ODJM,data.inrae.fr,"Colisa, the collection of ichthyological samples.",2026-09-15T16:09:41Z,2026-09-15T16:09:41Z,relatedData_s,False,hal-01774729,https://hal.science/hal-01774729v1,"BRC4Env, a network of Biological Resource Centres for research in environmental and agricultural sciences",ART,10.1007/s11356-018-1973-7,2018,ECOSYS | INRA | UMR CBGP | Cirad | Montpellier SupAgro | UM | IRD [Occitanie] | IRD | UEEA | UB,relatedData_s,True,False
10.15454/AY4LMT,Recherche Data Gouv,https://data.inrae.fr/citation?persistentId=doi:10.15454/AY4LMT,data.inrae.fr,BRC “Egg Parasitoids Collection” (EP-Coll),2026-09-15T16:09:41Z,2026-09-15T16:09:41Z,relatedData_s,False,hal-01774729,https://hal.science/hal-01774729v1,"BRC4Env, a network of Biological Resource Centres for research in environmental and agricultural sciences",ART,10.1007/s11356-018-1973-7,2018,ECOSYS | INRA | UMR CBGP | Cirad | Montpellier SupAgro | UM | IRD [Occitanie] | IRD | UEEA | UB,relatedData_s,True,False
10.48579/PRO/TRX6VQ,data.InDoRES,https://data.indores.fr:443/citation?persistentId=doi:10.48579/PRO/TRX6VQ,data.indores.fr:443,Herbicide-induced metabolic changes in a plant-aphid system: How soil bacteria drive the fate and impact of an environmental dose of Isoproturon,2026-09-15T16:09:29Z,2026-09-15T16:09:29Z,relatedData_s,False,hal-05512215,https://hal.science/hal-05512215v1,Herbicide-induced metabolic changes in a plant-aphid system: how soil bacteria drive the fate and impact of a residual dose of Isoproturon?,ART,10.1111/nph.70891,2026,ECOBIO | UR | INEE-CNRS | CNRS | INRAE | Institut Agro | UBE,relatedData_s,True,False
10.15454/D6XAKL,Recherche Data Gouv,https://entrepot.recherche.data.gouv.fr/citation?persistentId=doi:10.15454/D6XAKL,entrepot.recherche.data.gouv.fr,CBGP - Continental Arthropod Collection,2026-09-15T16:08:54Z,2026-09-15T16:08:54Z,relatedData_s,False,hal-03144754,https://hal.science/hal-03144754v1,"BRC4Env, a network of Biological Resource Centres for environmental resources",POSTER,10.15454/TRBJTB,2020,ECOSYS | INRAE | UMR CBGP | Cirad | UM | IRD [Occitanie] | IRD | Institut Agro | UB | UBFC,relatedData_s,True,False
10.57745/WIRXIC,Recherche Data Gouv,https://entrepot.recherche.data.gouv.fr/citation?persistentId=doi:10.57745/WIRXIC,entrepot.recherche.data.gouv.fr,RMQS1 16S taxonomy,2026-09-14T15:18:18Z,2026-09-14T15:18:18Z,relatedData_s,False,hal-01843961,https://institut-agro-dijon.hal.science/hal-01843961v1,Biogeography of soil bacteria and archaea across France,ART,10.1126/sciadv.aat1808,2018,INRA | UB | UBFC | InfoSol | GENOSCOPE | DRF (CEA) | CEA,relatedData_s,True,False
10.15454/J9H4BS,Recherche Data Gouv,https://data.inrae.fr/citation?persistentId=doi:10.15454/J9H4BS,data.inrae.fr,Données de réplication pour : Biogeography of soil bacteria and archaea across France,2026-09-14T15:18:18Z,2026-09-14T15:18:18Z,relatedData_s,False,hal-01843961,https://institut-agro-dijon.hal.science/hal-01843961v1,Biogeography of soil bacteria and archaea across France,ART,10.1126/sciadv.aat1808,2018,INRA | UB | UBFC | InfoSol | GENOSCOPE | DRF (CEA) | CEA,relatedData_s,True,False
10.5281/zenodo.4925795,Zenodo,https://zenodo.org/record/4925795,zenodo.org,MaximeMaW/MeningitisDynamics: Fixed typos,2026-09-14T14:16:11Z,2026-09-14T14:16:11Z,relatedPublication_s,True,hal-03856017,https://ehesp.hal.science/hal-03856017v1,High-spatial resolution epidemic surveillance of bacterial meningitis in the African meningitis belt in Burkina Faso,ART,10.1038/s41598-022-23279-6,2022,ENS-PSL | PSL | EHESP | SU | CNRS | PCC | INC-CNRS | ARENES | UR | UR2,relatedPublication_s,False,True
10.57745/SLUKIO,Recherche Data Gouv,https://entrepot.recherche.data.gouv.fr/citation?persistentId=doi:10.57745/SLUKIO,entrepot.recherche.data.gouv.fr,Horses discriminate human body odours between fear and joy contexts in a habituation-discrimination protocol.,2026-09-14T14:16:11Z,2026-09-14T14:16:11Z,relatedData_s,False,hal-04011829,https://hal.inrae.fr/hal-04011829v1,Horses discriminate human body odors between fear and joy contexts in a habituation-discrimination protocol,ART,10.1038/s41598-023-30119-8,2023,PRC | IFCE | UT | NEOLAiA | CNRS | INRAE | CSGA | UB | Institut Agro | UBFC,relatedData_s,True,False
10.57745/RXJXHW,Recherche Data Gouv,https://entrepot.recherche.data.gouv.fr/citation?persistentId=doi:10.57745/RXJXHW,entrepot.recherche.data.gouv.fr,Additional figures for analysis report,2026-09-14T14:16:11Z,2026-09-14T14:16:11Z,relatedData_s,False,hal-05070613,https://hal.inrae.fr/hal-05070613v1,Metagenomics reveals contrasted responses of microbial communities to wheat straw amendment in cropland and grassland soils,ART,10.1038/s41598-025-98903-2,2025,INRAE | Institut Agro | UBE | MaIAGE | P3F | ECOSYS,relatedData_s,True,False
10.57745/OMJUXC,Recherche Data Gouv,https://entrepot.recherche.data.gouv.fr/citation?persistentId=doi:10.57745/OMJUXC,entrepot.recherche.data.gouv.fr,Data for Metagenomics reveals contrasted responses of microbial communities to wheat straw amendment in cropland and grassland soils,2026-09-14T14:16:11Z,2026-09-14T14:16:11Z,relatedData_s,False,hal-05070613,https://hal.inrae.fr/hal-05070613v1,Metagenomics reveals contrasted responses of microbial communities to wheat straw amendment in cropland and grassland soils,ART,10.1038/s41598-025-98903-2,2025,INRAE | Institut Agro | UBE | MaIAGE | P3F | ECOSYS,relatedData_s,True,False
10.57745/HXN1XT,Recherche Data Gouv,https://entrepot.recherche.data.gouv.fr/citation?persistentId=doi:10.57745/HXN1XT,entrepot.recherche.data.gouv.fr,Analysis report and associated Rmarkdown for Metagenomics reveals contrasted responses of microbial communities to wheat straw amendment in cropland and grassland soils,2026-09-14T14:16:11Z,2026-09-14T14:16:11Z,relatedData_s,False,hal-05070613,https://hal.inrae.fr/hal-05070613v1,Metagenomics reveals contrasted responses of microbial communities to wheat straw amendment in cropland and grassland soils,ART,10.1038/s41598-025-98903-2,2025,INRAE | Institut Agro | UBE | MaIAGE | P3F | ECOSYS,relatedData_s,True,False
10.15454/4W9DM2,Recherche Data Gouv,https://data.inrae.fr/citation?persistentId=doi:10.15454/4W9DM2,data.inrae.fr,Données de réplication pour : Reduced microbial diversity induces larger volatile organic compound emissions from soils.,2026-09-14T14:16:11Z,2026-09-14T14:16:11Z,relatedData_s,False,hal-02537801,https://institut-agro-dijon.hal.science/hal-02537801v1,Reduced microbial diversity induces larger volatile organic compound emissions from soils,ART,10.1038/s41598-020-63091-8,2020,ECOSYS | INRAE | SU | TUB | UB | UBFC,relatedData_s,True,False
10.5281/zenodo.4459259,Zenodo,https://zenodo.org/record/4459259,zenodo.org,"Kittel et al. (2021), The Cryosphere : MAR and ESMs data",2026-09-04T15:36:02Z,2026-09-04T15:36:02Z,relatedData_s,False,hal-05624738,https://hal.science/hal-05624738v1,Weather Regimes Preclude the Observation of a Southern Annular Mode Signal in Two Coastal East Antarctic Ice Cores,ART,10.1029/2025JD045013,2026,IMAS | UTAS | UJ | RSES | ANU | OCCR | UNIBE | BGS | EPHE | PSL,relatedData_s,True,False
10.4225/15/58eedf00d78fe,Australian Antarctic Data Centre,https://data.aad.gov.au/metadata/AAS_4537_z500_SynopticTyping_SouthernIndianOcean,data.aad.gov.au,Daily synoptic weather types of southern Indian Ocean: January 1979-October 2018,2026-09-04T15:36:02Z,2026-09-04T15:36:02Z,relatedData_s,False,hal-05624738,https://hal.science/hal-05624738v1,Weather Regimes Preclude the Observation of a Southern Annular Mode Signal in Two Coastal East Antarctic Ice Cores,ART,10.1029/2025JD045013,2026,IMAS | UTAS | UJ | RSES | ANU | OCCR | UNIBE | BGS | EPHE | PSL,relatedData_s,True,False
10.26179/5zm0-v192,Australian Antarctic Data Centre,https://data.aad.gov.au/metadata/DSS_2k_data_compilation,data.aad.gov.au,The Law Dome ice core 2000 year dataset collection.,2026-09-04T15:36:02Z,2026-09-04T15:36:02Z,relatedData_s,False,hal-05624738,https://hal.science/hal-05624738v1,Weather Regimes Preclude the Observation of a Southern Annular Mode Signal in Two Coastal East Antarctic Ice Cores,ART,10.1029/2025JD045013,2026,IMAS | UTAS | UJ | RSES | ANU | OCCR | UNIBE | BGS | EPHE | PSL,relatedData_s,True,False
10.26179/372t-4q89,Australian Antarctic Data Centre,https://data.aad.gov.au/metadata/AAS_4414_MountBrownSouth_SurfaceCore_isotopes,data.aad.gov.au,"The Mount Brown South surface core (MBS1718 'Alpha', 'Bravo', and 'Charlie') chronologies and stable water isotope records",2026-09-04T15:36:02Z,2026-09-04T15:36:02Z,relatedData_s,False,hal-05624738,https://hal.science/hal-05624738v1,Weather Regimes Preclude the Observation of a Southern Annular Mode Signal in Two Coastal East Antarctic Ice Cores,ART,10.1029/2025JD045013,2026,IMAS | UTAS | UJ | RSES | ANU | OCCR | UNIBE | BGS | EPHE | PSL,relatedData_s,True,False
10.4225/15/58eedf6812621,"AU/AADC > Australian Antarctic Data Centre, Australia",https://data.aad.gov.au/metadata/AAS_4414_MountBrownSouth_LawDome_icecores_seasalt_accumulation_2020,data.aad.gov.au,"El Niño Southern Oscillation signal in a new East Antarctic ice core, Mount Brown South",2026-09-04T15:36:02Z,2026-09-04T15:36:02Z,relatedData_s,False,hal-05624738,https://hal.science/hal-05624738v1,Weather Regimes Preclude the Observation of a Southern Annular Mode Signal in Two Coastal East Antarctic Ice Cores,ART,10.1029/2025JD045013,2026,IMAS | UTAS | UJ | RSES | ANU | OCCR | UNIBE | BGS | EPHE | PSL,relatedData_s,True,False
10.57745/ZZWKGQ,Recherche Data Gouv,https://entrepot.recherche.data.gouv.fr/citation?persistentId=doi:10.57745/ZZWKGQ,entrepot.recherche.data.gouv.fr,RMQS1 16S operational taxonomic units,2026-09-02T13:24:31Z,2026-09-02T13:24:31Z,relatedData_s,False,hal-01843156,https://hal.science/hal-01843156v1,Mapping and predictive variations of soil bacterial richness across France,ART,10.1371/journal.pone.0186766,2017,INRA | UB | UBFC | InfoSol | GENOSCOPE | DRF (CEA) | CEA | iEES | UPMC | UPEC UP12,relatedData_s,True,False
10.57745/ZZWKGQ,Recherche Data Gouv,https://entrepot.recherche.data.gouv.fr/citation?persistentId=doi:10.57745/ZZWKGQ,entrepot.recherche.data.gouv.fr,RMQS1 16S operational taxonomic units,2026-09-02T13:24:31Z,2026-09-02T13:24:31Z,relatedData_s,False,hal-03129732,https://hal.inrae.fr/hal-03129732v1,ReClustOR: a re‐clustering tool using an open‐reference method that improves operational taxonomic unit definition,ART,10.1111/2041-210x.13316,2020,UB | UBFC | INRAE,relatedData_s,True,False
10.57745/XBFOJP,Recherche Data Gouv,https://entrepot.recherche.data.gouv.fr/citation?persistentId=doi:10.57745/XBFOJP,entrepot.recherche.data.gouv.fr,RMQS1 16S bioinformatic config files and control sample data,2026-09-02T13:24:31Z,2026-09-02T13:24:31Z,relatedData_s,False,hal-01843156,https://hal.science/hal-01843156v1,Mapping and predictive variations of soil bacterial richness across France,ART,10.1371/journal.pone.0186766,2017,INRA | UB | UBFC | InfoSol | GENOSCOPE | DRF (CEA) | CEA | iEES | UPMC | UPEC UP12,relatedData_s,True,False
10.57745/VLWJ51,Recherche Data Gouv,https://entrepot.recherche.data.gouv.fr/citation?persistentId=doi:10.57745/VLWJ51,entrepot.recherche.data.gouv.fr,RMQS1 molecular microbial biomass,2026-09-02T13:24:26Z,2026-09-02T13:24:26Z,relatedData_s,False,hal-00698381,https://hal.science/hal-00698381v1,Biogeographical patterns of soil molecular microbial biomass as influenced by soil characteristics and management,ART,10.1111/j.1466-8238.2010.00628.x,2011,MSE | INRA | UB | InfoSol | LBBE | UCBL | VAS | CNRS | ADEME,relatedData_s,True,False
10.57745/VLWJ51,Recherche Data Gouv,https://entrepot.recherche.data.gouv.fr/citation?persistentId=doi:10.57745/VLWJ51,entrepot.recherche.data.gouv.fr,RMQS1 molecular microbial biomass,2026-09-02T13:24:26Z,2026-09-02T13:24:26Z,relatedData_s,False,hal-01844377,https://institut-agro-dijon.hal.science/hal-01844377v1,Predictive model of soil molecular microbial biomass,ART,10.1016/j.ecolind.2015.12.004,2016,INRA | UB | InfoSol | ADEME,relatedData_s,True,False
10.57745/2V46MF,Recherche Data Gouv,https://entrepot.recherche.data.gouv.fr/citation?persistentId=doi:10.57745/2V46MF,entrepot.recherche.data.gouv.fr,Unité Expérimentale d'Epoisses : Données collectées dans le cadre des études de sol du réseau CAREX,2026-09-02T13:23:32Z,2026-09-02T13:23:32Z,relatedData_s,False,hal-02791157,https://hal.inrae.fr/hal-02791157v1,UE Epoisses cartograhie des sols et de la réserve utile - Approche pédologique raisonnée par une prospection géophysique,REPORT,,2017,URSols | INRA | DIJ EPOISSES | UB | UBFC | InfoSol,relatedData_s,True,False
10.5281/zenodo.17020328,Zenodo,https://zenodo.org/doi/10.5281/zenodo.17020328,zenodo.org,"Data from ""Pygocephalids pancrustaceans from the Carboniferous of Nova Scotia, Canada, with comments on the cuticular micro-structures of Pygocephalamorpha""",2026-09-01T15:58:07Z,2026-09-01T15:58:07Z,relatedData_s,False,hal-05575977,https://hal.science/hal-05575977v1,"Pygocephalid pancrustaceans from the late Carboniferous of Nova Scotia, Canada, with comments on the cuticular microstructures of Pygocephalamorpha",ART,10.4138/atlgeo.2026.001,2026,CR2P | MNHN | SU | CNRS | GET | IRD | UT3 | Comue de Toulouse | INSU - CNRS | CNES,relatedData_s,True,False
10.5281/zenodo.14747448,Zenodo,https://zenodo.org/doi/10.5281/zenodo.14747448,zenodo.org,JoseBSL/EuPPollNet: EuPPollNet: A European database of plant-pollinator networks,2026-08-25T17:22:03Z,2026-08-25T17:22:03Z,relatedPublication_s,True,hal-04948867,https://ube.hal.science/hal-04948867v1,EuPPollNet : a European database of Plant‐Pollinator Networks,ART,10.1111/geb.70000,2025,MLU | iDiv | UFZ | BC3 | UPV / EHU | CEBC | ULR | CNRS | INRAE | LTSER-ZAPVS,relatedPublication_s,False,True
10.5281/zenodo.15497132,Zenodo,https://zenodo.org/doi/10.5281/zenodo.15497132,zenodo.org,"Location data from: ""Critical habitat thresholds for effective pollinator conservation in agricultural landscapes""",2026-08-17T14:10:02Z,2026-08-17T14:10:02Z,relatedData_s,False,hal-05329408,https://hal.inrae.fr/hal-05329408v1,Critical habitat thresholds for effective pollinator conservation in agricultural landscapes,ART,10.1126/science.adr2146,2025,WUR | EBD | CSIC | UBC | BC3 | UOR | SBiK-F | LG / WGL | NINA | P3F,relatedData_s,True,False
10.5061/dryad.nk98sf82b,Dryad,https://datadryad.org/dataset/doi:10.5061/dryad.nk98sf82b,datadryad.org,Data for: Critical habitat thresholds for effective pollinator conservation in agricultural landscapes,2026-08-17T14:10:02Z,2026-08-17T14:10:02Z,relatedData_s,False,hal-05329408,https://hal.inrae.fr/hal-05329408v1,Critical habitat thresholds for effective pollinator conservation in agricultural landscapes,ART,10.1126/science.adr2146,2025,WUR | EBD | CSIC | UBC | BC3 | UOR | SBiK-F | LG / WGL | NINA | P3F,relatedData_s,True,False
10.57745/T2RTDR,Recherche Data Gouv,https://entrepot.recherche.data.gouv.fr/citation?persistentId=doi:10.57745/T2RTDR,entrepot.recherche.data.gouv.fr,Human emotional odours influence horses’ behaviour and physiology,2026-08-12T12:16:06Z,2026-08-12T12:16:06Z,relatedData_s,False,hal-05279443,https://hal.science/hal-05279443v2,Human emotional odours influence horses’ behaviour and physiology,ART,10.1371/journal.pone.0337948,2026,PRC | UT | NEOLAiA | CNRS | INRAE | IFCE | DOCC | CSGA | Institut Agro | UBE,relatedData_s,True,False
10.57745/YGWKU2,Recherche Data Gouv,https://entrepot.recherche.data.gouv.fr/citation?persistentId=doi:10.57745/YGWKU2,entrepot.recherche.data.gouv.fr,Field-scale and landscape-scale drivers of insecticide use in oilseed rape crops across France - dataset,2026-08-04T03:20:07Z,2026-08-04T03:20:07Z,relatedData_s,False,hal-05709987,https://hal.inrae.fr/hal-05709987v1,Field-scale and landscape-scale drivers of insecticide use in oilseed rape crops across France,ART,10.1016/j.agsy.2026.104770,2026,INRAE | Institut Agro | UBE | UMR ABSys | Cirad | CIHEAM-IAMM | CIHEAM,relatedData_s,True,False
10.57745/0G65L7,Recherche Data Gouv,https://entrepot.recherche.data.gouv.fr/citation?persistentId=doi:10.57745/0G65L7,entrepot.recherche.data.gouv.fr,Task 3.4 - Deliverable 1 - Life cycle assessment of the LETSPROSEED pulse protein ingredients,2026-07-29T15:16:59Z,2026-07-29T15:16:59Z,relatedData_s,False,hal-05371151,https://hal.science/hal-05371151v1,Life cycle inventories and environmental impact datasets for the semi-industrial processing of food Faba bean or Pea protein ingredients,ART,10.1016/j.dib.2025.112247,2025,STLO | INRAE | Institut Agro | BIA | UBE | PAM | PCAV,relatedData_s,True,False
10.57745/DFGUGB,Recherche Data Gouv,https://entrepot.recherche.data.gouv.fr/citation?persistentId=doi:10.57745/DFGUGB,entrepot.recherche.data.gouv.fr,Impact des digestats de méthanisation sur la qualité biologique des sols : Evaluation d’impact à court terme en conditions contrôlées (Microcosmes),2026-07-28T14:22:17Z,2026-07-28T14:22:17Z,relatedPublication_s,True,hal-04266661,https://hal.science/hal-04266661v1,The short-term response of soil microbial communities to digestate application depends on the characteristics of the digestate and soil type,ART,10.1016/j.apsoil.2023.105105,2024,UB | UBFC | INRAE | Institut Agro | UR OPAALE | LEVA | ESA | IPSL | ENS-PSL | PSL,relatedPublication_s,False,True
10.57745/AKSR1A,Recherche Data Gouv,https://entrepot.recherche.data.gouv.fr/citation?persistentId=doi:10.57745/AKSR1A,entrepot.recherche.data.gouv.fr,Biogeographical patterns of the soil fungal:bacterial ratio across France,2026-07-28T14:22:14Z,2026-07-28T14:22:14Z,relatedData_s,False,hal-04273989,https://hal.inrae.fr/hal-04273989v1,Biogeographical patterns of the soil fungal:bacterial ratio across France,ART,10.1128/msphere.00365-23,2023,UB | UBFC | INRAE | Institut Agro | Info&Sols,relatedData_s,True,False
10.57745/HBRMRX,Recherche Data Gouv,https://entrepot.recherche.data.gouv.fr/citation?persistentId=doi:10.57745/HBRMRX,entrepot.recherche.data.gouv.fr,Glycosylated Stilbenes Biobased Production for Cosmetic Applications,2026-07-22T09:58:01Z,2026-07-22T09:58:01Z,relatedData_s,False,hal-01555716,https://ube.hal.science/hal-01555716v1,Anti-Cancer Activity of Resveratrol and Derivatives Produced by Grapevine Cell Suspensions in a 14 L Stirred Bioreactor.,ART,10.3390/molecules22030474,2017,MEDyC | URCA | CNRS | ICMR | INC-CNRS | URVVC | LNC | UB | INSERM,relatedData_s,True,False
10.57745/HBRMRX,Recherche Data Gouv,https://entrepot.recherche.data.gouv.fr/citation?persistentId=doi:10.57745/HBRMRX,entrepot.recherche.data.gouv.fr,Glycosylated Stilbenes Biobased Production for Cosmetic Applications,2026-07-22T09:58:01Z,2026-07-22T09:58:01Z,relatedData_s,False,hal-01820982,https://ube.hal.science/hal-01820982v1,"Molecular analysis of differential antiproliferative activity of resveratrol, epsilon viniferin and labruscol on melanoma cells and normal dermal cells",ART,10.1016/j.fct.2018.04.043,2018,SiRMa | MEDyC | URCA | CNRS | LNC | UB | INSERM | SEBIO | INERIS | ULH,relatedData_s,True,False
10.57745/HBRMRX,Recherche Data Gouv,https://entrepot.recherche.data.gouv.fr/citation?persistentId=doi:10.57745/HBRMRX,entrepot.recherche.data.gouv.fr,Glycosylated Stilbenes Biobased Production for Cosmetic Applications,2026-07-22T09:58:01Z,2026-07-22T09:58:01Z,relatedData_s,False,hal-02181902,https://univ-reims.hal.science/hal-02181902v1,"Cytotoxicity of Labruscol, a New Resveratrol Dimer Produced by Grapevine Cell Suspensions, on Human Skin Melanoma Cancer Cell Line HT-144",ART,10.3390/molecules22111940,2017,MEDyC | URCA | CNRS | ICMR | INC-CNRS | URVVC | LNC | UB | INSERM | ENSBANA,relatedData_s,True,False
10.15454/XSVVBW,Recherche Data Gouv,https://entrepot.recherche.data.gouv.fr/citation?persistentId=doi:10.15454/XSVVBW,entrepot.recherche.data.gouv.fr,PO² Process and Observation Ontology,2026-07-21T14:15:12Z,2026-07-21T14:15:12Z,relatedData_s,False,hal-01418097,https://agroparistech.hal.science/hal-01418097v1,PO² - A Process and Observation Ontology in Food Science. Application to Dairy Gels,COMM,10.1007/978-3-319-49157-8_13,2016,MIA-Paris | INRA | UB,relatedData_s,True,False
10.15454/XSVVBW,Recherche Data Gouv,https://entrepot.recherche.data.gouv.fr/citation?persistentId=doi:10.15454/XSVVBW,entrepot.recherche.data.gouv.fr,PO² Process and Observation Ontology,2026-07-21T14:15:12Z,2026-07-21T14:15:12Z,relatedData_s,False,hal-02043246,https://agroparistech.hal.science/hal-02043246v1,"Relating transformation process, eco-design, composition and sensory quality in cheeses using PO2 ontology",ART,10.1016/j.idairyj.2019.01.003,2019,GMPA | INRA | MIA-Paris | CSGA | UB | CNRS | URTAL,relatedData_s,True,False
10.15454/XSVVBW,Recherche Data Gouv,https://entrepot.recherche.data.gouv.fr/citation?persistentId=doi:10.15454/XSVVBW,entrepot.recherche.data.gouv.fr,PO² Process and Observation Ontology,2026-07-21T14:15:12Z,2026-07-21T14:15:12Z,relatedData_s,False,hal-04197618,https://hal.inrae.fr/hal-04197618v1,"PO2/TransformON, an ontology for data integration on food, feed, bioproducts and biowaste engineering",ART,10.1038/s41538-023-00221-2,2023,BIA | INRAE | UMR IATE | Institut Agro | UM | MIA Paris-Saclay | URTAL | TRANSFORM | CSGA | UB,relatedData_s,True,False
10.15454/F40EXP,Recherche Data Gouv,https://data.inrae.fr/citation?persistentId=doi:10.15454/F40EXP,data.inrae.fr,"Dataset on model cheeses composition, rheological and sensory properties, from six different projects exported from BaGaTel database.",2026-07-21T14:15:12Z,2026-07-21T14:15:12Z,relatedData_s,False,hal-03197788,https://hal.inrae.fr/hal-03197788v1,"Relationships between cheese composition, rheological and sensory properties highlighted using the BaGaTel database",ART,10.1016/j.idairyj.2021.105039,2021,CSGA | UB | CNRS | INRAE | UBFC | URTAL | SayFood,relatedData_s,True,False
10.57745/VWYUEB,Recherche Data Gouv,https://entrepot.recherche.data.gouv.fr/citation?persistentId=doi:10.57745/VWYUEB,entrepot.recherche.data.gouv.fr,"Dataset from a long-term experiment on the effect of cropping systems and tillage on soil organic carbon, total nitrogen, microbial biomass carbon and nitrogen mineralization rate",2026-07-16T14:48:02Z,2026-07-16T14:48:02Z,relatedData_s,False,hal-05639869,https://institut-agro-dijon.hal.science/hal-05639869v1,"Plant carbon inputs drive the stratification of soil organic carbon, microbial biomass and mineralizable nitrogen after reducing soil tillage",ART,10.1016/j.geoderma.2026.117874,2026,UA | ULiège | UPJV | ULCO | INRAE | JUNIA | UCL | UMR Eco&Sols | Cirad | IRD,relatedData_s,True,False
10.57745/MEV4FF,Recherche Data Gouv,https://entrepot.recherche.data.gouv.fr/citation?persistentId=doi:10.57745/MEV4FF,entrepot.recherche.data.gouv.fr,Simulated exploration of unknown environment by OF-shape based regulation on fully actuated hexarotor,2026-07-10T11:46:36Z,2026-07-10T11:46:36Z,relatedData_s,False,hal-05374840,https://hal.science/hal-05374840v2,Heading Toward Apertures Using Panoramic Optic Flow for Aerial Exploration,ART,10.1080/01691864.2026.2667369,2025,ISM | AMU | CNRS | LIB | UBE | UB | LCFC | UL | Lab-STICC_ROBEX | Lab-STICC,relatedData_s,True,False
10.57745/5VJQHM,Recherche Data Gouv,https://entrepot.recherche.data.gouv.fr/citation?persistentId=doi:10.57745/5VJQHM,entrepot.recherche.data.gouv.fr,Camera Underwater images in front of underwater nettings at Lake Guerlédan,2026-07-08T16:42:46Z,2026-07-08T16:42:46Z,relatedData_s,False,hal-04139578,https://hal.science/hal-04139578v1,Safety Net Detection by Optic Flow Processing,COMM,10.1109/ICUAS57906.2023.10156597,2023,ISM | AMU | CNRS | LIB | UB | LCFC | UL,relatedData_s,True,False
10.57745/5VJQHM,Recherche Data Gouv,https://entrepot.recherche.data.gouv.fr/citation?persistentId=doi:10.57745/5VJQHM,entrepot.recherche.data.gouv.fr,Camera Underwater images in front of underwater nettings at Lake Guerlédan,2026-07-08T16:42:46Z,2026-07-08T16:42:46Z,relatedData_s,False,hal-05120953,https://hal.science/hal-05120953v1,Underwater Netting Detection and Distance Estimation using Optic Flow,UNDEFINED,,2025,ISM | AMU | CNRS | Lab-STICC_ROBEX | Lab-STICC | ENIB | UBO EPE | Bretagne INP | UBS | IMT Atlantique,relatedData_s,True,False
10.5281/zenodo.16994482,Zenodo,https://zenodo.org/doi/10.5281/zenodo.16994482,zenodo.org,Datasets and code of Evaluating and Understanding the Geocoding of City Directories of Paris (1787-1914),2026-07-08T03:57:24Z,2026-07-08T03:57:24Z,relatedPublication_s,True,hal-05498176,https://cnrs.hal.science/hal-05498176v1,Evaluating and Understanding the Geocoding of City Directories of Paris (1787-1914): Data-Driven Geography of Urban Sprawl and Densification,ART,10.63744/eh2pbu98sxve,2026,ThéMA | CNRS | UMLP | UBE | CRH (UMR 8558 CNRS / EHESS) | EHESS | LRE | EPITA | LaSTIG | EIVP,relatedPublication_s,False,True
10.57745/EOAKKA,Recherche Data Gouv,https://entrepot.recherche.data.gouv.fr/citation?persistentId=doi:10.57745/EOAKKA,entrepot.recherche.data.gouv.fr,Quantitative sodium MRI in carrots,2026-06-24T18:03:28Z,2026-06-24T18:03:28Z,relatedData_s | seeAlso_s,False,hal-05051650,https://hal.inrae.fr/hal-05051650v1,Impact of salting practices on sodium distribution in carrots assessed by quantitative MRI,ART,10.1016/j.foodres.2025.116351,2025,QuaPA | INRAE | CSGA | CNRS | Institut Agro | UBE,relatedData_s,True,False
10.57745/EOAKKA,Recherche Data Gouv,https://entrepot.recherche.data.gouv.fr/citation?persistentId=doi:10.57745/EOAKKA,entrepot.recherche.data.gouv.fr,Quantitative sodium MRI in carrots,2026-06-24T18:03:28Z,2026-06-24T18:03:28Z,relatedData_s | seeAlso_s,False,hal-05051650,https://hal.inrae.fr/hal-05051650v1,Impact of salting practices on sodium distribution in carrots assessed by quantitative MRI,ART,10.1016/j.foodres.2025.116351,2025,QuaPA | INRAE | CSGA | CNRS | Institut Agro | UBE,seeAlso_s,False,False
10.57745/BRGZNJ,Recherche Data Gouv,https://entrepot.recherche.data.gouv.fr/citation?persistentId=doi:10.57745/BRGZNJ,entrepot.recherche.data.gouv.fr,Spatiotemporal quantification of sodium concentration in carrot,2026-06-24T18:03:28Z,2026-06-24T18:03:28Z,relatedData_s,False,hal-05051655,https://hal.inrae.fr/hal-05051655v1,Spatiotemporal quantification of sodium concentration in food using magnetic resonance imaging,ART,10.1016/j.foodres.2025.116416,2025,QuaPA | INRAE | CSGA | CNRS | Institut Agro | UBE,relatedData_s,True,False
10.57745/Z4HXOQ,Recherche Data Gouv,https://entrepot.recherche.data.gouv.fr/citation?persistentId=doi:10.57745/Z4HXOQ,entrepot.recherche.data.gouv.fr,Quantification of Plasmopara viticola oospores in soil and their spatial distribution in a vineyard,2026-06-17T03:23:56Z,2026-06-17T03:23:56Z,relatedData_s,False,hal-04827822,https://hal.inrae.fr/hal-04827822v1,Quantitative assessment and spatial distribution of Plasmopara viticola oospores in vineyard soil,UNDEFINED,10.1101/2024.07.29.605284,2024,Bordeaux Sciences Agro | UMR SAVE | UB | INRAE | CSGA | CNRS | Institut Agro | UBE | UMR EGFV | UMR CBGP,relatedData_s,True,False
10.5061/dryad.bzkh189pc,Dryad,https://datadryad.org/dataset/doi:10.5061/dryad.bzkh189pc,datadryad.org,A genotype-by-sequencing dataset and identity-by-state matrix of genetic variation in Pinus radiata from 16 counties,2026-06-10T15:14:02Z,2026-06-10T15:14:02Z,relatedData_s,False,hal-05299715,https://hal.inrae.fr/hal-05299715v1,A genotype-by-sequencing dataset and identity-by-state matrix of genetic variation in 821 Pinus radiata trees from 16 counties,ART,10.1016/j.dib.2025.112123,2025,GECI | ELGO -DIMITRA | UMR ISPA | Bordeaux Sciences Agro | INRAE | BioForA | ONF | UEFP | INIAV | ITQB,relatedData_s,True,False
10.13144/lil-0474,Progedo-Adisp,https://data.progedo.fr/studies/doi/10.13144/lil-0474,data.progedo.fr,Génération 2004 - Interrogation à 3 ans - 2007,2026-06-06T09:04:25Z,2026-06-06T09:04:25Z,relatedData_s,False,halshs-00694452,https://shs.hal.science/halshs-00694452v1,L'effet de la qualité des stages sur l'insertion professionnelle des diplômés de l'enseignement supérieur,ART,10.4000/formationemploi.3514,2012,IREDU | UB | CEE | M.E.N.E.S.R. | CEPN | UP13 | USPC | CNRS,relatedData_s,True,False
10.13144/lil-0474,Progedo-Adisp,https://data.progedo.fr/studies/doi/10.13144/lil-0474,data.progedo.fr,Génération 2004 - Interrogation à 3 ans - 2007,2026-06-06T09:04:25Z,2026-06-06T09:04:25Z,relatedData_s,False,halshs-00816074,https://shs.hal.science/halshs-00816074v1,Recherches d'emploi et mobilités sur le marché du travail : une analyse comparée de l'enquête Génération et de l'enquête Emploi,COMM,,2012,IREDU | UB | CEE | M.E.N.E.S.R. | INED | EconomiX | UPN | CNRS | LED | UP8,relatedData_s,True,False
10.57745/JK5WCD,Recherche Data Gouv,https://entrepot.recherche.data.gouv.fr/citation?persistentId=doi:10.57745/JK5WCD,entrepot.recherche.data.gouv.fr,RMQS1 16S microbial habitat,2026-06-05T03:27:04Z,2026-06-05T03:27:04Z,relatedData_s,False,hal-03014310,https://institut-agro-dijon.hal.science/hal-03014310v1,Biogeography of soil microbial habitats across France,ART,10.1111/geb.13118,2020,UB | UBFC | INRAE | LAE | UL | InfoSol | UMR 8030 | GENOSCOPE | DRF (CEA) | CEA,relatedData_s,True,False
10.5281/zenodo.7447302,Zenodo,https://zenodo.org/record/7447302,zenodo.org,Berlin EmoDB,2026-06-05T03:26:38Z,2026-06-05T03:26:38Z,relatedData_s,False,hal-05644563,https://ube.hal.science/hal-05644563v1,Multi-channel CNN-based emotion recognition using recurrence plot representations of speech,COMM,10.1109/bibm58861.2023.10385734,2023,ICS-FORTH | FORTH,relatedData_s,True,False
10.57745/P4G16N,Recherche Data Gouv,https://entrepot.recherche.data.gouv.fr/citation?persistentId=doi:10.57745/P4G16N,entrepot.recherche.data.gouv.fr,"Cover crop and weed biomass with their nitrogen and carbon content sampled in cover crop mixture according to mixture, irriguation and nitrogen fertilisation at sowing",2026-06-02T14:22:20Z,2026-06-02T14:22:20Z,relatedData_s,False,hal-03641417,https://institut-agro-dijon.hal.science/hal-03641417v1,Weed suppression in cover crop mixtures under contrasted levels of resource availability,ART,10.1016/j.eja.2022.126499,2022,UB | UBFC | INRAE | DIJ EPOISSES,relatedData_s,True,False
10.57745/P4G16N,Recherche Data Gouv,https://entrepot.recherche.data.gouv.fr/citation?persistentId=doi:10.57745/P4G16N,entrepot.recherche.data.gouv.fr,"Cover crop and weed biomass with their nitrogen and carbon content sampled in cover crop mixture according to mixture, irriguation and nitrogen fertilisation at sowing",2026-06-02T14:22:20Z,2026-06-02T14:22:20Z,relatedData_s,False,hal-04052344,https://hal.inrae.fr/hal-04052344v1,Carry-over effects of cover crops on weeds and crop productivity in no-till systems,ART,10.1016/j.fcr.2023.108899,2023,UB | UBFC | INRAE | Institut Agro | DIJ EPOISSES,relatedData_s,True,False
10.57745/4SAZUO,Recherche Data Gouv,https://entrepot.recherche.data.gouv.fr/citation?persistentId=doi:10.57745/4SAZUO,entrepot.recherche.data.gouv.fr,Faisabilité climatique de la vigne en France : indicateurs agro/écoclimatiques.,2026-06-01T15:41:47Z,2026-06-01T15:41:47Z,relatedData_s,False,hal-03583862,https://hal.inrae.fr/hal-03583862v1,La diversité des vignobles français face au changement climatique : simulations climatiques et prospective participative,ART,10.1051/climat/202118003,2021,UMR EGFV | UB | Bordeaux Sciences Agro | INRAE | BGS | CNRS | SVQV | UNISTRA | AGROCLIM | INAO,relatedData_s,True,False
10.5281/zenodo.10809586,Zenodo,https://zenodo.org/doi/10.5281/zenodo.10809586,zenodo.org,"Data and R scripts supporting the article: ""Wing shape evolution is not constrained by ancestral genetic covariances in the invasive Drosophila suzukii """,2026-05-30T03:13:27Z,2026-05-30T03:13:27Z,relatedData_s,False,hal-05632707,https://ube.hal.science/hal-05632707v1,Wing shape evolution is not constrained by ancestral genetic covariances in the invasive Drosophila suzukii,ART,10.24072/pcjournal.707,2026,ISYEB | MNHN | EPHE | PSL | SU | CNRS | UA | BGS | UBE | CEFE,relatedData_s,True,False
10.5281/zenodo.14884485,Zenodo,https://zenodo.org/doi/10.5281/zenodo.14884485,zenodo.org,Relationship between seed predation and activity-density of carabid beetles in farmland; a meta-regression (dataset and code),2026-05-12T17:02:04Z,2026-05-12T17:02:04Z,relatedData_s,False,hal-04959610,https://hal.science/hal-04959610v1,Relationship between seed predation and activity-density of carabid beetles in farmland: A meta-regression,ART,10.1016/j.agee.2025.109551,2025,INRAE | Institut Agro | UBE | UMR CBGP | Cirad | IRD [Occitanie] | IRD | UM | WUR | MIA Paris-Saclay,relatedData_s,True,False
10.5281/zenodo.13737015,Zenodo,https://zenodo.org/doi/10.5281/zenodo.13737015,zenodo.org,leagenty/dataset_Genty_et_al_2025_margin_services: final_version_first_submission_license_added,2026-05-12T17:02:04Z,2026-05-12T17:02:04Z,relatedPublication_s,True,hal-05446068,https://hal.science/hal-05446068v1,Intensive management negatively impacts field margin ecosystem service indicators at both field and landscape levels,ART,10.1002/eap.70161,2026,LSV Montpellier | LSV | ANSES | UMR CBGP | Cirad | IRD [Occitanie] | IRD | INRAE | Institut Agro | UM,relatedPublication_s,False,True
10.57745/NMIPCY,Recherche Data Gouv,https://entrepot.recherche.data.gouv.fr/citation?persistentId=doi:10.57745/NMIPCY,entrepot.recherche.data.gouv.fr,"Data associated to the paper ""Scale dependence in agricultural drivers of field margin plant communities: influence of spatial resolution and extent""",2026-05-12T17:02:04Z,2026-05-12T17:02:04Z,relatedData_s,False,hal-04254641,https://hal.inrae.fr/hal-04254641v1,Agricultural drivers of field margin plant communities are scale-dependent,ART,10.1016/j.baae.2023.08.003,2023,UMR CBGP | Cirad | IRD [Occitanie] | IRD | INRAE | Institut Agro | UM | LSV Montpellier | LSV | ANSES,relatedData_s,True,False
10.57745/HORXAJ,Recherche Data Gouv,https://entrepot.recherche.data.gouv.fr/citation?persistentId=doi:10.57745/HORXAJ,entrepot.recherche.data.gouv.fr,"Assessing the non-target effects of herbicides on field margin plant communities after controlling for soil, climate, local context and landscape metrics",2026-05-12T17:02:04Z,2026-05-12T17:02:04Z,relatedData_s,False,hal-05446093,https://hal.science/hal-05446093v1,"Assessing the non-target effects of herbicides on field margin plant communities after controlling for soil, climate, local context and landscape metrics",ART,10.1016/j.agee.2025.110190,2026,INRAE | Institut Agro | UBE | LSV Montpellier | LSV | ANSES | UMR CBGP | Cirad | IRD [Occitanie] | IRD,relatedData_s,True,False
10.6084/m9.figshare.24454609,Figshare,https://figshare.com/articles/dataset/Supplementary_material_b_Branch_then_sting_the_two_step_evolution_of_defensive_cage_architectures_in_herbivore-driven_ecosystems_b_/24454609,figshare.com,Supplementary material: <b>Branch then sting: the two step evolution of defensive cage architectures in herbivore-driven ecosystems</b>,2026-05-12T17:02:04Z,2026-05-12T17:02:04Z,relatedData_s,False,hal-04513209,https://hal.inrae.fr/hal-04513209v1,Blocking then stinging as a case of two-step evolution of defensive cage architectures in herbivore-driven ecosystems,ART,10.1038/s41477-024-01649-4,2024,CAS | UCAS | UMR AMAP | Cirad | CNRS | IRD [Occitanie] | IRD | INRAE | UM | UB,relatedData_s,True,False
10.5061/dryad.n0n60,Dryad,https://datadryad.org/dataset/doi:10.5061/dryad.n0n60,datadryad.org,"Data from: Genetic structure and invasion history of the house mouse (Mus musculus domesticus) in Senegal, West Africa: a legacy of colonial and contemporary times",2026-05-12T17:02:03Z,2026-05-12T17:02:03Z,relatedData_s,False,hal-01576202,https://hal.science/hal-01576202v1,"Genetic structure and invasion history of the house mouse (Mus musculus domesticus) in Senegal, West Africa: a legacy of colonial and contemporary times.",ART,10.1038/hdy.2017.18,2017,UMR CBGP | Cirad | INRA | Montpellier SupAgro | UM | IRD [Occitanie] | IRD | IBC | Inria | CNRS,relatedData_s,True,False
10.18167/DVN1/HIEXNF,CIRAD Dataverse,https://dataverse.cirad.fr/citation?persistentId=doi:10.18167/DVN1/HIEXNF,dataverse.cirad.fr,"A dataset on above- and below-ground traits of 17 cover crops, two wild plant species and two banana cultivars, cultivated individually",2026-05-07T13:58:52Z,2026-05-07T13:58:52Z,relatedData_s,False,hal-03146377,https://hal.inrae.fr/hal-03146377v1,"A dataset on above- and below-ground traits of 21 species found in banana cropping systems, cultivated individually",ART,10.1016/j.dib.2020.105890,2020,UR GECO | Cirad | UB | UBFC | INRAE,relatedData_s,True,False
10.5281/zenodo.10597854,Zenodo,https://zenodo.org/doi/10.5281/zenodo.10597854,zenodo.org,Data supporting: Are high-throughput root-phenotyping platforms suitable for informing root-system architecture models with genotype-specific parameters? An evaluation based on the root model ArchiSimple and a small panel of wheat cultivars,2026-05-05T16:38:03Z,2026-05-05T16:38:03Z,relatedData_s,False,hal-04553063,https://hal.inrae.fr/hal-04553063v1,Are high-throughput root phenotyping platforms suitable for informing root system architecture models with genotype-specific parameters? An evaluation based on the root model ArchiSimple and a small panel of wheat cultivars,ART,10.1093/jxb/erae009,2024,LEPSE | INRAE | Institut Agro | UCLouvain | ELIE | UB | UBFC | GQE-Le Moulon | CNRS,relatedData_s,True,False
10.5281/zenodo.14009106,Zenodo,https://zenodo.org/doi/10.5281/zenodo.14009106,zenodo.org,Subjective Quality Assessment of Foveated Omnidirectional Images in Virtual Reality (FOIQA),2026-05-05T16:37:52Z,2026-05-05T16:37:52Z,relatedData_s | seeAlso_s,False,hal-05120194,https://hal.science/hal-05120194v1,Subjective Quality Assessment of Foveated Omnidirectional Images in Virtual Reality,ART,10.1109/OJID.2025.3556364,2025,NTNU | CORES | ImViA | UBE | UP | XLIM-ASALI | XLIM | UNILIM | CNRS,relatedData_s,True,False
10.5281/zenodo.14009106,Zenodo,https://zenodo.org/doi/10.5281/zenodo.14009106,zenodo.org,Subjective Quality Assessment of Foveated Omnidirectional Images in Virtual Reality (FOIQA),2026-05-05T16:37:52Z,2026-05-05T16:37:52Z,relatedData_s | seeAlso_s,False,hal-05120194,https://hal.science/hal-05120194v1,Subjective Quality Assessment of Foveated Omnidirectional Images in Virtual Reality,ART,10.1109/OJID.2025.3556364,2025,NTNU | CORES | ImViA | UBE | UP | XLIM-ASALI | XLIM | UNILIM | CNRS,seeAlso_s,False,False
10.5281/zenodo.15428747,Zenodo,https://zenodo.org/doi/10.5281/zenodo.15428747,zenodo.org,"Model data for the figures of Obase et al. entitled ""Multi-model assessment of the deglacial climatic evolution at high southern latitudes""",2026-05-05T16:37:41Z,2026-05-05T16:37:41Z,relatedData_s,False,hal-05222699,https://ube.hal.science/hal-05222699v1,Multi-model assessment of the deglacial climatic evolution at high southern latitudes.,ART,10.5194/cp-21-1443-2025,2025,AORI | UTokyo | JAMSTEC | CCRC | UNSW | CAGE | UiT | BGS | EPHE | PSL,relatedData_s,True,False
10.5281/zenodo.15309541,Zenodo,https://zenodo.org/doi/10.5281/zenodo.15309541,zenodo.org,"Dataset of 111 metagenome-assembled genomes from cattle manure, soil and manured soil samples",2026-05-05T16:37:41Z,2026-05-05T16:37:41Z,relatedData_s,False,hal-05248793,https://hal.inrae.fr/hal-05248793v1,"Dataset of 111 metagenome-assembled genomes from cattle manure, soil and manured soil samples",ART,10.1016/j.dib.2025.111748,2025,INRAE | Institut Agro | UBE | BIOLOGY CENTRE CAS | CAS,relatedData_s,True,False
10.13144/lil-1649,Progedo-Adisp,https://data.progedo.fr/studies/doi/10.13144/lil-1649,data.progedo.fr,Génération 2017 - Interrogation à 3 ans - 2020,2026-05-05T15:53:44Z,2026-05-05T15:53:44Z,relatedData_s,False,hal-03788372,https://hal.science/hal-03788372v1,Sortants du supérieur : le niveau de diplôme ne résume pas les trajectoires d'insertion,ART,,2022,CEREQ | M.E.N.E.S.R. | IREDU | UB | UBFC,relatedData_s,True,False
10.13144/lil-1649,Progedo-Adisp,https://data.progedo.fr/studies/doi/10.13144/lil-1649,data.progedo.fr,Génération 2017 - Interrogation à 3 ans - 2020,2026-05-05T15:53:44Z,2026-05-05T15:53:44Z,relatedData_s,False,halshs-04826959,https://shs.hal.science/halshs-04826959v1,Se réaliser professionnellement dans un emploi déclassé : entre contexte familial et conditions de travail,COUV,10.4000/12q7h,2024,IREDU | UB | UBFC | CEREQ | M.E.N.E.S.R.,relatedData_s,True,False
10.13144/lil-1649,Progedo-Adisp,https://data.progedo.fr/studies/doi/10.13144/lil-1649,data.progedo.fr,Génération 2017 - Interrogation à 3 ans - 2020,2026-05-05T15:53:44Z,2026-05-05T15:53:44Z,relatedData_s,False,halshs-05377217,https://shs.hal.science/halshs-05377217v1,Le CAP : entre rôle social et diplôme d'insertion,REPORT,,2025,CEREQ | M.E.N.E.S.R. | IREDU | UBE,relatedData_s,True,False
10.13144/lil-1649,Progedo-Adisp,https://data.progedo.fr/studies/doi/10.13144/lil-1649,data.progedo.fr,Génération 2017 - Interrogation à 3 ans - 2020,2026-05-05T15:53:44Z,2026-05-05T15:53:44Z,relatedData_s,False,halshs-05515437,https://shs.hal.science/halshs-05515437v1,Bénéficier de la Garantie jeunes : une plus-value pour l’insertion des jeunes en situation de vulnérabilité ?,COUV,10.4000/12q7e,2024,CEREQ | M.E.N.E.S.R. | IREDU | UB | UBFC,relatedData_s,True,False
10.13144/lil-0167,Progedo-Adisp,https://data.progedo.fr/studies/doi/10.13144/lil-0167,data.progedo.fr,Génération 1998 - Interrogation à 3 ans - 2001,2026-05-05T15:53:44Z,2026-05-05T15:53:44Z,relatedData_s,False,halshs-00006898,https://shs.hal.science/halshs-00006898v1,Les débuts dans la vie active des jeunes issus de l'immigration après des études supérieures,ART,,2004,URMIS | UNS | UPD7 | CNRS | IREDU | UB,relatedData_s,True,False
10.57745/LCA116,Recherche Data Gouv,https://entrepot.recherche.data.gouv.fr/citation?persistentId=doi:10.57745/LCA116,entrepot.recherche.data.gouv.fr,"Référentiel de performances économiques, environnementales et sociales de pratiques culturales économes en intrants",2026-05-05T15:53:43Z,2026-05-05T15:53:43Z,relatedData_s,False,hal-05504216,https://hal.inrae.fr/hal-05504216v1,"How does low-input crop management perform? Economic, environmental and social assessment data on different arable crop management strategies in France",ART,10.1016/j.dib.2025.112316,2026,INRAE | Institut Agro | UBE | Agronomie,relatedData_s,True,False
10.5061/dryad.dh46139,Dryad,https://datadryad.org/dataset/doi:10.5061/dryad.dh46139,datadryad.org,Data from: The Rapoport effect and the climatic variability hypothesis in Early Jurassic ammonites,2026-05-05T15:53:43Z,2026-05-05T15:53:43Z,relatedData_s,False,hal-01900414,https://hal.science/hal-01900414v1,The Rapoport effect and the climatic variability hypothesis in Early Jurassic ammonites,ART,10.1111/pala.12389,2018,BGS | UB | CNRS | Evo-Eco-Paléo (EEP) | MHNG,relatedData_s,True,False
10.57745/F0SIEX,Recherche Data Gouv,https://entrepot.recherche.data.gouv.fr/citation?persistentId=doi:10.57745/F0SIEX,entrepot.recherche.data.gouv.fr,Integration DeepLabv3+ applied to RGB images and vegetation indices for nitrogen status in cereal-legume inter-cropping system,2026-05-05T15:53:38Z,2026-05-05T15:53:38Z,relatedData_s,False,hal-05242519,https://hal.inrae.fr/hal-05242519v1,Monitoring the nitrogen status of a cereal in intercropping by semantic segmentation of RGB images,COMM,10.1163/9789004725232_060,2025,INRAE | Institut Agro | UBE,relatedData_s,True,False
10.57745/DZIM2L,Recherche Data Gouv,https://entrepot.recherche.data.gouv.fr/citation?persistentId=doi:10.57745/DZIM2L,entrepot.recherche.data.gouv.fr,Camera images from embedded Camera on a drone flying in front of walls and nettings in simulation and experimental data,2026-05-05T15:53:38Z,2026-05-05T15:53:38Z,relatedData_s,False,hal-04966013,https://hal.science/hal-04966013v3,Netting and Background Distinction with In-Flight Optic Flow,ART,10.1007/s42235-025-00677-w,2025,ISM | AMU | CNRS | LIB | UBE | LCFC | UL | Lab-STICC_ROBEX | Lab-STICC | ENIB,relatedData_s,True,False
10.13144/lil-1084,Progedo-Adisp,https://data.progedo.fr/studies/doi/10.13144/lil-1084,data.progedo.fr,Génération 2010 - Interrogation à 3 ans - 2013,2026-05-05T15:53:38Z,2026-05-05T15:53:38Z,relatedData_s,False,halshs-01878128,https://shs.hal.science/halshs-01878128v1,"Expériences à l'étranger en cours d'études et insertion : des liens complexes, pour quelle plus-value ?",ART,10.4000/formationemploi.5411,2018,CEREQ | M.E.N.E.S.R. | IREDU | UB | UBFC | INED | CMW | ENS de Lyon | UL2 | UJM,relatedData_s,True,False
10.13144/lil-1084,Progedo-Adisp,https://data.progedo.fr/studies/doi/10.13144/lil-1084,data.progedo.fr,Génération 2010 - Interrogation à 3 ans - 2013,2026-05-05T15:53:38Z,2026-05-05T15:53:38Z,relatedData_s,False,halshs-05377217,https://shs.hal.science/halshs-05377217v1,Le CAP : entre rôle social et diplôme d'insertion,REPORT,,2025,CEREQ | M.E.N.E.S.R. | IREDU | UBE,relatedData_s,True,False
10.6084/m9.figshare.27201498,Figshare,https://figshare.com/articles/dataset/Code_and_data_repository_for_b_Niche-environment_interaction_controlled_marine_biodiversity_and_its_spatial_arrangement_during_the_Phanerozoic_b_Balembois_et_al_2024_/27201498,figshare.com,"Code and data repository for <b>Unravelling</b><b> the drivers of marine biodiversity across the Phanerozoic</b> (Balembois et al., 2025)",2026-05-05T15:53:34Z,2026-05-05T15:53:34Z,relatedData_s,False,hal-05286789,https://hal.science/hal-05286789v1,Unravelling the drivers of marine biodiversity across the Phanerozoic,ART,10.1038/s41467-025-63428-9,2025,LOG | INSU - CNRS | ULCO | CNRS | IRD [Ile-de-France] | BGS | EPHE | PSL | UBE | LGL-TPE,relatedData_s,True,False
10.6084/m9.figshare.29473952,Figshare,https://figshare.com/articles/dataset/Cartesian_coordinates/29473952,figshare.com,Cartesian coordinates for SEAr Pyrroline + Thiophenes,2026-05-05T15:53:33Z,2026-05-05T15:53:33Z,relatedData_s,False,hal-05269143,https://ube.hal.science/hal-05269143v1,Substituent Effect on the Nucleophilic Aromatic Substitution of Thiophenes With Pyrrolidine: Theoretical Mechanistic and Reactivity Study,ART,10.1002/jcc.70169,2025,ICMUB | INC-CNRS | CNRS | UBE | CHPNR | FSM | UM | LPCT | UL,relatedData_s,True,False
10.18167/DVN1/ZRTW02,CIRAD Dataverse,https://dataverse.cirad.fr/citation?persistentId=doi:10.18167/DVN1/ZRTW02,dataverse.cirad.fr,Grand Débat National - Données enrichies,2026-05-05T15:53:26Z,2026-05-05T15:53:26Z,relatedData_s | seeAlso_s,False,hal-05177152,https://hal.science/hal-05177152v1,Qui a peur du changement climatique ?,COMM,,2019,IRSTEA | UMR TETIS | Cirad | CNRS | LIB | UB,relatedData_s,True,False
10.18167/DVN1/ZRTW02,CIRAD Dataverse,https://dataverse.cirad.fr/citation?persistentId=doi:10.18167/DVN1/ZRTW02,dataverse.cirad.fr,Grand Débat National - Données enrichies,2026-05-05T15:53:26Z,2026-05-05T15:53:26Z,relatedData_s | seeAlso_s,False,hal-05177152,https://hal.science/hal-05177152v1,Qui a peur du changement climatique ?,COMM,,2019,IRSTEA | UMR TETIS | Cirad | CNRS | LIB | UB,seeAlso_s,False,False
10.57745/CBSTP0,Recherche Data Gouv,https://entrepot.recherche.data.gouv.fr/citation?persistentId=doi:10.57745/CBSTP0,entrepot.recherche.data.gouv.fr,Wild hop bacterial microbiota (Humulus lupulus L.),2026-05-05T15:53:25Z,2026-05-05T15:53:25Z,relatedData_s,False,hal-05166702,https://hal.inrae.fr/hal-05166702v1,Fingerprinting and chemotyping approaches reveal a wide genetic and metabolic diversity among wild hops (Humulus lupulus L.),ART,10.1371/journal.pone.0322330,2025,LAE | UL | INRAE | Institut Agro | UBE,relatedData_s,True,False
10.34847/nkl.ffc45fsr,NAKALA,https://nakala.fr/10.34847/nkl.ffc45fsr,nakala.fr,"Rapport intermédiaire 2022 du programme de recherche archéologique 2022-2025 sur le mont Beuvray, Référentiel",2026-05-05T15:53:18Z,2026-05-05T15:53:18Z,relatedData_s,False,hal-05034734,https://hal.science/hal-05034734v1,Rapport intermédiaire 2022 du programme de recherche archéologique 2022-2025 sur le mont Beuvray,REPORT,,2023,CReA-Patrimoine | ULB | ARTeHiS | MCC | UB | CNRS | Bibracte EPCC,relatedData_s,True,False
10.34847/nkl.dbffy9lu,NAKALA,https://nakala.fr/10.34847/nkl.dbffy9lu,nakala.fr,"Rapport intermédiaire 2023 du programme de recherche archéologique 2022-2025 sur le mont Beuvray, Référentiel",2026-05-05T15:53:18Z,2026-05-05T15:53:18Z,relatedData_s,False,hal-05034702,https://hal.science/hal-05034702v1,Rapport intermédiaire 2023 du programme de recherche archéologique 2022-2025 sur le mont Beuvray,REPORT,,2024,CReA-Patrimoine | ULB | ARTeHiS | MCC | UB | CNRS | Bibracte EPCC,relatedData_s,True,False
10.34847/nkl.aadfk393,NAKALA,https://nakala.fr/10.34847/nkl.aadfk393,nakala.fr,"Rapport intermédiaire 2024 du programme de recherche archéologique 2022-2025 sur le mont Beuvray, Référentiel",2026-05-05T15:53:18Z,2026-05-05T15:53:18Z,relatedData_s,False,hal-05031388,https://hal.science/hal-05031388v1,Rapport intermédiaire 2024 du programme de recherche archéologique 2022-2025 sur le mont Beuvray,REPORT,,2025,CReA-Patrimoine | ULB | Bibracte EPCC | ARTeHiS | MCC | CNRS | UBE,relatedData_s,True,False
10.57745/5BU8MG,Recherche Data Gouv,https://entrepot.recherche.data.gouv.fr/citation?persistentId=doi:10.57745/5BU8MG,entrepot.recherche.data.gouv.fr,"Dataset and R script from ""Do semi-natural habitats enhance overwintering of generalist predators in arable cropping systems? A meta-analysis""",2026-05-05T15:53:12Z,2026-05-05T15:53:12Z,relatedData_s,False,hal-04906415,https://agroparistech.hal.science/hal-04906415v1,Do semi-natural habitats enhance overwintering of generalist predators in arable cropping systems? A meta-analysis,ART,10.1016/j.biocontrol.2025.105700,2025,INRAE | Institut Agro | UBE | Agronomie,relatedData_s,True,False
10.57745/3VMB3Y,Recherche Data Gouv,https://entrepot.recherche.data.gouv.fr/citation?persistentId=doi:10.57745/3VMB3Y,entrepot.recherche.data.gouv.fr,Mobi-Switch : a boardgame about urban mobility sustainability,2026-05-05T15:53:12Z,2026-05-05T15:53:12Z,relatedData_s,False,hal-04906304,https://ube.hal.science/hal-04906304v1,Mobi-Switch : un jeu de société sur la durabilité de la mobilité urbaine,OTHER,,2023,RECOVER | AMU | INRAE | Ampiric | AU,relatedData_s,True,False
10.17632/p3zzk5kmc6.1,Mendeley Data,https://data.mendeley.com/datasets/p3zzk5kmc6/1,data.mendeley.com,An ecological measure of rapid and automatic face-sex categorization - Data,2026-05-05T15:52:50Z,2026-05-05T15:52:50Z,relatedData_s,False,hal-02499886,https://hal.science/hal-02499886v1,An ecological measure of rapid and automatic face-sex categorization,ART,10.1016/j.cortex.2020.02.007,2020,UBFC | CSGA | UB | CNRS | INRAE | DIPHE | UL2 | CRAN | UL | CHRU Nancy,relatedData_s,True,False
10.57745/MLZFRO,Recherche Data Gouv,https://entrepot.recherche.data.gouv.fr/citation?persistentId=doi:10.57745/MLZFRO,entrepot.recherche.data.gouv.fr,Reducing pest pressure and insecticide use by increasing hedgerows in the landscape - dataset,2026-05-05T15:52:47Z,2026-05-05T15:52:47Z,relatedData_s,False,hal-04423592,https://hal.inrae.fr/hal-04423592v1,Reducing pest pressure and insecticide use by increasing hedgerows in the landscape,ART,10.1016/j.scitotenv.2024.170182,2024,UB | UBFC | INRAE | Institut Agro | UMR ABSys | Cirad | CIHEAM-IAMM | CIHEAM,relatedData_s,True,False
10.57745/DWX7W6,Recherche Data Gouv,https://entrepot.recherche.data.gouv.fr/citation?persistentId=doi:10.57745/DWX7W6,entrepot.recherche.data.gouv.fr,TransformON,2026-05-05T15:52:40Z,2026-05-05T15:52:40Z,relatedData_s,False,hal-04197618,https://hal.inrae.fr/hal-04197618v1,"PO2/TransformON, an ontology for data integration on food, feed, bioproducts and biowaste engineering",ART,10.1038/s41538-023-00221-2,2023,BIA | INRAE | UMR IATE | Institut Agro | UM | MIA Paris-Saclay | URTAL | TRANSFORM | CSGA | UB,relatedData_s,True,False
10.15454/AXY7FV,Recherche Data Gouv,https://entrepot.recherche.data.gouv.fr/citation?persistentId=doi:10.15454/AXY7FV,entrepot.recherche.data.gouv.fr,Replication Data for: Nguyen et al. Reduction in PLANT DEFENSIN 1 results in increased resistance to pathogens and zinc toxicity,2026-05-05T15:52:37Z,2026-05-05T15:52:37Z,relatedData_s,False,hal-04133593,https://hal.inrae.fr/hal-04133593v2,Reduction in PLANT DEFENSIN 1 expression in Arabidopsis thaliana results in increased resistance to pathogens and zinc toxicity,ART,10.1093/jxb/erad228,2023,IPSIM | CNRS | INRAE | Institut Agro | UM | UB | UBFC | LEPSE,relatedData_s,True,False
10.15454/2YDSBL,Recherche Data Gouv,https://entrepot.recherche.data.gouv.fr/citation?persistentId=doi:10.15454/2YDSBL,entrepot.recherche.data.gouv.fr,Leaf microbiome data for European cultivated grapevine (Vitis vinifera L.) during downy mildew (Plasmopara viticola) epidemics in three wine-producing regions in France,2026-05-05T15:52:34Z,2026-05-05T15:52:34Z,relatedData_s,False,hal-04059014,https://hal.science/hal-04059014v1,Leaf microbiome data for European cultivated grapevine (Vitis vinifera L.) during downy mildew (Plasmopara viticola) epidemics in three wine-producing regions in France,ART,10.1094/PHYTOFR-11-22-0138-A,2023,UB | UBFC | INRAE | Institut Agro | UMR SAVE | Bordeaux Sciences Agro | BioGeCo,relatedData_s,True,False
10.57745/HYWRNM,Recherche Data Gouv,https://entrepot.recherche.data.gouv.fr/citation?persistentId=doi:10.57745/HYWRNM,entrepot.recherche.data.gouv.fr,Transposable element annotation of Botrytis cinerea Sl3 and Vvl3,2026-05-05T15:52:30Z,2026-05-05T15:52:30Z,relatedData_s,False,hal-03910388,https://hal.science/hal-03910388v1,"Botrytis cinerea strains infecting grapevine and tomato display contrasted repertoires of accessory chromosomes, transposons and small RNAs",ART,10.24072/pcjournal.211,2022,BIOGER | INRAE | UMR PHIM | Cirad | IRD | Institut Agro | UM | UB | UBFC,relatedData_s,True,False
10.57745/KLHMJ4,Recherche Data Gouv,https://entrepot.recherche.data.gouv.fr/citation?persistentId=doi:10.57745/KLHMJ4,entrepot.recherche.data.gouv.fr,Dataset study Roche et al. Ontologie OOPS OD&gt;OQ CSGA,2026-05-05T15:52:29Z,2026-05-05T15:52:29Z,relatedData_s,False,hal-03882929,https://hal.inrae.fr/hal-03882929v1,"OOPS, the Ontology for Odor Perceptual Space: From Molecular Composition to Sensory Attributes of Odor Objects",ART,10.3390/molecules27227888,2022,CSGA | UB | CNRS | INRAE | Institut Agro | UBFC | MIA Paris-Saclay,relatedData_s,True,False
10.34847/nkl.d39d9961,NAKALA,https://nakala.fr/10.34847/nkl.d39d9961,nakala.fr,"Reconstruction micro-tomographique de la poignée de l'épée du Bronze moyen d'Auray (Morbihan, France)",2026-05-05T15:52:27Z,2026-05-05T15:52:27Z,relatedData_s,False,tel-03815132,https://theses.hal.science/tel-03815132v1,Production et circulation des épées à poignée métallique de l'âge du Bronze en Europe occidentale,THESE,10.70675/27ab3ddez4da0z4d17z816cz12fa08f321dc,2022,ARTeHiS | MCC | UB | CNRS,relatedData_s,True,False
10.34847/nkl.d2e3st7r,NAKALA,https://nakala.fr/10.34847/nkl.d2e3st7r,nakala.fr,"Reconstruction micro-tomographique de l'épée du Bronze final Rh 74 de Grigny (métropole de Lyon, France)",2026-05-05T15:52:27Z,2026-05-05T15:52:27Z,relatedData_s,False,tel-03815132,https://theses.hal.science/tel-03815132v1,Production et circulation des épées à poignée métallique de l'âge du Bronze en Europe occidentale,THESE,10.70675/27ab3ddez4da0z4d17z816cz12fa08f321dc,2022,ARTeHiS | MCC | UB | CNRS,relatedData_s,True,False
10.34847/nkl.ceb7wma5,NAKALA,https://nakala.fr/10.34847/nkl.ceb7wma5,nakala.fr,"Reconstruction micro-tomographique de l'épée du Bronze final de Vellexon-Queutey-et-Vaudey (Haute-Saône, France)",2026-05-05T15:52:27Z,2026-05-05T15:52:27Z,relatedData_s,False,tel-03815132,https://theses.hal.science/tel-03815132v1,Production et circulation des épées à poignée métallique de l'âge du Bronze en Europe occidentale,THESE,10.70675/27ab3ddez4da0z4d17z816cz12fa08f321dc,2022,ARTeHiS | MCC | UB | CNRS,relatedData_s,True,False
10.34847/nkl.c3cb1u04,NAKALA,https://nakala.fr/10.34847/nkl.c3cb1u04,nakala.fr,"Reconstruction micro-tomographique de l'épée du Bronze final de Saint-Romain-de-Jalionas (Isère, France)",2026-05-05T15:52:27Z,2026-05-05T15:52:27Z,relatedData_s,False,tel-03815132,https://theses.hal.science/tel-03815132v1,Production et circulation des épées à poignée métallique de l'âge du Bronze en Europe occidentale,THESE,10.70675/27ab3ddez4da0z4d17z816cz12fa08f321dc,2022,ARTeHiS | MCC | UB | CNRS,relatedData_s,True,False
10.34847/nkl.bd85a75x,NAKALA,https://nakala.fr/10.34847/nkl.bd85a75x,nakala.fr,"Reconstruction micro-tomographique de l'épée du Bronze final Rh 24 de Grigny (métropole de Lyon, France)",2026-05-05T15:52:27Z,2026-05-05T15:52:27Z,relatedData_s,False,tel-03815132,https://theses.hal.science/tel-03815132v1,Production et circulation des épées à poignée métallique de l'âge du Bronze en Europe occidentale,THESE,10.70675/27ab3ddez4da0z4d17z816cz12fa08f321dc,2022,ARTeHiS | MCC | UB | CNRS,relatedData_s,True,False
10.34847/nkl.bc14e229,NAKALA,https://nakala.fr/10.34847/nkl.bc14e229,nakala.fr,"Reconstruction micro-tomographique de l'épée du Bronze final de Wessem (Limbourg, Pays-Bas)",2026-05-05T15:52:27Z,2026-05-05T15:52:27Z,relatedData_s,False,tel-03815132,https://theses.hal.science/tel-03815132v1,Production et circulation des épées à poignée métallique de l'âge du Bronze en Europe occidentale,THESE,10.70675/27ab3ddez4da0z4d17z816cz12fa08f321dc,2022,ARTeHiS | MCC | UB | CNRS,relatedData_s,True,False
10.34847/nkl.b89d1b31,NAKALA,https://nakala.fr/10.34847/nkl.b89d1b31,nakala.fr,"Reconstruction micro-tomographique de l'épée du Bronze final 896.443 de Grésine (Brison-Saint-Innocent, Savoie, France)",2026-05-05T15:52:27Z,2026-05-05T15:52:27Z,relatedData_s,False,tel-03815132,https://theses.hal.science/tel-03815132v1,Production et circulation des épées à poignée métallique de l'âge du Bronze en Europe occidentale,THESE,10.70675/27ab3ddez4da0z4d17z816cz12fa08f321dc,2022,ARTeHiS | MCC | UB | CNRS,relatedData_s,True,False
10.34847/nkl.b397xqmx,NAKALA,https://nakala.fr/10.34847/nkl.b397xqmx,nakala.fr,"Reconstruction micro-tomographique de l'épée du Bronze final d'Asper (Gavere, Belgique)",2026-05-05T15:52:27Z,2026-05-05T15:52:27Z,relatedData_s,False,tel-03815132,https://theses.hal.science/tel-03815132v1,Production et circulation des épées à poignée métallique de l'âge du Bronze en Europe occidentale,THESE,10.70675/27ab3ddez4da0z4d17z816cz12fa08f321dc,2022,ARTeHiS | MCC | UB | CNRS,relatedData_s,True,False
10.34847/nkl.57b97j11,NAKALA,https://nakala.fr/10.34847/nkl.57b97j11,nakala.fr,"Reconstruction micro-tomographique de l'épée du Bronze final Rh 81 de Grigny (métropole de Lyon, France)",2026-05-05T15:52:27Z,2026-05-05T15:52:27Z,relatedData_s,False,tel-03815132,https://theses.hal.science/tel-03815132v1,Production et circulation des épées à poignée métallique de l'âge du Bronze en Europe occidentale,THESE,10.70675/27ab3ddez4da0z4d17z816cz12fa08f321dc,2022,ARTeHiS | MCC | UB | CNRS,relatedData_s,True,False
10.34847/nkl.43cfm658,NAKALA,https://nakala.fr/10.34847/nkl.43cfm658,nakala.fr,"Reconstruction micro-tomographique de l'épée du Bronze final Rh 62 de Grigny (métropole de Lyon, France)",2026-05-05T15:52:27Z,2026-05-05T15:52:27Z,relatedData_s,False,tel-03815132,https://theses.hal.science/tel-03815132v1,Production et circulation des épées à poignée métallique de l'âge du Bronze en Europe occidentale,THESE,10.70675/27ab3ddez4da0z4d17z816cz12fa08f321dc,2022,ARTeHiS | MCC | UB | CNRS,relatedData_s,True,False
10.34847/nkl.37c9dja7,NAKALA,https://nakala.fr/10.34847/nkl.37c9dja7,nakala.fr,"Reconstruction tomographique de l'épée dite du Gué-de-Velluire (Vendée, France)",2026-05-05T15:52:27Z,2026-05-05T15:52:27Z,relatedData_s,False,tel-03815132,https://theses.hal.science/tel-03815132v1,Production et circulation des épées à poignée métallique de l'âge du Bronze en Europe occidentale,THESE,10.70675/27ab3ddez4da0z4d17z816cz12fa08f321dc,2022,ARTeHiS | MCC | UB | CNRS,relatedData_s,True,False
10.34847/nkl.283c14y2,NAKALA,https://nakala.fr/10.34847/nkl.283c14y2,nakala.fr,"Reconstruction micro-tomographique de l'épée du Bronze moyen de Champagneux (Savoie, France)",2026-05-05T15:52:27Z,2026-05-05T15:52:27Z,relatedData_s,False,tel-03815132,https://theses.hal.science/tel-03815132v1,Production et circulation des épées à poignée métallique de l'âge du Bronze en Europe occidentale,THESE,10.70675/27ab3ddez4da0z4d17z816cz12fa08f321dc,2022,ARTeHiS | MCC | UB | CNRS,relatedData_s,True,False
10.34847/nkl.26edsxq7,NAKALA,https://nakala.fr/10.34847/nkl.26edsxq7,nakala.fr,"Reconstruction micro-tomographique de l'épée du Bronze final Rh 3 de Grigny (métropole de Lyon, France)",2026-05-05T15:52:27Z,2026-05-05T15:52:27Z,relatedData_s,False,tel-03815132,https://theses.hal.science/tel-03815132v1,Production et circulation des épées à poignée métallique de l'âge du Bronze en Europe occidentale,THESE,10.70675/27ab3ddez4da0z4d17z816cz12fa08f321dc,2022,ARTeHiS | MCC | UB | CNRS,relatedData_s,True,False
10.34847/nkl.25a6053g,NAKALA,https://nakala.fr/10.34847/nkl.25a6053g,nakala.fr,"Reconstruction micro-tomographique de l'épée du Bronze final 896.444 de Grésine (Brison-Saint-Innocent, Savoie, France)",2026-05-05T15:52:27Z,2026-05-05T15:52:27Z,relatedData_s,False,tel-03815132,https://theses.hal.science/tel-03815132v1,Production et circulation des épées à poignée métallique de l'âge du Bronze en Europe occidentale,THESE,10.70675/27ab3ddez4da0z4d17z816cz12fa08f321dc,2022,ARTeHiS | MCC | UB | CNRS,relatedData_s,True,False
10.34847/nkl.1fef36al,NAKALA,https://nakala.fr/10.34847/nkl.1fef36al,nakala.fr,Reconstruction micro-tomographique d'une épée du Bronze final de Belgique,2026-05-05T15:52:27Z,2026-05-05T15:52:27Z,relatedData_s,False,tel-03815132,https://theses.hal.science/tel-03815132v1,Production et circulation des épées à poignée métallique de l'âge du Bronze en Europe occidentale,THESE,10.70675/27ab3ddez4da0z4d17z816cz12fa08f321dc,2022,ARTeHiS | MCC | UB | CNRS,relatedData_s,True,False
10.34847/nkl.0d0f3cfn,NAKALA,https://nakala.fr/10.34847/nkl.0d0f3cfn,nakala.fr,"Reconstruction micro-tomographique de l'épée du Bronze final de Saint-Romain-en-Gal (Rhône, France)",2026-05-05T15:52:27Z,2026-05-05T15:52:27Z,relatedData_s,False,tel-03815132,https://theses.hal.science/tel-03815132v1,Production et circulation des épées à poignée métallique de l'âge du Bronze en Europe occidentale,THESE,10.70675/27ab3ddez4da0z4d17z816cz12fa08f321dc,2022,ARTeHiS | MCC | UB | CNRS,relatedData_s,True,False
10.5061/dryad.bk271,Dryad,https://datadryad.org/dataset/doi:10.5061/dryad.bk271,datadryad.org,Data from: Revision of the genus Anasibirites Mojsisovics (Ammonoidea): an iconic and cosmopolitan taxon of the late Smithian (Early Triassic) extinction,2026-05-05T15:52:26Z,2026-05-05T15:52:26Z,relatedData_s,False,hal-01282981,https://hal.science/hal-01282981v1,Revision of the genus Anasibirites Mojsisovics (Ammonoidea): An iconic and cosmopolitan taxon of the late Smithian (Early Triassic) extinction,ART,10.1002/spp2.1036,2016,UZH | BGS | UB | CNRS | Evo-Eco-Paléo (EEP),relatedData_s,True,False
10.17632/729tsts8ng.1,Mendeley Data,https://data.mendeley.com/datasets/729tsts8ng/1,data.mendeley.com,A dataset on concurrent and retrospective methods for measuring sensory perception and preferences of lemon-flavoured carbonated alcoholic drinks.,2026-05-05T15:52:25Z,2026-05-05T15:52:25Z,relatedData_s,False,hal-03729303,https://hal.inrae.fr/hal-03729303v1,A dataset on concurrent and immediate retrospective methods for measuring sensory perception and preferences of lemon-flavoured carbonated alcoholic drinks.,ART,10.1016/j.dib.2022.108346,2022,CSGA | UB | CNRS | INRAE | Institut Agro | UBFC,relatedData_s,True,False
10.15454/MJTRXM,Recherche Data Gouv,https://data.inrae.fr/citation?persistentId=doi:10.15454/MJTRXM,data.inrae.fr,Nutritional status according to weight status in French older adults,2026-05-05T15:52:24Z,2026-05-05T15:52:24Z,relatedData_s,False,hal-03711804,https://hal.inrae.fr/hal-03711804v1,Prevalence of Undernutrition and Risk of Undernutrition in Overweight and Obese Older People,ART,10.3389/fnut.2022.892675,2022,CSGA | UB | CNRS | INRAE | Institut Agro | UBFC | CHU Dijon | ESA,relatedData_s,True,False
10.5061/dryad.m1h132h,Dryad,https://datadryad.org/dataset/doi:10.5061/dryad.m1h132h,datadryad.org,Data from: Palaeobiogeographical structuration of Smithian (Early Triassic) ammonoid faunas within the western USA basin and its controlling parameters,2026-05-05T15:52:21Z,2026-05-05T15:52:21Z,relatedData_s | seeAlso_s,False,hal-01905729,https://hal.science/hal-01905729v1,Palaeobiogeographical distribution of Smithian (Early Triassic) ammonoid faunas within the western USA basin and its controlling parameters.,ART,10.1111/pala.12375,2018,UZH | BGS | UB | CNRS | LEHNA | UCBL | ENTPE,relatedData_s,True,False
10.5061/dryad.m1h132h,Dryad,https://datadryad.org/dataset/doi:10.5061/dryad.m1h132h,datadryad.org,Data from: Palaeobiogeographical structuration of Smithian (Early Triassic) ammonoid faunas within the western USA basin and its controlling parameters,2026-05-05T15:52:21Z,2026-05-05T15:52:21Z,relatedData_s | seeAlso_s,False,hal-01905729,https://hal.science/hal-01905729v1,Palaeobiogeographical distribution of Smithian (Early Triassic) ammonoid faunas within the western USA basin and its controlling parameters.,ART,10.1111/pala.12375,2018,UZH | BGS | UB | CNRS | LEHNA | UCBL | ENTPE,seeAlso_s,False,False
10.15454/8CVWRR,Recherche Data Gouv,https://entrepot.recherche.data.gouv.fr/citation?persistentId=doi:10.15454/8CVWRR,entrepot.recherche.data.gouv.fr,DNA metabarcoding of a mock community of 189 fungal strains associated to plants and soils.,2026-05-05T15:52:19Z,2026-05-05T15:52:19Z,relatedData_s,False,hal-02627344,https://hal.inrae.fr/hal-02627344v1,Bioinformatics matters: The accuracy of plant and soil fungal community data is highly dependent on the metabarcoding pipeline,ART,10.1016/j.funeco.2019.03.005,2019,BioGeCo | INRA | UB | IAM | UL | BIOGER | UBFC | UMR SAVE | Bordeaux Sciences Agro,relatedData_s,True,False
10.15454/51OVY6,Recherche Data Gouv,https://data.inrae.fr/citation?persistentId=doi:10.15454/51OVY6,data.inrae.fr,A dataset on odor intensity and odor pleasantness of 222 binary mixtures of 72 key food odorants rated by a sensory panel of 30 trained assessors,2026-05-05T15:52:16Z,2026-05-05T15:52:16Z,relatedData_s,False,hal-02880526,https://hal.inrae.fr/hal-02880526v1,Pleasantness of Binary Odor Mixtures: Rules and Prediction,ART,10.1093/chemse/bjaa020,2020,CSGA | UB | CNRS | INRAE,relatedData_s,True,False
10.15454/51OVY6,Recherche Data Gouv,https://data.inrae.fr/citation?persistentId=doi:10.15454/51OVY6,data.inrae.fr,A dataset on odor intensity and odor pleasantness of 222 binary mixtures of 72 key food odorants rated by a sensory panel of 30 trained assessors,2026-05-05T15:52:16Z,2026-05-05T15:52:16Z,relatedData_s,False,hal-03257098,https://hal.inrae.fr/hal-03257098v1,A dataset on odor intensity and odor pleasantness of 222 binary mixtures of 72 key food odorants rated by a sensory panel of 30 trained assessors,ART,10.1016/j.dib.2021.107143,2021,CSGA | UB | CNRS | INRAE | UBFC,relatedData_s,True,False
10.15454/5WD6P6,Recherche Data Gouv,https://data.inrae.fr/citation?persistentId=doi:10.15454/5WD6P6,data.inrae.fr,"R scripts for ""Pauvert et al. 2019. Microbial association networks give relevant insights into plant pathobiomes. BioRxiv, https://doi.org/10.1101/2020.02.21.958033""",2026-05-05T15:52:15Z,2026-05-05T15:52:15Z,relatedData_s,False,hal-03218256,https://hal.science/hal-03218256v1,Microbial association networks give relevant insights into plant pathobiomes,UNDEFINED,10.1101/2020.02.21.958033,2021,BioGeCo | UB | INRAE | UMR SAVE | Bordeaux Sciences Agro | MIA Paris-Saclay | UBFC,relatedData_s,True,False
10.15454/A24N4C,Portail Data INRAE,https://data.inra.fr/citation?persistentId=doi:10.15454/A24N4C,data.inra.fr,DNA metabarcoding of foliar fungal communities in an untreated vineyard,2026-05-05T15:52:15Z,2026-05-05T15:52:15Z,relatedData_s,False,hal-03218256,https://hal.science/hal-03218256v1,Microbial association networks give relevant insights into plant pathobiomes,UNDEFINED,10.1101/2020.02.21.958033,2021,BioGeCo | UB | INRAE | UMR SAVE | Bordeaux Sciences Agro | MIA Paris-Saclay | UBFC,relatedData_s,True,False
10.15454/WABMVG,Recherche Data Gouv,https://data.inrae.fr/citation?persistentId=doi:10.15454/WABMVG,data.inrae.fr,"Données de réplication pour: Article ""Weed Management in the Transition to Conservation Agriculture: Farmers' Response"" (Derrouch et al., 2020).",2026-05-05T15:52:13Z,2026-05-05T15:52:13Z,relatedData_s,False,hal-03126619,https://hal.inrae.fr/hal-03126619v1,Weed Management in the Transition to Conservation Agriculture: Farmers’ Response,ART,10.3390/agronomy10060843,2020,UB | UBFC | INRAE,relatedData_s,True,False
10.15454/UDMKHL,Recherche Data Gouv,https://data.inrae.fr/citation?persistentId=doi:10.15454/UDMKHL,data.inrae.fr,Le semis direct sous couvert : pratiques culturales et problèmes malherbologiques. Enquête nationale auprès des agriculteurs.,2026-05-05T15:52:13Z,2026-05-05T15:52:13Z,relatedData_s,False,tel-03133176,https://theses.hal.science/tel-03133176v1,Adoption de l’agriculture de conservation : adaptations agronomiques et réponses des communautés adventices,THESE,10.70675/25563e0ez9cbaz4892zb115z3c58fcd2f0ca,2020,UB | UBFC | INRAE,relatedData_s,True,False
10.15454/TEVEC3,Recherche Data Gouv,https://data.inrae.fr/citation?persistentId=doi:10.15454/TEVEC3,data.inrae.fr,La flore adventice associée au semis direct sous couvert. Enquête sur un réseau d'agriculteurs en Bourgogne-Franche-Comté: 2018-2019.,2026-05-05T15:52:13Z,2026-05-05T15:52:13Z,relatedData_s,False,tel-03133176,https://theses.hal.science/tel-03133176v1,Adoption de l’agriculture de conservation : adaptations agronomiques et réponses des communautés adventices,THESE,10.70675/25563e0ez9cbaz4892zb115z3c58fcd2f0ca,2020,UB | UBFC | INRAE,relatedData_s,True,False
10.15454/QEI1OO,Recherche Data Gouv,https://data.inrae.fr/citation?persistentId=doi:10.15454/QEI1OO,data.inrae.fr,Caractéristiques biologiques de 301 taxons observés dans la flore associée au semis direct sous couvert en région Bourgogne-Franche-Comté.,2026-05-05T15:52:13Z,2026-05-05T15:52:13Z,relatedData_s,False,tel-03133176,https://theses.hal.science/tel-03133176v1,Adoption de l’agriculture de conservation : adaptations agronomiques et réponses des communautés adventices,THESE,10.70675/25563e0ez9cbaz4892zb115z3c58fcd2f0ca,2020,UB | UBFC | INRAE,relatedData_s,True,False
10.15454/BBIWC9,Recherche Data Gouv,https://data.inrae.fr/citation?persistentId=doi:10.15454/BBIWC9,data.inrae.fr,Pratiques culturales et problèmes malherbologiques en semis direct sous couvert. Enquête sur un réseau d'agriculteurs en Bourgogne-Franche-Comté: 2018-2019,2026-05-05T15:52:13Z,2026-05-05T15:52:13Z,relatedData_s,False,tel-03133176,https://theses.hal.science/tel-03133176v1,Adoption de l’agriculture de conservation : adaptations agronomiques et réponses des communautés adventices,THESE,10.70675/25563e0ez9cbaz4892zb115z3c58fcd2f0ca,2020,UB | UBFC | INRAE,relatedData_s,True,False
10.15454/10XUKC,Recherche Data Gouv,https://data.inrae.fr/citation?persistentId=doi:10.15454/10XUKC,data.inrae.fr,Caractéristiques physico-chimiques des sols en semis direct sous couvert. Enquête sur un réseau d'agriculteurs en Bourgogne-Franche-Comté: 2018-2019,2026-05-05T15:52:13Z,2026-05-05T15:52:13Z,relatedData_s,False,tel-03133176,https://theses.hal.science/tel-03133176v1,Adoption de l’agriculture de conservation : adaptations agronomiques et réponses des communautés adventices,THESE,10.70675/25563e0ez9cbaz4892zb115z3c58fcd2f0ca,2020,UB | UBFC | INRAE,relatedData_s,True,False
10.15454/WOICSE,Portail Data Inra,https://data.inra.fr/citation?persistentId=doi:10.15454/WOICSE,data.inra.fr,Amplicon Sequence Variant (ASV) table obtained by metabarcoding foliar fungal communities in conventional and organic vineyards,2026-05-05T15:52:12Z,2026-05-05T15:52:12Z,relatedData_s,False,hal-03049733,https://hal.science/hal-03049733v1,Microbial networks inferred from environmental DNA data for biomonitoring ecosystem change: strengths and pitfalls,ART,10.1111/1755-0998.13302,2021,UB | UBFC | INRAE | BioGeCo | UMR SAVE | Bordeaux Sciences Agro | IAM | UL,relatedData_s,True,False
10.15454/3DPFNJ,Portail Data Inra,https://data.inra.fr/citation?persistentId=doi:10.15454/3DPFNJ,data.inra.fr,DNA metabarcoding of foliar fungal communities in conventional and organic vineyards,2026-05-05T15:52:12Z,2026-05-05T15:52:12Z,relatedData_s,False,hal-03049733,https://hal.science/hal-03049733v1,Microbial networks inferred from environmental DNA data for biomonitoring ecosystem change: strengths and pitfalls,ART,10.1111/1755-0998.13302,2021,UB | UBFC | INRAE | BioGeCo | UMR SAVE | Bordeaux Sciences Agro | IAM | UL,relatedData_s,True,False
10.15454/5ICGGD,Recherche Data Gouv,https://data.inrae.fr/citation?persistentId=doi:10.15454/5ICGGD,data.inrae.fr,Willingness-To-Pay for Reshuffling Geographical Indications,2026-05-05T15:52:09Z,2026-05-05T15:52:09Z,relatedData_s,False,hal-02871222,https://hal.inrae.fr/hal-02871222v1,Willingness-to-Pay for Reshuffling Geographical Indications,ART,10.1017/jwe.2020.5,2020,CESAER | INRAE | ECO-PUB | CSGA | UB | CNRS,relatedData_s,True,False
10.57745/TJRSVH,Recherche Data Gouv,https://entrepot.recherche.data.gouv.fr/citation?persistentId=doi:10.57745/TJRSVH,entrepot.recherche.data.gouv.fr,Temporal monitoring of soil macroinvertebrate communities at ACBB-Mons trial,2026-05-05T15:52:08Z,2026-05-05T15:52:08Z,relatedData_s,False,hal-02636359,https://hal.inrae.fr/hal-02636359v1,Temporal differentiation of soil communities in response to arable crop management strategies,ART,10.1016/j.agee.2016.03.029,2016,ECOSYS | INRA | FARE | URCA | NU | UNIROUEN | UB | AgroImpact,relatedData_s,True,False
10.15454/YRD4JC,Recherche Data Gouv,https://entrepot.recherche.data.gouv.fr/citation?persistentId=doi:10.15454/YRD4JC,entrepot.recherche.data.gouv.fr,Composition nutritionnelle et impacts environnementaux de plats servis en restauration scolaire en France,2026-05-05T15:52:05Z,2026-05-05T15:52:05Z,relatedData_s,False,hal-02517350,https://hal.inrae.fr/hal-02517350v1,Composition nutritionnelle des plats complets végétariens et non-végétariens proposés en restauration scolaire : une étude du collectif EnScol,UNDEFINED,,2020,UMR MOISA | Cirad | CIHEAM-IAMM | CIHEAM | Montpellier SupAgro | INRAE | SNRC | CENA | AFDN | ADHEN,relatedData_s,True,False
10.15454/DSQC8N,Recherche Data Gouv,https://entrepot.recherche.data.gouv.fr/citation?persistentId=doi:10.15454/DSQC8N,entrepot.recherche.data.gouv.fr,Dataset used in DeepIndices,2026-05-05T15:52:05Z,2026-05-05T15:52:05Z,relatedData_s,False,hal-02499730,https://institut-agro-dijon.hal.science/hal-02499730v1,Two-step multi-spectral registration via key-point detector and gradient similarity. Application to agronomic scenes for proxy-sensing,COMM,10.5220/0009169301030110,2020,UB | UBFC | INRAE,relatedData_s,True,False
10.15454/ILMSYG,Recherche Data Gouv,https://data.inrae.fr/citation?persistentId=doi:10.15454/ILMSYG,data.inrae.fr,Characterization of lactic acid bacteria by FTIR and other analytical approaches to identify markers of cryoresistance,2026-05-05T15:52:00Z,2026-05-05T15:52:00Z,relatedData_s,False,hal-01559240,https://ube.hal.science/hal-01559240v1,Biophysical characterization of the Lactobacillus delbrueckii subsp. bulgaricus membrane during cold and osmotic stress and its relevance for cryopreservation,ART,10.1007/s00253-016-7935-4,2017,GMPA | INRA | PMB | PAM | UB | UBFC,relatedData_s,True,False
10.5281/zenodo.7225585,Zenodo,https://zenodo.org/record/7225585,zenodo.org,"How to build (m,n)-graphs",2026-04-13T14:24:02Z,2026-04-13T14:24:02Z,relatedPublication_s,True,hal-03829832,https://hal.science/hal-03829832v4,On the space of subgroups of Baumslag-Solitar groups I: perfect kernel and phenotype,ART,10.4171/RMI/1549,2025,KIT | UMPA-ENSL | ENS de Lyon | CNRS | IMB | UBE | LMBP | UCA,relatedPublication_s,False,True
10.57745/JUJRTJ,Recherche Data Gouv,https://entrepot.recherche.data.gouv.fr/citation?persistentId=doi:10.57745/JUJRTJ,entrepot.recherche.data.gouv.fr,Checklist for reporting research involving descriptive sensory evaluation methods,2026-02-21T11:07:40Z,2026-02-21T11:07:40Z,relatedPublication_s,True,hal-03744281,https://hal.inrae.fr/hal-03744281v1,Multi-attribute temporal descriptive methods in sensory analysis applied in food science: Protocol for a scoping review,ART,10.1371/journal.pone.0270969,2022,CSGA | UB | CNRS | INRAE | Institut Agro | UBFC | UCA,relatedPublication_s,False,True
10.57745/GPDV7F,Recherche Data Gouv,https://entrepot.recherche.data.gouv.fr/citation?persistentId=doi:10.57745/GPDV7F,entrepot.recherche.data.gouv.fr,A dataset of food supplies and preferences of French university students,2026-02-21T11:05:16Z,2026-02-21T11:05:16Z,relatedPublication_s,True,hal-04676601,https://hal.inrae.fr/hal-04676601v1,Development and validation of a web application to collect food supply data associated with their nutritional composition and environmental impacts,ART,10.1016/j.mex.2024.102891,2024,CSGA | UB | CNRS | INRAE | Institut Agro | CESAER,relatedPublication_s,False,True
10.34847/nkl.8f0a0nm9,NAKALA,https://nakala.fr/10.34847/nkl.8f0a0nm9,nakala.fr,Bilan scientifique 2024 : L’habitat de l’âge du Bronze à La Tène ancienne en Hauts-de-France,2026-01-27T16:14:02Z,2026-01-27T16:14:02Z,relatedPublication_s,True,hal-05409059,https://hal.science/hal-05409059v1,Bilan scientifique annuel : L’habitat de l’âge du Bronze à La Tène ancienne en Hauts-de-France,REPORT,10.34847/nkl.8f0a0nm9,2024,HALMA | CNRS | MC | DAP-DA | Inrap | ARTeHiS | MCC | UB | TRACES | EHESS,relatedPublication_s,False,True
10.17605/OSF.IO/W7RDB,OSF,https://osf.io/w7rdb/,osf.io,Does the impact of calorie (energy) labelling of food and drink products on consumer behaviour differ by socioeconomic status?,2025-04-18T11:34:03Z,2025-04-18T11:34:03Z,relatedPublication_s,True,hal-03986408,https://hal.inrae.fr/hal-03986408v1,Socioeconomic position and the effect of energy labelling on consumer behaviour: a systematic review and meta-analysis,ART,10.1186/s12966-023-01418-0,2023,CSGA | UB | CNRS | INRAE | Institut Agro | UBFC,relatedPublication_s,False,True
10.57745/AJNXEN,Recherche Data Gouv,https://entrepot.recherche.data.gouv.fr/citation?persistentId=doi:10.57745/AJNXEN,entrepot.recherche.data.gouv.fr,CLIMATIK : système d'information pour les données du réseau agroclimatique INRAE,2025-03-31T08:12:06Z,2025-03-31T08:12:06Z,relatedPublication_s,True,hal-03157260,https://hal.inrae.fr/hal-03157260v1,Populations of arable weed species show intra-specific variability in germination base temperature but not in early growth rate,ART,10.1371/journal.pone.0240538,2020,UB | UBFC | INRAE,relatedPublication_s,False,True
