halId_s,hal_uri,hal_title,hal_docType,publication_doi,source_field,expected_field,field_ok,misfiled_dataset_link,related_raw,related_kind,dataset_doi,repository,object_kind,publisher,landing_url,landing_host,doi_prefix,datacite_client,dataset_title,resolve_error,correction_note
emse-03107652,https://hal-emse.ccsd.cnrs.fr/emse-03107652v1,ICTAC Kinetics Committee recommendations for analysis of multi-step kinetic,ART,,relatedPublication_s,relatedData_s,False,False,10.1016/j.tca.2020.178597,doi,10.1016/j.tca.2020.178597,Journal DOI (10.1016),publication_landing,,,,,,,not_found,
emse-03107652,https://hal-emse.ccsd.cnrs.fr/emse-03107652v1,ICTAC Kinetics Committee recommendations for analysis of multi-step kinetic,ART,,seeAlso_s,relatedData_s,False,False,https://www.mines-stetienne.fr/spin/,url,,,,,,,,,,,
hal-00519298,https://hal.science/hal-00519298v1,"Multi-scale modeling of VLF/LF antennas with an arbitrarily oriented thin wire TLM node integrating lumped component Special Session on ""Multiscale Modeling in Antenna Design",COMM,10.1109/ICWITS.2010.5611891,relatedPublication_s,relatedData_s,False,False,10.1109/ICWITS.2010.5611891,doi,10.1109/ICWITS.2010.5611891,Journal DOI (10.1109),publication_landing,,,,,,,not_found,
hal-00661601,https://hal.science/hal-00661601v1,Frequency reconfigurable antenna for DVB-H applications,ART,,relatedPublication_s,relatedData_s,False,False,10.1002/mop.26160,doi,10.1002/mop.26160,Journal DOI (10.1002),publication_landing,,,,,,,not_found,
hal-00764437,https://hal.science/hal-00764437v1,An Efficient Mobility Management Approach For IEEE 802.15.4/ZigBee Nodes,COMM,,relatedPublication_s,relatedData_s,False,False,10.1109/HPCC.2012.128,doi,10.1109/HPCC.2012.128,Journal DOI (10.1109),publication_landing,,,,,,,not_found,
hal-00858579,https://hal.science/hal-00858579v2,"Bioreactor shape optimisation. Modeling, simulation, and shape optimization of a simple bioreactor for water treatment",COMM,,relatedPublication_s,relatedData_s,False,False,10.13140/2.1.3009.6009,doi,10.13140/2.1.3009.6009,ResearchGate,publication_landing,Unpublished,https://www.researchgate.net/doi/10.13140/2.1.3009.6009,researchgate.net,10.13140,rg.rg,"Bioreactor shape optimization Modeling, simulation, and shape optimization of a simple bioreactor for water treatment",,
hal-00858579,https://hal.science/hal-00858579v2,"Bioreactor shape optimisation. Modeling, simulation, and shape optimization of a simple bioreactor for water treatment",COMM,,seeAlso_s,relatedData_s,False,False,https://archives-publications.inrae.fr/42975.pdf,url,,,,,,,,,,,
hal-00874602,https://hal.science/hal-00874602v1,Travelling waves for the Nonlinear Schrödinger Equation with nonzero condition at infinity.,ART,,relatedPublication_s,relatedData_s,False,False,10.1007/s00205-017-1131-2,doi,10.1007/s00205-017-1131-2,Journal DOI (10.1007),publication_landing,,,,,,,not_found,
hal-00982502,https://hal.science/hal-00982502v1,Dual-wideband radiating element for mobile handsets,ART,,relatedPublication_s,relatedData_s,False,False,10.1002/mop.11193,doi,10.1002/mop.11193,Journal DOI (10.1002),publication_landing,,,,,,,not_found,
hal-00982508,https://hal.science/hal-00982508v1,Bifrequency behaviour and bandwidth enhancement of a dielectric resonator antenna,ART,,relatedPublication_s,relatedData_s,False,False,10.1002/mop.20327,doi,10.1002/mop.20327,Journal DOI (10.1002),publication_landing,,,,,,,not_found,
hal-01071306,https://inria.hal.science/hal-01071306v1,"Proceedings of the 5th ACM Web Science Conference, 2013 Paris, France, WebSci '13",OUV,,relatedPublication_s,relatedData_s,False,False,10.1145/2464464,doi,10.1145/2464464,Journal DOI (10.1145),publication_landing,,,,,,,not_found,
hal-01071306,https://inria.hal.science/hal-01071306v1,"Proceedings of the 5th ACM Web Science Conference, 2013 Paris, France, WebSci '13",OUV,,seeAlso_s,relatedData_s,False,False,http://dl.acm.org/citation.cfm?id=2464464,url,,,,,,,,,,,
hal-01121413,https://hal.science/hal-01121413v2,"ARCWISE ANALYTIC STRATIFICATION, WHITNEY FIBERING CONJECTURE AND ZARISKI EQUISINGULARITY",ART,,relatedPublication_s,relatedData_s,False,False,10.1016/j.aim.2017.01.016,doi,10.1016/j.aim.2017.01.016,Journal DOI (10.1016),publication_landing,,,,,,,not_found,
hal-01121413,https://hal.science/hal-01121413v2,"ARCWISE ANALYTIC STRATIFICATION, WHITNEY FIBERING CONJECTURE AND ZARISKI EQUISINGULARITY",ART,,seeAlso_s,relatedData_s,False,False,https://doi.org/10.1016/j.aim.2017.01.016,doi,10.1016/j.aim.2017.01.016,Journal DOI (10.1016),publication_landing,,,,,,,not_found,
hal-01171167,https://hal.science/hal-01171167v1,NONLINEAR PRECONDITIONING: HOW TO USE A NONLINEAR SCHWARZ METHOD TO PRECONDITION NEWTON'S METHOD,ART,,relatedPublication_s,relatedData_s,False,False,10.1137/15M102887X,doi,10.1137/15M102887X,Journal DOI (10.1137),publication_landing,,,,,,,not_found,
hal-01206710,https://inria.hal.science/hal-01206710v1,Combination of Polyaffine Transformations and Supervised Learning for the Automatic Diagnosis of LV Infarct,COMM,,relatedPublication_s,relatedData_s,False,False,10.1007/978-3-319-28712-6_21,doi,10.1007/978-3-319-28712-6_21,Journal DOI (10.1007),publication_landing,,,,,,,not_found,
hal-01435856,https://hal.science/hal-01435856v1,High Output Dynamic UWB Pulse Generator for BPSK Modulations,COMM,,relatedPublication_s,relatedData_s,False,False,10.1109/ICUWB.2013.6663842,doi,10.1109/ICUWB.2013.6663842,Journal DOI (10.1109),publication_landing,,,,,,,not_found,
hal-01519439,https://hal.science/hal-01519439v1,MIMO Antenna Performance Assessment Based on Open Source Software Defined Radio,COMM,,relatedPublication_s,relatedData_s,False,False,10.23919/EuCAP.2017.7928734,doi,10.23919/EuCAP.2017.7928734,DOI prefix 10.23919,unresolved,,,,,,,not_found,
hal-01552148,https://hal.science/hal-01552148v1,A generic ontological network for Agri-food experiment integration – Application to viticulture and winemaking,ART,10.1016/j.compag.2017.06.020,relatedData_s,relatedData_s,True,False,10.15454/RJKJBN,doi,10.15454/RJKJBN,Recherche Data Gouv,dataset_repo,Portail Data INRAE,https://data.inrae.fr/citation?persistentId=doi:10.15454/RJKJBN,data.inrae.fr,10.15454,rdg.prod,Ontology for Food Processing Experiment,,
hal-01552148,https://hal.science/hal-01552148v1,A generic ontological network for Agri-food experiment integration – Application to viticulture and winemaking,ART,10.1016/j.compag.2017.06.020,relatedData_s,relatedData_s,True,False,10.15454/DPBMBW,doi,10.15454/DPBMBW,Recherche Data Gouv,dataset_repo,Portail Data INRAE,https://data.inrae.fr/citation?persistentId=doi:10.15454/DPBMBW,data.inrae.fr,10.15454,rdg.prod,Agri-Food Experiment Ontology,,
hal-01602779,https://hal.science/hal-01602779v1,Hybridization and polyploidy enable genomic plasticity without sex in the most devastating plant-parasitic nematodes,ART,10.1371/journal.pgen.1006777,relatedData_s,relatedData_s,True,False,10.15454/DLDJVF,doi,10.15454/DLDJVF,Recherche Data Gouv,dataset_repo,Portail Data INRAE,https://data.inrae.fr/citation?persistentId=doi:10.15454/DLDJVF,data.inrae.fr,10.15454,rdg.prod,"TE-related genes: annotation, characterisation, and expression.",,
hal-01602779,https://hal.science/hal-01602779v1,Hybridization and polyploidy enable genomic plasticity without sex in the most devastating plant-parasitic nematodes,ART,10.1371/journal.pgen.1006777,seeAlso_s,relatedData_s,False,False,http://journals.plos.org/plosgenetics/article?id=10.1371/journal.pgen.1006777,doi,10.1371/journal.pgen.1006777,Journal DOI (10.1371),publication_landing,,,,,,,not_found,
hal-01633879,https://inria.hal.science/hal-01633879v1,"Two genomes of highly polyphagous lepidopteran pests (Spodoptera frugiperda, Noctuidae) with different host-plant ranges",ART,10.1038/s41598-017-10461-4,relatedData_s,relatedData_s,True,False,10.57745/D4TG2M,doi,10.57745/D4TG2M,Recherche Data Gouv,dataset_repo,Recherche Data Gouv,https://entrepot.recherche.data.gouv.fr/citation?persistentId=doi:10.57745/D4TG2M,entrepot.recherche.data.gouv.fr,10.57745,rdg.prod,Curated sequences of cytochrome P450 from Spodoptera frugiperda corn strain,,
hal-01633879,https://inria.hal.science/hal-01633879v1,"Two genomes of highly polyphagous lepidopteran pests (Spodoptera frugiperda, Noctuidae) with different host-plant ranges",ART,10.1038/s41598-017-10461-4,relatedData_s,relatedData_s,True,False,10.57745/XDVEQW,doi,10.57745/XDVEQW,Recherche Data Gouv,dataset_repo,Recherche Data Gouv,https://entrepot.recherche.data.gouv.fr/citation?persistentId=doi:10.57745/XDVEQW,entrepot.recherche.data.gouv.fr,10.57745,rdg.prod,Curated sequences of cytochrome P450 from Spodoptera frugiperda rice strain,,
hal-01661608,https://enpc.hal.science/hal-01661608v5,An explicit pseudo-energy conserving time-integration scheme for Hamiltonian dynamics,ART,10.1016/j.cma.2019.01.013,relatedPublication_s,relatedData_s,False,True,10.5281/zenodo.3339369,doi,10.5281/zenodo.3339369,Zenodo,dataset_repo,Zenodo,https://zenodo.org/record/3339369,zenodo.org,10.5281,cern.zenodo,marazzaf/MEMM: Zenodo,,Dataset DOI found in relatedPublication_s; expected HAL field is relatedData_s.
hal-01705829,https://hal.science/hal-01705829v1,Heuristic approach for forecast scheduling,COMM,,relatedPublication_s,relatedData_s,False,False,10.1109/WCNCW.2018.8369018,doi,10.1109/WCNCW.2018.8369018,Journal DOI (10.1109),publication_landing,,,,,,,not_found,
hal-01731407,https://hal.science/hal-01731407v1,Differentiation of Measures in Metric Spaces,COUV,,relatedPublication_s,relatedData_s,False,False,10.1007/978-3-030-84141-6_3,doi,10.1007/978-3-030-84141-6_3,Journal DOI (10.1007),publication_landing,,,,,,,not_found,
hal-01774729,https://hal.science/hal-01774729v1,"BRC4Env, a network of Biological Resource Centres for research in environmental and agricultural sciences",ART,10.1007/s11356-018-1973-7,relatedData_s,relatedData_s,True,False,10.15454/D3ODJM,doi,10.15454/D3ODJM,Recherche Data Gouv,dataset_repo,Portail Data INRAE,https://data.inrae.fr/citation?persistentId=doi:10.15454/D3ODJM,data.inrae.fr,10.15454,rdg.prod,"Colisa, the collection of ichthyological samples.",,
hal-01774729,https://hal.science/hal-01774729v1,"BRC4Env, a network of Biological Resource Centres for research in environmental and agricultural sciences",ART,10.1007/s11356-018-1973-7,relatedData_s,relatedData_s,True,False,10.15454/L7QN45,doi,10.15454/L7QN45,INRAE (prefix 10.15454),other,INRAE,https://www2.dijon.inrae.fr/plateforme_genosol/,www2.dijon.inrae.fr,10.15454,rdg.prod,Soil Microbial Metagenomics Facility,,
hal-01774729,https://hal.science/hal-01774729v1,"BRC4Env, a network of Biological Resource Centres for research in environmental and agricultural sciences",ART,10.1007/s11356-018-1973-7,relatedData_s,relatedData_s,True,False,10.15454/AY4LMT,doi,10.15454/AY4LMT,Recherche Data Gouv,dataset_repo,Portail Data INRAE,https://data.inrae.fr/citation?persistentId=doi:10.15454/AY4LMT,data.inrae.fr,10.15454,rdg.prod,BRC “Egg Parasitoids Collection” (EP-Coll),,
hal-01774729,https://hal.science/hal-01774729v1,"BRC4Env, a network of Biological Resource Centres for research in environmental and agricultural sciences",ART,10.1007/s11356-018-1973-7,relatedData_s,relatedData_s,True,False,10.15454/UQEMVW,doi,10.15454/UQEMVW,Recherche Data Gouv,dataset_repo,Portail Data Inra,https://carrtel-collection.hub.inrae.fr/,carrtel-collection.hub.inrae.fr,10.15454,rdg.prod,Thonon Culture Collection -TCC- a freshwater microalgae collection,,
hal-01774729,https://hal.science/hal-01774729v1,"BRC4Env, a network of Biological Resource Centres for research in environmental and agricultural sciences",ART,10.1007/s11356-018-1973-7,relatedData_s,relatedData_s,True,False,10.15454/TRBJTB,doi,10.15454/TRBJTB,Recherche Data Gouv,dataset_repo,Portail Data INRAE,https://data.inrae.fr/citation?persistentId=doi:10.15454/TRBJTB,data.inrae.fr,10.15454,rdg.prod,"BRC4Env, the Biological Resource Centre for the Environment",,
hal-01794665,https://hal.science/hal-01794665v1,A database of the coseismic effects following the 30 October 2016 Norcia earthquake in Central Italy,ART,10.1038/sdata.2018.49,relatedData_s,relatedData_s,True,False,10.1594/PANGAEA.879469,doi,10.1594/PANGAEA.879469,PANGAEA,dataset_repo,PANGAEA,https://doi.pangaea.de/10.1594/PANGAEA.879469,doi.pangaea.de,10.1594,pangaea.repository,"Coseismic surface geological effects following the 30 October 2016 Mw 6.5 earthquake, central Italy",,
hal-01800814,https://hal.science/hal-01800814v1,Statistical Atlases and Computational Models of the Heart. ACDC and MMWHS Challenges,PROCEEDINGS,,relatedPublication_s,relatedData_s,False,False,10.1007/978-3-319-75541-0,doi,10.1007/978-3-319-75541-0,Journal DOI (10.1007),publication_landing,,,,,,,not_found,
hal-01824528,https://hal.science/hal-01824528v1,Tx/Rx antenna system for Full-Duplex application,COMM,10.1109/APUSNCURSINRSM.2018.8608497,relatedPublication_s,relatedData_s,False,False,10.1109/APUSNCURSINRSM.2018.8608497,doi,10.1109/APUSNCURSINRSM.2018.8608497,Journal DOI (10.1109),publication_landing,,,,,,,not_found,
hal-01826175,https://hal.science/hal-01826175v1,Design of an Adaptive Subarray Antenna for Multi-Beams Wireless Small Cell Backhaul in mmWave,COMM,10.1109/CAMA.2018.8530618,relatedPublication_s,relatedData_s,False,False,10.1109/CAMA.2018.8530618,doi,10.1109/CAMA.2018.8530618,Journal DOI (10.1109),publication_landing,,,,,,,not_found,
hal-01866846,https://hal.science/hal-01866846v1,Bregman divergences based on optimal design criteria and simplicial measures of dispersion,ART,,relatedPublication_s,relatedData_s,False,False,10.1007/s00362-018-01082-8,doi,10.1007/s00362-018-01082-8,Journal DOI (10.1007),publication_landing,,,,,,,not_found,
hal-01889268,https://hal.science/hal-01889268v2,Consumer perception data and scientific arguments about food packaging functionalities for fresh strawberries,ART,10.1016/j.dib.2018.09.034,relatedData_s,relatedData_s,True,False,10.15454/GNBUFH,doi,10.15454/GNBUFH,Recherche Data Gouv,dataset_repo,INRA,https://data.inrae.fr/citation?persistentId=doi:10.15454/GNBUFH,data.inrae.fr,10.15454,rdg.prod,Consumer perception data about food packaging functionalities for fresh strawberries - Consumers’ answers to poll for Wood packaging,,
hal-01889268,https://hal.science/hal-01889268v2,Consumer perception data and scientific arguments about food packaging functionalities for fresh strawberries,ART,10.1016/j.dib.2018.09.034,relatedData_s,relatedData_s,True,False,10.15454/UBPOQG,doi,10.15454/UBPOQG,Recherche Data Gouv,dataset_repo,INRA,https://data.inrae.fr/citation?persistentId=doi:10.15454/UBPOQG,data.inrae.fr,10.15454,rdg.prod,Consumer perception data about food packaging functionalities for fresh strawberries - Consumers’ answers to poll for Plastic with plastic film,,
hal-01889268,https://hal.science/hal-01889268v2,Consumer perception data and scientific arguments about food packaging functionalities for fresh strawberries,ART,10.1016/j.dib.2018.09.034,relatedData_s,relatedData_s,True,False,10.15454/HKIQFJ,doi,10.15454/HKIQFJ,Recherche Data Gouv,dataset_repo,INRA,https://data.inrae.fr/citation?persistentId=doi:10.15454/HKIQFJ,data.inrae.fr,10.15454,rdg.prod,Consumer perception data about food packaging functionalities for fresh strawberries - Consumers’ answers to poll for Plastic rigid lid,,
hal-01889268,https://hal.science/hal-01889268v2,Consumer perception data and scientific arguments about food packaging functionalities for fresh strawberries,ART,10.1016/j.dib.2018.09.034,relatedData_s,relatedData_s,True,False,10.15454/IHVM9P,doi,10.15454/IHVM9P,Recherche Data Gouv,dataset_repo,INRA,https://data.inrae.fr/citation?persistentId=doi:10.15454/IHVM9P,data.inrae.fr,10.15454,rdg.prod,Consumer perception data about food packaging functionalities for fresh strawberries: consumers' answers to poll for Plastic not closed,,
hal-01889268,https://hal.science/hal-01889268v2,Consumer perception data and scientific arguments about food packaging functionalities for fresh strawberries,ART,10.1016/j.dib.2018.09.034,relatedData_s,relatedData_s,True,False,10.15454/F4C8I0,doi,10.15454/F4C8I0,Recherche Data Gouv,dataset_repo,INRA,https://data.inrae.fr/citation?persistentId=doi:10.15454/F4C8I0,data.inrae.fr,10.15454,rdg.prod,Consumer perception data about food packaging functionalities for fresh strawberries - Wood packaging consumers’ arguments,,
hal-01889268,https://hal.science/hal-01889268v2,Consumer perception data and scientific arguments about food packaging functionalities for fresh strawberries,ART,10.1016/j.dib.2018.09.034,relatedData_s,relatedData_s,True,False,10.15454/GMWB8Q,doi,10.15454/GMWB8Q,Recherche Data Gouv,dataset_repo,INRA,https://data.inrae.fr/citation?persistentId=doi:10.15454/GMWB8Q,data.inrae.fr,10.15454,rdg.prod,Consumer perception data about food packaging functionalities for fresh strawberries - Plastic with plastic film consumers’ arguments,,
hal-01889268,https://hal.science/hal-01889268v2,Consumer perception data and scientific arguments about food packaging functionalities for fresh strawberries,ART,10.1016/j.dib.2018.09.034,relatedData_s,relatedData_s,True,False,10.15454/DC9PYL,doi,10.15454/DC9PYL,Recherche Data Gouv,dataset_repo,INRA,https://data.inrae.fr/citation?persistentId=doi:10.15454/DC9PYL,data.inrae.fr,10.15454,rdg.prod,Consumer perception data about food packaging functionalities for fresh strawberries - Plastic rigid lid consumers’ arguments,,
hal-01889268,https://hal.science/hal-01889268v2,Consumer perception data and scientific arguments about food packaging functionalities for fresh strawberries,ART,10.1016/j.dib.2018.09.034,relatedData_s,relatedData_s,True,False,10.15454/NM3WET,doi,10.15454/NM3WET,Recherche Data Gouv,dataset_repo,INRA,https://data.inrae.fr/citation?persistentId=doi:10.15454/NM3WET,data.inrae.fr,10.15454,rdg.prod,Consumer perception data about food packaging functionalities for fresh strawberries - Plastic not closed consumers’ arguments,,
hal-01889268,https://hal.science/hal-01889268v2,Consumer perception data and scientific arguments about food packaging functionalities for fresh strawberries,ART,10.1016/j.dib.2018.09.034,relatedData_s,relatedData_s,True,False,10.15454/VDNRH6,doi,10.15454/VDNRH6,Recherche Data Gouv,dataset_repo,INRA,https://data.inrae.fr/citation?persistentId=doi:10.15454/VDNRH6,data.inrae.fr,10.15454,rdg.prod,Scientific arguments about food packaging functionalities for fresh strawberries - Food packaging expert’s arguments for all packagings,,
hal-01889268,https://hal.science/hal-01889268v2,Consumer perception data and scientific arguments about food packaging functionalities for fresh strawberries,ART,10.1016/j.dib.2018.09.034,seeAlso_s,relatedData_s,False,False,http://pfl.grignon.inra.fr/atWeb/,url,,,,,,,,,,,
hal-01889268,https://hal.science/hal-01889268v2,Consumer perception data and scientific arguments about food packaging functionalities for fresh strawberries,ART,10.1016/j.dib.2018.09.034,seeAlso_s,relatedData_s,False,False,https://doi.org/10.1016/j.ecoinf.2018.07.006,doi,10.1016/j.ecoinf.2018.07.006,Journal DOI (10.1016),publication_landing,,,,,,,not_found,
hal-01897110,https://hal.science/hal-01897110v1,Integrated high-resolution dataset of high-intensity European and Mediterranean flash floods,ART,10.5194/essd-10-1783-2018,relatedData_s,relatedData_s,True,False,10.6096/MISTRALS-HyMeX.1493,doi,10.6096/MISTRALS-HyMeX.1493,SEDOO / Theia,dataset_repo,Mistrals,https://mistrals.sedoo.fr/catalogue?uuid=b788f42d-0b21-7fa7-3b10-5ed4a7ed0f94,mistrals.sedoo.fr,10.6096,inist.omp,EuroMedeFF,,
hal-01897110,https://hal.science/hal-01897110v1,Integrated high-resolution dataset of high-intensity European and Mediterranean flash floods,ART,10.5194/essd-10-1783-2018,seeAlso_s,relatedData_s,False,False,https://www.earth-syst-sci-data.net/10/1783/2018/,url,,,,,,,,,,,
hal-01897114,https://hal.science/hal-01897114v1,"A high space–time resolution dataset linking meteorological forcing and hydro-sedimentary response in a mesoscale Mediterranean catchment (Auzon) of the Ardèche region, France",ART,10.5194/essd-9-221-2017,relatedData_s,relatedData_s,True,False,10.57745/J2A44Q,doi,10.57745/J2A44Q,Recherche Data Gouv,dataset_repo,Recherche Data Gouv,https://entrepot.recherche.data.gouv.fr/citation?persistentId=doi:10.57745/J2A44Q,entrepot.recherche.data.gouv.fr,10.57745,rdg.prod,Numerical simulation of rainfall and runoff driven erosion at the hillslope scale: four rainfall events on the Pradel plot,,
hal-01926379,https://hal.science/hal-01926379v1,Bridging the Semantic Web and NoSQL Worlds: Generic SPARQL Query Translation and Application to MongoDB,ART,,relatedPublication_s,relatedData_s,False,False,10.1007/978-3-662-58664-8,doi,10.1007/978-3-662-58664-8,Journal DOI (10.1007),publication_landing,,,,,,,not_found,
hal-01943417,https://hal.science/hal-01943417v1,A path analysis based partitioning for time constrained embedded systems,COMM,,relatedPublication_s,relatedData_s,False,False,10.1109/HSC.1998.666242,doi,10.1109/HSC.1998.666242,Journal DOI (10.1109),publication_landing,,,,,,,not_found,
hal-01954274,https://inria.hal.science/hal-01954274v1,How optimal foragers should respond to habitat changes? On the consequences of habitat conversion,UNDEFINED,10.1101/273557,relatedPublication_s,relatedData_s,False,False,10.1101/273557,doi,10.1101/273557,DOI prefix 10.1101,unresolved,,,,,,,not_found,
hal-01958795,https://inria.hal.science/hal-01958795v1,Estimating unstable poles in simulations of microwave circuits,COMM,,relatedPublication_s,relatedData_s,False,False,10.1109/MWSYM.2018.8439335,doi,10.1109/MWSYM.2018.8439335,Journal DOI (10.1109),publication_landing,,,,,,,not_found,
hal-01959418,https://hal.science/hal-01959418v1,Vectorizing Higher-Order Masking,COMM,,relatedPublication_s,relatedData_s,False,False,10.1007/978-3-319-89641-0_2,doi,10.1007/978-3-319-89641-0_2,Journal DOI (10.1007),publication_landing,,,,,,,not_found,
hal-02059905,https://hal.science/hal-02059905v1,Les stratégies low-cost,ART,10.3166/rfg.2017.00162,relatedData_s,relatedData_s,True,False,hal-04713055,hal_id,,,,,,,,,,,
hal-02059919,https://hal.science/hal-02059919v1,Communauté épistémique et dynamique d'innovation collaborative: L'innovation contrariée au sein des pôles de compétitivité,ART,,relatedPublication_s,relatedData_s,False,False,10.3917/comma.151.0035,doi,10.3917/comma.151.0035,Journal DOI (10.3917),publication_landing,,,,,,,not_found,
hal-02067741,https://hal.science/hal-02067741v1,Sœurs en islam : des étudiantes pratiquantes en « résistance »,ART,,relatedPublication_s,relatedData_s,False,False,10.3917/ethn.174.0673,doi,10.3917/ethn.174.0673,Journal DOI (10.3917),publication_landing,,,,,,,not_found,
hal-02067741,https://hal.science/hal-02067741v1,Sœurs en islam : des étudiantes pratiquantes en « résistance »,ART,,seeAlso_s,relatedData_s,False,False,http://iremam.cnrs.fr/IMG/pdf/annonce_islam.pdf / https://www.franceculture.fr/emissions/le-journal-des-idees/le-journal-des-idees-mardi-14-novembre-2017,url,,,,,,,,,,,
hal-02099602,https://inria.hal.science/hal-02099602v1,museval,SOFTWARE,,relatedPublication_s,relatedData_s,False,True,10.5281/zenodo.2635786,doi,10.5281/zenodo.2635786,Zenodo,dataset_repo,Zenodo,https://zenodo.org/record/2635786,zenodo.org,10.5281,cern.zenodo,sigsep/sigsep-mus-eval: Ready for SiSEC 2018,,Dataset DOI found in relatedPublication_s; expected HAL field is relatedData_s.
hal-02106830,https://hal.science/hal-02106830v1,A New Adaptation Lever in 360° Video Streaming,COMM,,relatedPublication_s,relatedData_s,False,False,10.1145/3304112.3325610,doi,10.1145/3304112.3325610,Journal DOI (10.1145),publication_landing,,,,,,,not_found,
hal-02190845,https://inria.hal.science/hal-02190845v1,MUSDB18 - a corpus for music separation,OTHER,10.5281/zenodo.1117371,relatedData_s,relatedData_s,True,False,10.5281/zenodo.1117372,doi,10.5281/zenodo.1117372,Zenodo,dataset_repo,Zenodo,https://zenodo.org/record/1117372,zenodo.org,10.5281,cern.zenodo,MUSDB18 - a corpus for music separation,,
hal-02200605,https://hal.science/hal-02200605v1,"Fluid‐Induced Swarms and Coseismic Stress Transfer: A Dual Process Highlighted in the Aftershock Sequence of the 7 April 2014 Earthquake (Ml 4.8, Ubaye, France)",ART,10.1029/2018JB017226,relatedData_s,relatedData_s,True,False,10.15778/RESIF.FR,doi,10.15778/RESIF.FR,Epos-France Seismological Data Center,dataset_repo,Epos-France Seismological Data Center,https://seismology.epos-france.fr/networks/#/FR,seismology.epos-france.fr,10.15778,inist.resif,Epos-France Broad-band network (RLBP),,
hal-02309363,https://hal.science/hal-02309363v1,From fluctuating kinetics to fluctuating hydrodynamics: a $\Gamma$-Convergence of large deviations functionals approach,ART,10.1007/s10955-020-02598-w,relatedPublication_s,relatedData_s,False,False,10.1007/s10955-020-02598-w,doi,10.1007/s10955-020-02598-w,Journal DOI (10.1007),publication_landing,,,,,,,not_found,
hal-02310069,https://hal.science/hal-02310069v3,A Bayesian approach for clustering and exact finite-sample model selection in longitudinal data mixtures,ART,10.1007/s00180-024-01501-5,relatedPublication_s,relatedData_s,False,False,10.1007/s00180-024-01501-5,doi,10.1007/s00180-024-01501-5,Journal DOI (10.1007),publication_landing,,,,,,,not_found,
hal-02324563,https://hal.science/hal-02324563v2,"GEODESIC STRETCH, PRESSURE METRIC AND MARKED LENGTH SPECTRUM RIGIDITY",ART,10.1017/etds.2021.75,relatedPublication_s,relatedData_s,False,False,10.1017/etds.2021.75,doi,10.1017/etds.2021.75,Journal DOI (10.1017),publication_landing,,,,,,,not_found,
hal-02351180,https://hal.science/hal-02351180v2,Dynamic Image Quantization using Leaky Integrate-and-Fire Neurons,ART,,relatedPublication_s,relatedData_s,False,False,10.1109/TIP.2021.3070193,doi,10.1109/TIP.2021.3070193,Journal DOI (10.1109),publication_landing,,,,,,,not_found,
hal-02382155,https://inria.hal.science/hal-02382155v1,ColorMapGAN: Unsupervised Domain Adaptation for Semantic Segmentation Using Color Mapping Generative Adversarial Networks,ART,,relatedPublication_s,relatedData_s,False,False,10.1109/TGRS.2020.2980417,doi,10.1109/TGRS.2020.2980417,Journal DOI (10.1109),publication_landing,,,,,,,not_found,
hal-02385546,https://hal.science/hal-02385546v1,Long-term Evolution of Mid-altitude Quasi-satellite Orbits,ART,,relatedPublication_s,relatedData_s,False,False,10.1007/s11071-019-05344-4,doi,10.1007/s11071-019-05344-4,Journal DOI (10.1007),publication_landing,,,,,,,not_found,
hal-02386961,https://hal.science/hal-02386961v1,The Four Stages of Knowledge Sharing In SMEs,ART,,relatedPublication_s,relatedData_s,False,False,10.1504/IJEIM.2020.110100,doi,10.1504/IJEIM.2020.110100,DOI prefix 10.1504,unresolved,,,,,,,not_found,
hal-02407600,https://hal.science/hal-02407600v1,An overview of non-local traffic flow models,COUV,,relatedPublication_s,relatedData_s,False,False,10.1007/978-3-030-66560-9_5,doi,10.1007/978-3-030-66560-9_5,Journal DOI (10.1007),publication_landing,,,,,,,not_found,
hal-02462553,https://hal.science/hal-02462553v1,"Meteospace, a New Instrument for Solar Survey at the Calern Observatory",ART,10.1007/s11207-019-1569-5,relatedData_s,relatedData_s,True,False,10.57745/OP1JFC,doi,10.57745/OP1JFC,Recherche Data Gouv,dataset_repo,Recherche Data Gouv,https://entrepot.recherche.data.gouv.fr/citation?persistentId=doi:10.57745/OP1JFC,entrepot.recherche.data.gouv.fr,10.57745,rdg.prod,Catalogs of solar observations of Meudon and Haute Provence Hα heliographs (1954-2004) and their instrumental capabilities,,
hal-02515768,https://hal.science/hal-02515768v1,Impact of Miniaturization on a UHF tri-fillar antenna for IoT communication from satellite,COMM,,relatedPublication_s,relatedData_s,False,False,10.1109/IEEECONF35879.2020.9329452,doi,10.1109/IEEECONF35879.2020.9329452,Journal DOI (10.1109),publication_landing,,,,,,,not_found,
hal-02536242,https://hal.science/hal-02536242v1,Lipschitz Stratification of Complex Hypersurfaces in Codimension 2,ART,,relatedPublication_s,relatedData_s,False,False,10.4171/JEMS/1224,doi,10.4171/JEMS/1224,DOI prefix 10.4171,unresolved,,,,,,,not_found,
hal-02541173,https://hal.science/hal-02541173v1,Quasi-shuffle algebras in non-commutative stochastic calculus,COMM,,relatedPublication_s,relatedData_s,False,False,10.1007/978-3-030-87432-2_6,doi,10.1007/978-3-030-87432-2_6,Journal DOI (10.1007),publication_landing,,,,,,,not_found,
hal-02555136,https://hal.inrae.fr/hal-02555136v1,Argumentation Corrected Context Weighting-Life Cycle Assessment: A Practical Method of Including Stakeholder Perspectives in Multi-Criteria Decision Support for LCA,ART,10.3390/su12062170,relatedData_s,relatedData_s,True,False,10.15454/XVL4BA,doi,10.15454/XVL4BA,Recherche Data Gouv,dataset_repo,Portail Data INRAE,https://data.inrae.fr/citation?persistentId=doi:10.15454/XVL4BA,data.inrae.fr,10.15454,rdg.prod,Preferences and justifications of NoAW stakeholders about the importance on LCA (Life Cycle Analysis) impact categories,,
hal-02567829,https://hal.science/hal-02567829v3,The origin of the allometric scaling of lung's ventilation in mammals,ART,10.24072/pci.mcb.100005,relatedPublication_s,relatedData_s,False,True,10.5281/zenodo.5112934,doi,10.5281/zenodo.5112934,Zenodo,dataset_repo,Zenodo,https://zenodo.org/record/5112934,zenodo.org,10.5281,cern.zenodo,Code for The origin of the allometric scaling of lung's ventilation in mammals,,Dataset DOI found in relatedPublication_s; expected HAL field is relatedData_s.
hal-02570868,https://hal.science/hal-02570868v4,The hidden side of the Allee effect: correlated demographic traits and extinction risk in experimental populations,UNDEFINED,,relatedData_s,relatedData_s,True,False,10.15454/TRBJTB,doi,10.15454/TRBJTB,Recherche Data Gouv,dataset_repo,Portail Data INRAE,https://data.inrae.fr/citation?persistentId=doi:10.15454/TRBJTB,data.inrae.fr,10.15454,rdg.prod,"BRC4Env, the Biological Resource Centre for the Environment",,
hal-02570868,https://hal.science/hal-02570868v4,The hidden side of the Allee effect: correlated demographic traits and extinction risk in experimental populations,UNDEFINED,,relatedPublication_s,relatedData_s,False,True,10.5281/zenodo.4650051,doi,10.5281/zenodo.4650051,Zenodo,dataset_repo,Zenodo,https://zenodo.org/record/4650051,zenodo.org,10.5281,cern.zenodo,The hidden side of the Allee effect - Supplementary Material,,Dataset DOI found in relatedPublication_s; expected HAL field is relatedData_s.
hal-02615980,https://hal.science/hal-02615980v1,TRACK: A Multi-Modal Deep Architecture for Head Motion Prediction in 360-Degree Videos,COMM,,relatedPublication_s,relatedData_s,False,False,10.1109/ICIP40778.2020.9191331,doi,10.1109/ICIP40778.2020.9191331,Journal DOI (10.1109),publication_landing,,,,,,,not_found,
hal-02622160,https://hal.inrae.fr/hal-02622160v1,"Pushing the limits of whole genome amplification: successful sequencing of RADseq library from a single microhymenopteran (Chalcidoidea, Trichogramma)",ART,10.7717/peerj.5640,relatedData_s,relatedData_s,True,False,10.15454/AY4LMT,doi,10.15454/AY4LMT,Recherche Data Gouv,dataset_repo,Portail Data INRAE,https://data.inrae.fr/citation?persistentId=doi:10.15454/AY4LMT,data.inrae.fr,10.15454,rdg.prod,BRC “Egg Parasitoids Collection” (EP-Coll),,
hal-02804975,https://hal.inrae.fr/hal-02804975v4,SWASHES: Shallow Water Analytic Solutions for Hydraulic and Environmental Studies,SOFTWARE,,relatedPublication_s,relatedData_s,False,False,10.1002/fld.3741,doi,10.1002/fld.3741,Journal DOI (10.1002),publication_landing,,,,,,,not_found,
hal-02804975,https://hal.inrae.fr/hal-02804975v4,SWASHES: Shallow Water Analytic Solutions for Hydraulic and Environmental Studies,SOFTWARE,,relatedPublication_s,relatedData_s,False,False,hal-00628246,hal_id,,,,,,,,,,,
hal-02804975,https://hal.inrae.fr/hal-02804975v4,SWASHES: Shallow Water Analytic Solutions for Hydraulic and Environmental Studies,SOFTWARE,,relatedPublication_s,relatedData_s,False,False,hal-03762587,hal_id,,,,,,,,,,,
hal-02804975,https://hal.inrae.fr/hal-02804975v4,SWASHES: Shallow Water Analytic Solutions for Hydraulic and Environmental Studies,SOFTWARE,,relatedPublication_s,relatedData_s,False,False,hal-00694195,hal_id,,,,,,,,,,,
hal-02804975,https://hal.inrae.fr/hal-02804975v4,SWASHES: Shallow Water Analytic Solutions for Hydraulic and Environmental Studies,SOFTWARE,,relatedPublication_s,relatedData_s,False,False,hal-04959018,hal_id,,,,,,,,,,,
hal-02804975,https://hal.inrae.fr/hal-02804975v4,SWASHES: Shallow Water Analytic Solutions for Hydraulic and Environmental Studies,SOFTWARE,,relatedPublication_s,relatedData_s,False,False,hal-00687689,hal_id,,,,,,,,,,,
hal-02804975,https://hal.inrae.fr/hal-02804975v4,SWASHES: Shallow Water Analytic Solutions for Hydraulic and Environmental Studies,SOFTWARE,,relatedPublication_s,relatedData_s,False,False,hal-04801276,hal_id,,,,,,,,,,,
hal-02804975,https://hal.inrae.fr/hal-02804975v4,SWASHES: Shallow Water Analytic Solutions for Hydraulic and Environmental Studies,SOFTWARE,,relatedPublication_s,relatedData_s,False,False,hal-02806353,hal_id,,,,,,,,,,,
hal-02863982,https://hal.science/hal-02863982v1,Jouer un scénario d’aménagement foncier : analyse des pratiques d’aménagement et recherche d’alternatives au développement résidentiel,ART,,relatedPublication_s,relatedData_s,False,False,10.4000/netcom.5605,doi,10.4000/netcom.5605,Journal DOI (10.4000),publication_landing,,,,,,,not_found,
hal-02881999,https://hal.science/hal-02881999v2,Simulating coliform transport and decay from 3D hydrodynamics model and in situ observation in Nice area,UNDEFINED,,relatedPublication_s,relatedData_s,False,False,10.1007/s42452-020-3122-4,doi,10.1007/s42452-020-3122-4,Journal DOI (10.1007),publication_landing,,,,,,,not_found,
hal-02881999,https://hal.science/hal-02881999v2,Simulating coliform transport and decay from 3D hydrodynamics model and in situ observation in Nice area,UNDEFINED,,seeAlso_s,relatedData_s,False,False,https://rdcu.be/b5uAK,url,,,,,,,,,,,
hal-02890453,https://hal.science/hal-02890453v1,Towards a sonic ecology of urban life: Ethnography of sound perception in Cairo,ART,10.1080/17458927.2020.1763606,relatedData_s,relatedData_s,True,False,10.5281/zenodo.3953044,doi,10.5281/zenodo.3953044,Zenodo,dataset_repo,Zenodo,https://zenodo.org/record/3953044,zenodo.org,10.5281,cern.zenodo,"Lexicon from the ""Mics in the ears"" experimental procedure Lexique issu du dispositif expérimental « Des micros dans les oreilles »",,
hal-02890453,https://hal.science/hal-02890453v1,Towards a sonic ecology of urban life: Ethnography of sound perception in Cairo,ART,10.1080/17458927.2020.1763606,relatedData_s,relatedData_s,True,False,10.5281/zenodo.3951008,doi,10.5281/zenodo.3951008,Zenodo,dataset_repo,Zenodo,https://zenodo.org/record/3951008,zenodo.org,10.5281,cern.zenodo,"Hassan #1 Arabic and French transcripts of description and comments on his recording in Darb al-Ahmar, Cairo (Egypt), 25-10-2011",,
hal-02890453,https://hal.science/hal-02890453v1,Towards a sonic ecology of urban life: Ethnography of sound perception in Cairo,ART,10.1080/17458927.2020.1763606,relatedData_s,relatedData_s,True,False,10.5281/zenodo.3952854,doi,10.5281/zenodo.3952854,Zenodo,dataset_repo,Zenodo,https://zenodo.org/record/3952854,zenodo.org,10.5281,cern.zenodo,"Mona Arabic and French transcripts of description and comments on her recording in Bashtil, Cairo (Egypt), 26-10-2011",,
hal-02890453,https://hal.science/hal-02890453v1,Towards a sonic ecology of urban life: Ethnography of sound perception in Cairo,ART,10.1080/17458927.2020.1763606,relatedData_s,relatedData_s,True,False,10.5281/zenodo.3952865,doi,10.5281/zenodo.3952865,Zenodo,dataset_repo,Zenodo,https://zenodo.org/record/3952865,zenodo.org,10.5281,cern.zenodo,"Leyla Arabic and French transcripts of description and comments on her recording in Darb al-Ahmar, Cairo (Egypt), 27-10-2011",,
hal-02890453,https://hal.science/hal-02890453v1,Towards a sonic ecology of urban life: Ethnography of sound perception in Cairo,ART,10.1080/17458927.2020.1763606,relatedData_s,relatedData_s,True,False,10.5281/zenodo.3952867,doi,10.5281/zenodo.3952867,Zenodo,dataset_repo,Zenodo,https://zenodo.org/record/3952867,zenodo.org,10.5281,cern.zenodo,"Hassan #2 Arabic and French transcripts of description and comments on his recording in Duwiqa, Cairo (Egypt), 28-09-2012",,
hal-02890453,https://hal.science/hal-02890453v1,Towards a sonic ecology of urban life: Ethnography of sound perception in Cairo,ART,10.1080/17458927.2020.1763606,relatedData_s,relatedData_s,True,False,10.5281/zenodo.3952872,doi,10.5281/zenodo.3952872,Zenodo,dataset_repo,Zenodo,https://zenodo.org/record/3952872,zenodo.org,10.5281,cern.zenodo,"Salma Arabic and French transcripts of description and comments on her recording in Wast al-Balad, Cairo (Egypt), 26-09-2012",,
hal-02890453,https://hal.science/hal-02890453v1,Towards a sonic ecology of urban life: Ethnography of sound perception in Cairo,ART,10.1080/17458927.2020.1763606,relatedData_s,relatedData_s,True,False,10.5281/zenodo.3952878,doi,10.5281/zenodo.3952878,Zenodo,dataset_repo,Zenodo,https://zenodo.org/record/3952878,zenodo.org,10.5281,cern.zenodo,"Samir Arabic and French transcripts of description and comments on his recording in Bashtil, Cairo (Egypt), 28-09-2012",,
hal-02890453,https://hal.science/hal-02890453v1,Towards a sonic ecology of urban life: Ethnography of sound perception in Cairo,ART,10.1080/17458927.2020.1763606,relatedData_s,relatedData_s,True,False,10.5281/zenodo.3952883,doi,10.5281/zenodo.3952883,Zenodo,dataset_repo,Zenodo,https://zenodo.org/record/3952883,zenodo.org,10.5281,cern.zenodo,"Shady Arabic and French transcripts of description and comments on his recording in Wast al-Balad, Cairo (Egypt), 26-09-2012",,
hal-02890453,https://hal.science/hal-02890453v1,Towards a sonic ecology of urban life: Ethnography of sound perception in Cairo,ART,10.1080/17458927.2020.1763606,relatedData_s,relatedData_s,True,False,10.5281/zenodo.3952887,doi,10.5281/zenodo.3952887,Zenodo,dataset_repo,Zenodo,https://zenodo.org/record/3952887,zenodo.org,10.5281,cern.zenodo,"Evelyn Arabic and French transcripts of description and comments on her recording in Wast al-Balad, Cairo (Egypt), 29-05-2013",,
hal-02890453,https://hal.science/hal-02890453v1,Towards a sonic ecology of urban life: Ethnography of sound perception in Cairo,ART,10.1080/17458927.2020.1763606,relatedData_s,relatedData_s,True,False,10.5281/zenodo.3952889,doi,10.5281/zenodo.3952889,Zenodo,dataset_repo,Zenodo,https://zenodo.org/record/3952889,zenodo.org,10.5281,cern.zenodo,"Mohammed Arabic and French transcripts of description and comments on his recording in Ghamra, Cairo (Egypt), 30-05-2013",,
hal-02890453,https://hal.science/hal-02890453v1,Towards a sonic ecology of urban life: Ethnography of sound perception in Cairo,ART,10.1080/17458927.2020.1763606,relatedData_s,relatedData_s,True,False,10.5281/zenodo.3952902,doi,10.5281/zenodo.3952902,Zenodo,dataset_repo,Zenodo,https://zenodo.org/record/3952902,zenodo.org,10.5281,cern.zenodo,"Maurice Arabic and French transcripts of description and comments on his recording in Garden City, Cairo (Egypt), 30-05-2013",,
hal-02890453,https://hal.science/hal-02890453v1,Towards a sonic ecology of urban life: Ethnography of sound perception in Cairo,ART,10.1080/17458927.2020.1763606,relatedPublication_s,relatedData_s,False,False,hal-01380972,hal_id,,,,,,,,,,,
hal-02890453,https://hal.science/hal-02890453v1,Towards a sonic ecology of urban life: Ethnography of sound perception in Cairo,ART,10.1080/17458927.2020.1763606,relatedPublication_s,relatedData_s,False,True,10.5281/zenodo.3950868,doi,10.5281/zenodo.3950868,Zenodo,dataset_repo,Zenodo,https://zenodo.org/record/3950868,zenodo.org,10.5281,cern.zenodo,"Hassan #1 binaural recording in Darb al-Ahmar, Cairo (Egypt), 25-10-2011",,Dataset DOI found in relatedPublication_s; expected HAL field is relatedData_s.
hal-02890453,https://hal.science/hal-02890453v1,Towards a sonic ecology of urban life: Ethnography of sound perception in Cairo,ART,10.1080/17458927.2020.1763606,relatedPublication_s,relatedData_s,False,True,10.5281/zenodo.3950970,doi,10.5281/zenodo.3950970,Zenodo,dataset_repo,Zenodo,https://zenodo.org/record/3950970,zenodo.org,10.5281,cern.zenodo,"Mona binaural recording in Bashtil, Cairo (Egypt), 26-10-2011",,Dataset DOI found in relatedPublication_s; expected HAL field is relatedData_s.
hal-02890453,https://hal.science/hal-02890453v1,Towards a sonic ecology of urban life: Ethnography of sound perception in Cairo,ART,10.1080/17458927.2020.1763606,relatedPublication_s,relatedData_s,False,True,10.5281/zenodo.3950847,doi,10.5281/zenodo.3950847,Zenodo,dataset_repo,Zenodo,https://zenodo.org/record/3950847,zenodo.org,10.5281,cern.zenodo,"Leyla binaural recording in Darb al-Ahmar, Cairo (Egypt), 27-10-2011",,Dataset DOI found in relatedPublication_s; expected HAL field is relatedData_s.
hal-02890453,https://hal.science/hal-02890453v1,Towards a sonic ecology of urban life: Ethnography of sound perception in Cairo,ART,10.1080/17458927.2020.1763606,relatedPublication_s,relatedData_s,False,True,10.5281/zenodo.3950958,doi,10.5281/zenodo.3950958,Zenodo,dataset_repo,Zenodo,https://zenodo.org/record/3950958,zenodo.org,10.5281,cern.zenodo,"Hassan #2 Route binaural recording in Duwiqa, Cairo (Egypt), 28-09-2012",,Dataset DOI found in relatedPublication_s; expected HAL field is relatedData_s.
hal-02890453,https://hal.science/hal-02890453v1,Towards a sonic ecology of urban life: Ethnography of sound perception in Cairo,ART,10.1080/17458927.2020.1763606,relatedPublication_s,relatedData_s,False,True,10.5281/zenodo.3950974,doi,10.5281/zenodo.3950974,Zenodo,dataset_repo,Zenodo,https://zenodo.org/record/3950974,zenodo.org,10.5281,cern.zenodo,"Salma binaural recording, Wast al-Balad, Cairo (Egypt), 26-09-2012",,Dataset DOI found in relatedPublication_s; expected HAL field is relatedData_s.
hal-02890453,https://hal.science/hal-02890453v1,Towards a sonic ecology of urban life: Ethnography of sound perception in Cairo,ART,10.1080/17458927.2020.1763606,relatedPublication_s,relatedData_s,False,True,10.5281/zenodo.3950988,doi,10.5281/zenodo.3950988,Zenodo,dataset_repo,Zenodo,https://zenodo.org/record/3950988,zenodo.org,10.5281,cern.zenodo,"Samir binaural recording in Bashtil, Cairo (Egypt), 28-09-2012",,Dataset DOI found in relatedPublication_s; expected HAL field is relatedData_s.
hal-02890453,https://hal.science/hal-02890453v1,Towards a sonic ecology of urban life: Ethnography of sound perception in Cairo,ART,10.1080/17458927.2020.1763606,relatedPublication_s,relatedData_s,False,True,10.5281/zenodo.3950998,doi,10.5281/zenodo.3950998,Zenodo,dataset_repo,Zenodo,https://zenodo.org/record/3950998,zenodo.org,10.5281,cern.zenodo,"Shady binaural recording in Wast al-Balad, Cairo (Egypt), 26-09-2012",,Dataset DOI found in relatedPublication_s; expected HAL field is relatedData_s.
hal-02890453,https://hal.science/hal-02890453v1,Towards a sonic ecology of urban life: Ethnography of sound perception in Cairo,ART,10.1080/17458927.2020.1763606,relatedPublication_s,relatedData_s,False,True,10.5281/zenodo.3950835,doi,10.5281/zenodo.3950835,Zenodo,dataset_repo,Zenodo,https://zenodo.org/record/3950835,zenodo.org,10.5281,cern.zenodo,"Evelyn binaural recording in Wast al-Balad, Cairo (Egypt), 29-05-2013",,Dataset DOI found in relatedPublication_s; expected HAL field is relatedData_s.
hal-02890453,https://hal.science/hal-02890453v1,Towards a sonic ecology of urban life: Ethnography of sound perception in Cairo,ART,10.1080/17458927.2020.1763606,relatedPublication_s,relatedData_s,False,True,10.5281/zenodo.3950791,doi,10.5281/zenodo.3950791,Zenodo,dataset_repo,Zenodo,https://zenodo.org/record/3950791,zenodo.org,10.5281,cern.zenodo,"Mohammed binaural recording in Ghamra, Cairo (Egypt), 30-05-2013",,Dataset DOI found in relatedPublication_s; expected HAL field is relatedData_s.
hal-02890453,https://hal.science/hal-02890453v1,Towards a sonic ecology of urban life: Ethnography of sound perception in Cairo,ART,10.1080/17458927.2020.1763606,relatedPublication_s,relatedData_s,False,True,10.5281/zenodo.3950962,doi,10.5281/zenodo.3950962,Zenodo,dataset_repo,Zenodo,https://zenodo.org/record/3950962,zenodo.org,10.5281,cern.zenodo,"Maurice binaural recording in Garden City, Cairo (Egypt), 30-05-2013",,Dataset DOI found in relatedPublication_s; expected HAL field is relatedData_s.
hal-02890453,https://hal.science/hal-02890453v1,Towards a sonic ecology of urban life: Ethnography of sound perception in Cairo,ART,10.1080/17458927.2020.1763606,seeAlso_s,relatedData_s,False,False,https://vbat.org/article831,url,,,,,,,,,,,
hal-02890453,https://hal.science/hal-02890453v1,Towards a sonic ecology of urban life: Ethnography of sound perception in Cairo,ART,10.1080/17458927.2020.1763606,seeAlso_s,relatedData_s,False,False,https://zenodo.org/communities/sonic-ecology-cairo,url,,,,,,,,,,,
hal-02928114,https://hal.inrae.fr/hal-02928114v1,Aphid infestation differently affects the defences of nitrate-fed and nitrogen-fixing Medicago truncatula and alters symbiotic nitrogen fixation,ART,10.1098/rspb.2020.1493,relatedPublication_s,relatedData_s,False,True,10.57745/WGBWYO,doi,10.57745/WGBWYO,Recherche Data Gouv,dataset_repo,,,,,,,not_found,Dataset DOI found in relatedPublication_s; expected HAL field is relatedData_s.
hal-02942641,https://hal.science/hal-02942641v1,Experimental Tuning of Transport Regimes in Hyperuniform Disordered Photonic Materials,ART,10.1103/PhysRevLett.125.127402,relatedPublication_s,relatedData_s,False,True,10.5281/zenodo.3978032,doi,10.5281/zenodo.3978032,Zenodo,dataset_repo,Zenodo,https://zenodo.org/record/3978032,zenodo.org,10.5281,cern.zenodo,Experimental Tuning of Transport Regimes in Hyperuniform Disordered Photonic Materials,,Dataset DOI found in relatedPublication_s; expected HAL field is relatedData_s.
hal-02948215,https://hal.science/hal-02948215v1,Seismic Tomography,COUV,,relatedPublication_s,relatedData_s,False,False,10.1007/978-3-030-10475-7_28-1,doi,10.1007/978-3-030-10475-7_28-1,Journal DOI (10.1007),publication_landing,,,,,,,not_found,
hal-02957270,https://inria.hal.science/hal-02957270v1,Analyse d’activités d’apprentissage médiatisées en robotique pédagogique,COUV,,relatedPublication_s,relatedData_s,False,False,10.13140/RG.2.2.10953.16489,doi,10.13140/RG.2.2.10953.16489,ResearchGate,publication_landing,Unpublished,https://www.researchgate.net/doi/10.13140/RG.2.2.10953.16489,researchgate.net,10.13140,rg.rg,Analyse d'activités d'apprentissage médiatisées en robotique pédagogique,,
hal-02969405,https://hal.science/hal-02969405v1,A model to assess the relationship between management opportunism and auditor reaction. Simulation on financial restatements for a sample of Brazilian companies listed on NYSE,ART,,relatedPublication_s,relatedData_s,False,False,10.7819/rbgn.v23i2.4101,doi,10.7819/rbgn.v23i2.4101,DOI prefix 10.7819,unresolved,,,,,,,not_found,
hal-02972492,https://hal.inrae.fr/hal-02972492v1,"Genome assembly and annotation of Meloidogyne enterolobii, an emerging parthenogenetic root- knot nematode",ART,10.1038/s41597-020-00666-0,relatedData_s,relatedData_s,True,False,10.6084/m9.figshare.12410363,doi,10.6084/m9.figshare.12410363,Figshare,dataset_repo,figshare,https://springernature.figshare.com/articles/dataset/Metadata_record_for_Genome_assembly_and_annotation_of_Meloidogyne_enterolobii_an_emerging_parthenogenetic_root-knot_nematode/12410363,springernature.figshare.com,10.6084,figshare.ars,"Metadata record for: Genome assembly and annotation of Meloidogyne enterolobii, an emerging parthenogenetic root-knot nematode",,
hal-02978016,https://hal.science/hal-02978016v1,Non-convex Super-resolution of OCT images via sparse representation,COMM,,relatedPublication_s,relatedData_s,False,False,10.1109/ISBI48211.2021.9434013,doi,10.1109/ISBI48211.2021.9434013,Journal DOI (10.1109),publication_landing,,,,,,,not_found,
hal-03005449,https://inria.hal.science/hal-03005449v1,Towards a formal account for software transactional memory,COMM,,relatedPublication_s,relatedData_s,False,False,10.1007/978-3-030-52482-1_16,doi,10.1007/978-3-030-52482-1_16,Journal DOI (10.1007),publication_landing,,,,,,,not_found,
hal-03013147,https://agroparistech.hal.science/hal-03013147v1,Food transformation process description using PO2 and FoodOn,COMM,,relatedData_s,relatedData_s,True,False,10.15454/XSVVBW,doi,10.15454/XSVVBW,Recherche Data Gouv,dataset_repo,Recherche Data Gouv,https://entrepot.recherche.data.gouv.fr/citation?persistentId=doi:10.15454/XSVVBW,entrepot.recherche.data.gouv.fr,10.15454,rdg.prod,PO² Process and Observation Ontology,,
hal-03015686,https://inria.hal.science/hal-03015686v1,Thermodynamic Formalism in Neuronal Dynamics and Spike Train Statistics,ART,,relatedPublication_s,relatedData_s,False,False,10.3390/e22111330,doi,10.3390/e22111330,DOI prefix 10.3390,unresolved,,,,,,,not_found,
hal-03018506,https://univ-cotedazur.hal.science/hal-03018506v1,Free Kleene algebras with domain,ART,,relatedPublication_s,relatedData_s,False,False,10.1016/j.jlamp.2020.100606,doi,10.1016/j.jlamp.2020.100606,Journal DOI (10.1016),publication_landing,,,,,,,not_found,
hal-03033777,https://hal.science/hal-03033777v2,Network alignment and similarity reveal atlas-based topological differences in structural connectomes,ART,10.1162/netn_a_00199,relatedPublication_s,relatedData_s,False,True,10.17605/OSF.IO/DEPUX,doi,10.17605/OSF.IO/DEPUX,OSF,dataset_repo,OSF,https://osf.io/depux/,osf.io,10.17605,cos.osf,Brain Alignment,,Dataset DOI found in relatedPublication_s; expected HAL field is relatedData_s.
hal-03033777,https://hal.science/hal-03033777v2,Network alignment and similarity reveal atlas-based topological differences in structural connectomes,ART,10.1162/netn_a_00199,relatedPublication_s,relatedData_s,False,True,10.5281/zenodo.4922771,doi,10.5281/zenodo.4922771,Zenodo,dataset_repo,Zenodo,https://zenodo.org/record/4922771,zenodo.org,10.5281,cern.zenodo,WL-align,,Dataset DOI found in relatedPublication_s; expected HAL field is relatedData_s.
hal-03033777,https://hal.science/hal-03033777v2,Network alignment and similarity reveal atlas-based topological differences in structural connectomes,ART,10.1162/netn_a_00199,seeAlso_s,relatedData_s,False,False,https://osf.io/depux/,url,,,,,,,,,,,
hal-03051806,https://hal.science/hal-03051806v1,European Economics and the Early Years of the 'International Seminar on Macroeconomics,ART,10.3917/redp.314.0089,relatedPublication_s,relatedData_s,False,False,10.2139/ssrn.3504731,doi,10.2139/ssrn.3504731,DOI prefix 10.2139,unresolved,,,,,,,not_found,
hal-03052811,https://hal.science/hal-03052811v4,Reconstructing quantum theory from its possibilistic operational formalism,ART,10.1007/s40509-022-00286-w,relatedPublication_s,relatedData_s,False,False,10.1007/s40509-022-00286-w,doi,10.1007/s40509-022-00286-w,Journal DOI (10.1007),publication_landing,,,,,,,not_found,
hal-03065279,https://inria.hal.science/hal-03065279v1,Adaptation by copy number variation increases insecticide resistance in the fall armyworm,ART,10.1038/s42003-020-01382-6,relatedData_s,relatedData_s,True,False,10.57745/D4TG2M,doi,10.57745/D4TG2M,Recherche Data Gouv,dataset_repo,Recherche Data Gouv,https://entrepot.recherche.data.gouv.fr/citation?persistentId=doi:10.57745/D4TG2M,entrepot.recherche.data.gouv.fr,10.57745,rdg.prod,Curated sequences of cytochrome P450 from Spodoptera frugiperda corn strain,,
hal-03065279,https://inria.hal.science/hal-03065279v1,Adaptation by copy number variation increases insecticide resistance in the fall armyworm,ART,10.1038/s42003-020-01382-6,relatedData_s,relatedData_s,True,False,10.57745/XDVEQW,doi,10.57745/XDVEQW,Recherche Data Gouv,dataset_repo,Recherche Data Gouv,https://entrepot.recherche.data.gouv.fr/citation?persistentId=doi:10.57745/XDVEQW,entrepot.recherche.data.gouv.fr,10.57745,rdg.prod,Curated sequences of cytochrome P450 from Spodoptera frugiperda rice strain,,
hal-03105200,https://hal.science/hal-03105200v1,Identification of Ablation Sites in Persistent Atrial Fibrillation Based on Spatiotemporal Dispersion of Electrograms Using Machine Learning,COMM,,relatedPublication_s,relatedData_s,False,False,10.22489/CinC.2020.221,doi,10.22489/CinC.2020.221,DOI prefix 10.22489,unresolved,,,,,,,not_found,
hal-03110210,https://hal.science/hal-03110210v1,"Scaled, inexact and adaptive generalized FISTA for strongly convex optimization",ART,,relatedPublication_s,relatedData_s,False,False,10.1137/21M1391699,doi,10.1137/21M1391699,Journal DOI (10.1137),publication_landing,,,,,,,not_found,
hal-03144754,https://hal.science/hal-03144754v1,"BRC4Env, a network of Biological Resource Centres for environmental resources",POSTER,10.15454/TRBJTB,relatedData_s,relatedData_s,True,False,10.15454/D6XAKL,doi,10.15454/D6XAKL,Recherche Data Gouv,dataset_repo,Recherche Data Gouv,https://entrepot.recherche.data.gouv.fr/citation?persistentId=doi:10.15454/D6XAKL,entrepot.recherche.data.gouv.fr,10.15454,rdg.prod,CBGP - Continental Arthropod Collection,,
hal-03152833,https://hal.science/hal-03152833v1,Tensor-based noninvasive atrial fibrillation complexity index for catheter ablation,COMM,,relatedPublication_s,relatedData_s,False,False,10.22489/CinC.2020.379,doi,10.22489/CinC.2020.379,DOI prefix 10.22489,unresolved,,,,,,,not_found,
hal-03152856,https://hal.science/hal-03152856v1,Automated atrial fibrillation source detection using shallow convolutional neural networks,COMM,10.22489/CinC.2020.385,relatedPublication_s,relatedData_s,False,False,10.22489/CinC.2020.379,doi,10.22489/CinC.2020.379,DOI prefix 10.22489,unresolved,,,,,,,not_found,
hal-03172123,https://inria.hal.science/hal-03172123v1,"On the generalizability of diffusion MRI signal representations across acquisition parameters, sequences and tissue types: chronicles of the MEMENTO challenge",ART,10.1016/j.neuroimage.2021.118367,relatedPublication_s,relatedData_s,False,False,10.1101/2021.03.02.433228,doi,10.1101/2021.03.02.433228,DOI prefix 10.1101,unresolved,,,,,,,not_found,
hal-03172123,https://inria.hal.science/hal-03172123v1,"On the generalizability of diffusion MRI signal representations across acquisition parameters, sequences and tissue types: chronicles of the MEMENTO challenge",ART,10.1016/j.neuroimage.2021.118367,seeAlso_s,relatedData_s,False,False,https://hal.inria.fr/hal-03172123,url,,,,,,,,,,,
hal-03183150,https://hal.science/hal-03183150v1,Customer Choice Modelling: A Multi-Level Consensus Clustering Approach,ART,,relatedPublication_s,relatedData_s,False,False,10.33166/AETiC.2021.02.009,doi,10.33166/AETiC.2021.02.009,DOI prefix 10.33166,unresolved,,,,,,,not_found,
hal-03201898,https://imt-mines-ales.hal.science/hal-03201898v1,"Characterization of subsurface fluxes at the plot scale during flash floods in the Valescure catchment, France",ART,10.1002/hyp.14144,relatedPublication_s,relatedData_s,False,False,10.22541/au.160464431.14235630/v1,doi,10.22541/au.160464431.14235630/v1,DOI prefix 10.22541,unresolved,,,,,,,not_found,
hal-03201898,https://imt-mines-ales.hal.science/hal-03201898v1,"Characterization of subsurface fluxes at the plot scale during flash floods in the Valescure catchment, France",ART,10.1002/hyp.14144,seeAlso_s,relatedData_s,False,False,https://mistrals.sedoo.fr/?editDatsId=1597&datsId=1597&project_name=HyMeX&q=valescure,url,,,,,,,,,,,
hal-03208690,https://hal.science/hal-03208690v1,Learning from Event Cameras with Sparse Spiking Convolutional Neural Networks,COMM,,relatedPublication_s,relatedData_s,False,False,10.1109/ijcnn52387.2021.9533514,doi,10.1109/ijcnn52387.2021.9533514,Journal DOI (10.1109),publication_landing,,,,,,,not_found,
hal-03210867,https://hal.inrae.fr/hal-03210867v1,Food and habitat supplementation promotes predatory mites and enhances pest control,ART,10.1016/j.biocontrol.2021.104604,relatedData_s,relatedData_s,True,False,10.15454/0AFUU9,doi,10.15454/0AFUU9,Recherche Data Gouv,dataset_repo,Portail Data INRAE,https://data.inrae.fr/citation?persistentId=doi:10.15454/0AFUU9,data.inrae.fr,10.15454,rdg.prod,"Data associated with ""Food and habitat supplementation promotes predatory mites and enhances pest control"" by Etienne L., Bresch C., van Oudenhove L. and Mailleret L. To appear in ""Biological Control""",,
hal-03229358,https://hal.science/hal-03229358v2,On the Detection Capabilities of Underwater Distributed Acoustic Sensing,ART,10.1029/2020jb020925,relatedPublication_s,relatedData_s,False,False,10.1002/essoar.10504330.1,doi,10.1002/essoar.10504330.1,Journal DOI (10.1002),publication_landing,,,,,,,not_found,
hal-03272953,https://laas.hal.science/hal-03272953v1,Low Temperature Deposition of Highly Cyclable Porous Prussian Blue Cathode for Lithium‐Ion Microbattery,ART,10.1002/smll.202101615,relatedData_s,relatedData_s,True,False,10.5281/zenodo.4774324,doi,10.5281/zenodo.4774324,Zenodo,dataset_repo,Zenodo,https://zenodo.org/record/4774324,zenodo.org,10.5281,cern.zenodo,Low Temperature Deposition of Highly Cyclable Porous Prussian Blue Cathode for Lithium-Ion Microbattery,,
hal-03283627,https://hal.science/hal-03283627v1,Capturing the diversity of analyses on the Linux kernel variability,COMM,10.1145/3461001.3471151,relatedPublication_s,relatedData_s,False,True,10.5281/zenodo.4715969,doi,10.5281/zenodo.4715969,Zenodo,dataset_repo,Zenodo,https://zenodo.org/record/4715969,zenodo.org,10.5281,cern.zenodo,Capturing the diversity of analyses on the Linux kernel variability – Companion Technical Report,,Dataset DOI found in relatedPublication_s; expected HAL field is relatedData_s.
hal-03284626,https://hal.science/hal-03284626v1,Extending the Identification of Object-Oriented Variability Implementations using Usage Relationships,COMM,10.1145/3461002.3473943,relatedPublication_s,relatedData_s,False,True,10.5281/zenodo.4946729,doi,10.5281/zenodo.4946729,Zenodo,dataset_repo,Zenodo,https://zenodo.org/record/4946729,zenodo.org,10.5281,cern.zenodo,Extending the Identification of Object-Oriented Variability Implementations using Usage Relationships — Reproduction Package,,Dataset DOI found in relatedPublication_s; expected HAL field is relatedData_s.
hal-03288922,https://hal.inrae.fr/hal-03288922v1,The discernible and hidden effects of clonality on the genotypic and genetic states of populations: Improving our estimation of clonal rates,ART,10.1111/1755-0998.13316,relatedData_s,relatedData_s,True,False,10.15454/FEQ1Z6,doi,10.15454/FEQ1Z6,Recherche Data Gouv,dataset_repo,Portail Data INRAE,https://data.inrae.fr/citation?persistentId=doi:10.15454/FEQ1Z6,data.inrae.fr,10.15454,rdg.prod,The discernible and hidden effects of clonality on the genotypic and genetic states of populations: improving our estimation of clonal rates,,
hal-03312487,https://hal.science/hal-03312487v1,Visualization of Object-Oriented Variability Implementations as Cities,COMM,10.1109/VISSOFT52517.2021.00017,relatedPublication_s,relatedData_s,False,True,10.5281/zenodo.5034199,doi,10.5281/zenodo.5034199,Zenodo,dataset_repo,Zenodo,https://zenodo.org/record/5034199,zenodo.org,10.5281,cern.zenodo,Visualization of Object-Oriented Variability Implementations as Cities — Reproduction package,,Dataset DOI found in relatedPublication_s; expected HAL field is relatedData_s.
hal-03338594,https://hal.science/hal-03338594v1,Multi-Paradigm Modeling for Cyber-Physical Systems: A Systematic Mapping Review,ART,10.1016/j.jss.2021.111081,relatedPublication_s,relatedData_s,False,False,10.17632/jy6ww3hmyw,doi,10.17632/jy6ww3hmyw,DOI prefix 10.17632,unresolved,,,,,,,not_found,
hal-03338594,https://hal.science/hal-03338594v1,Multi-Paradigm Modeling for Cyber-Physical Systems: A Systematic Mapping Review,ART,10.1016/j.jss.2021.111081,seeAlso_s,relatedData_s,False,False,https://data.mendeley.com/datasets/jy6ww3hmyw,url,,,,,,,,,,,
hal-03341769,https://hal.science/hal-03341769v1,ADMM-Based Residual Whiteness Principle for Automatic Parameter Selection in Single Image Super-Resolution Problems,ART,,relatedPublication_s,relatedData_s,False,False,10.1007/s10851-022-01110-1,doi,10.1007/s10851-022-01110-1,Journal DOI (10.1007),publication_landing,,,,,,,not_found,
hal-03371455,https://hal.science/hal-03371455v1,Thinking With Models: The Construction of Legal Cases as Reflected in Late Qing Local Archives,ART,,relatedPublication_s,relatedData_s,False,False,10.1163/15685322-10703012,doi,10.1163/15685322-10703012,DOI prefix 10.1163,unresolved,,,,,,,not_found,
hal-03402553,https://hal.science/hal-03402553v1,Towards integrating quality in theoretical models of acceptance: An extended proposed model applied to e‐learning services,ART,,relatedPublication_s,relatedData_s,False,False,10.1111/bjet.13091,doi,10.1111/bjet.13091,DOI prefix 10.1111,unresolved,,,,,,,not_found,
hal-03409764,https://inria.hal.science/hal-03409764v1,FGS’2019 - 19th French-German-Swiss conference on Optimization,PROCEEDINGS,,relatedPublication_s,relatedData_s,False,False,10.1051/proc/202171100,doi,10.1051/proc/202171100,DOI prefix 10.1051,unresolved,,,,,,,not_found,
hal-03409764,https://inria.hal.science/hal-03409764v1,FGS’2019 - 19th French-German-Swiss conference on Optimization,PROCEEDINGS,,seeAlso_s,relatedData_s,False,False,https://www.esaim-proc.org/articles/proc/abs/2021/02/contents/contents.html,url,,,,,,,,,,,
hal-03419959,https://inria.hal.science/hal-03419959v2,A survey on high-dimensional Gaussian process modeling with application to Bayesian optimization,ART,,relatedPublication_s,relatedData_s,False,False,10.1145/3545611,doi,10.1145/3545611,Journal DOI (10.1145),publication_landing,,,,,,,not_found,
hal-03438331,https://inria.hal.science/hal-03438331v1,k shortest simple paths,SOFTWARE,,relatedPublication_s,relatedData_s,False,False,hal-03196830,hal_id,,,,,,,,,,,
hal-03438331,https://inria.hal.science/hal-03438331v1,k shortest simple paths,SOFTWARE,,relatedPublication_s,relatedData_s,False,False,10.4230/LIPIcs.SEA.2020.18,doi,10.4230/LIPIcs.SEA.2020.18,Dagstuhl,publication_landing,Schloss Dagstuhl – Leibniz-Zentrum für Informatik,https://drops.dagstuhl.de/entities/document/10.4230/LIPIcs.SEA.2020.18,drops.dagstuhl.de,10.4230,lzi.drops,Space and Time Trade-Off for the k Shortest Simple Paths Problem,,
hal-03445804,https://hal.science/hal-03445804v1,A C-library for Register Pressure Reduction in Data Dependence Graphs.,SOFTWARE,,relatedPublication_s,relatedData_s,False,False,hal-00130623,hal_id,,,,,,,,,,,
hal-03445804,https://hal.science/hal-03445804v1,A C-library for Register Pressure Reduction in Data Dependence Graphs.,SOFTWARE,,relatedPublication_s,relatedData_s,False,False,10.1007/s10878-010-9332-8,doi,10.1007/s10878-010-9332-8,Journal DOI (10.1007),publication_landing,,,,,,,not_found,
hal-03445821,https://hal.science/hal-03445821v1,A C-library for Register Saturation Computation,SOFTWARE,,relatedPublication_s,relatedData_s,False,False,10.1007/s10766-005-6466-x,doi,10.1007/s10766-005-6466-x,Journal DOI (10.1007),publication_landing,,,,,,,not_found,
hal-03468411,https://hal.science/hal-03468411v2,Are syllabification and resyllabification strategies phonotactically-directed in French dyslexic children? A preliminary report,ART,,relatedPublication_s,relatedData_s,False,False,10.1044/1092-4388(2011/10-0286),doi,10.1044/1092-4388(2011/10-0286,DOI prefix 10.1044,unresolved,,,,,,,not_found,
hal-03469649,https://inria.hal.science/hal-03469649v1,Robust and Efficient Delaunay Triangulations of Points on Or Close to a Sphere,COMM,,relatedPublication_s,relatedData_s,False,False,10.1007/978-3-642-13193-6_39,doi,10.1007/978-3-642-13193-6_39,Journal DOI (10.1007),publication_landing,,,,,,,not_found,
hal-03474067,https://hal.science/hal-03474067v1,A process reverse engineering approach using Process and Observation Ontology and Probabilistic Relational Models: application to processing of bio-composites for food packaging,COMM,10.1007/978-3-030-98876-0_1,relatedPublication_s,relatedData_s,False,True,10.15454/AIF6TX,doi,10.15454/AIF6TX,Recherche Data Gouv,dataset_repo,Recherche Data Gouv,https://entrepot.recherche.data.gouv.fr/citation?persistentId=doi:10.15454/AIF6TX,entrepot.recherche.data.gouv.fr,10.15454,rdg.prod,PO2 Biorefinery Ontology,,Dataset DOI found in relatedPublication_s; expected HAL field is relatedData_s.
hal-03476299,https://hal.science/hal-03476299v1,Modular-proximal gradient algorithms in variable exponent Lebesgue spaces,ART,,relatedPublication_s,relatedData_s,False,False,10.1137/21M1464336,doi,10.1137/21M1464336,Journal DOI (10.1137),publication_landing,,,,,,,not_found,
hal-03502994,https://hal.science/hal-03502994v1,Extension of RDFS based on the CGs Formalism,COMM,,relatedPublication_s,relatedData_s,False,False,10.1007/3-540-44583-8_20,doi,10.1007/3-540-44583-8_20,Journal DOI (10.1007),publication_landing,,,,,,,not_found,
hal-03506477,https://hal.science/hal-03506477v1,La maréchaussée et les grands chemins (1720-1791),ART,,relatedPublication_s,relatedData_s,False,False,10.3917/infle.049.0031,doi,10.3917/infle.049.0031,Journal DOI (10.3917),publication_landing,,,,,,,not_found,
hal-03506477,https://hal.science/hal-03506477v1,La maréchaussée et les grands chemins (1720-1791),ART,,seeAlso_s,relatedData_s,False,False,https://www.cairn.info/revue-inflexions-2022-1-page-31.htm,url,,,,,,,,,,,
hal-03519402,https://hal.science/hal-03519402v1,"Being together, doing together and going forward together – echoes from France’s cultural third places in times of covid-19",ART,10.11606/extraprensa2021.188937,relatedPublication_s,relatedData_s,False,False,10.11606/extraprensa2021.188937,doi,10.11606/extraprensa2021.188937,DOI prefix 10.11606,unresolved,,,,,,,not_found,
hal-03521600,https://hal.science/hal-03521600v2,Ridge Polariton Laser: Different from a Semiconductor Edge-Emitting Laser,ART,10.1103/PhysRevApplied.18.044029,relatedData_s,relatedData_s,True,False,10.57745/VCC5KV,doi,10.57745/VCC5KV,Recherche Data Gouv,dataset_repo,Recherche Data Gouv,https://entrepot.recherche.data.gouv.fr/citation?persistentId=doi:10.57745/VCC5KV,entrepot.recherche.data.gouv.fr,10.57745,rdg.prod,"Data associated with the article ""Ridge polariton laser: different from a semiconductor edge-emitting laser""",,
hal-03523975,https://hal.science/hal-03523975v1,"Thalassotopies. La mer vue de la terre, la terre vue de la mer dans l’antiquité égéenne",ISSUE,,relatedPublication_s,relatedData_s,False,False,10.4000/mondesanciens.3095,doi,10.4000/mondesanciens.3095,Journal DOI (10.4000),publication_landing,,,,,,,not_found,
hal-03523976,https://hal.science/hal-03523976v1,La faune marine,COUV,,relatedPublication_s,relatedData_s,False,True,10.5281/zenodo.4971978,doi,10.5281/zenodo.4971978,Zenodo,dataset_repo,Zenodo,https://zenodo.org/record/4971978,zenodo.org,10.5281,cern.zenodo,ERETRIA XXV. Les thermes du centre,,Dataset DOI found in relatedPublication_s; expected HAL field is relatedData_s.
hal-03523976,https://hal.science/hal-03523976v1,La faune marine,COUV,,seeAlso_s,relatedData_s,False,False,https://www.esag.swiss/eretria-series/eretria-xxv/eretria-fouilles-et-recherches-xxv-vol-1/,url,,,,,,,,,,,
hal-03528633,https://hal.inrae.fr/hal-03528633v1,Landscape connectivity alters the evolution of density-dependent dispersal during pushed range expansions,ART,10.24072/pcjournal.347,relatedPublication_s,relatedData_s,False,True,10.5281/zenodo.4570235,doi,10.5281/zenodo.4570235,Zenodo,dataset_repo,Zenodo,https://zenodo.org/doi/10.5281/zenodo.4570235,zenodo.org,10.5281,cern.zenodo,"mdahirel/pushed-pulled-2020-phenotype: data and code for ""Landscape connectivity alters the evolution of density-dependent dispersal during pushed range expansions""",,Dataset DOI found in relatedPublication_s; expected HAL field is relatedData_s.
hal-03545512,https://hal-lara.archives-ouvertes.fr/hal-03545512v1,Pratiques et usages des outils numériques dans les communautés scientifiques en France,REPORT,10.52949/5,relatedData_s,relatedData_s,True,False,10.5281/zenodo.5827206,doi,10.5281/zenodo.5827206,Zenodo,dataset_repo,Zenodo,https://zenodo.org/record/5827206,zenodo.org,10.5281,cern.zenodo,State of open science practices in France _ Dataset,,
hal-03545512,https://hal-lara.archives-ouvertes.fr/hal-03545512v1,Pratiques et usages des outils numériques dans les communautés scientifiques en France,REPORT,10.52949/5,relatedPublication_s,relatedData_s,False,True,10.5281/zenodo.3935958,doi,10.5281/zenodo.3935958,Zenodo,dataset_repo,Zenodo,https://zenodo.org/record/3935958,zenodo.org,10.5281,cern.zenodo,questionnaire SOSP-FR - fr,,Dataset DOI found in relatedPublication_s; expected HAL field is relatedData_s.
hal-03545512,https://hal-lara.archives-ouvertes.fr/hal-03545512v1,Pratiques et usages des outils numériques dans les communautés scientifiques en France,REPORT,10.52949/5,seeAlso_s,relatedData_s,False,False,https://www.ouvrirlascience.fr/state-of-open-science-practices-in-france-sosp-fr/,url,,,,,,,,,,,
hal-03551363,https://hal.science/hal-03551363v1,Space-Time-Frequency (STF) MIMO Relaying System with Receiver Based on Coupled Tensor Decompositions,COMM,,relatedPublication_s,relatedData_s,False,False,10.1109/ACSSC.2018.8645158,doi,10.1109/ACSSC.2018.8645158,Journal DOI (10.1109),publication_landing,,,,,,,not_found,
hal-03566409,https://hal.science/hal-03566409v1,The Differential Impact of Intrafirm Collaboration and Technological Network Centrality on Employees’ Likelihood of Leaving the Firm,COMM,,relatedPublication_s,relatedData_s,False,False,10.1287/orsc.2021.1535,doi,10.1287/orsc.2021.1535,DOI prefix 10.1287,unresolved,,,,,,,not_found,
hal-03566420,https://hal.science/hal-03566420v1,The Differential Impact of Intrafirm Collaboration and Technological Network Centrality on Employees’ Likelihood of Leaving the Firm,COMM,,relatedPublication_s,relatedData_s,False,False,10.1287/orsc.2021.1535,doi,10.1287/orsc.2021.1535,DOI prefix 10.1287,unresolved,,,,,,,not_found,
hal-03589161,https://hal.science/hal-03589161v1,ESPON Big Data for Territorial - Analysis and Housing Dynamics. Wellbeing of European citizens regarding the affordability of housing.,REPORT,,relatedData_s,relatedData_s,True,False,10.34847/nkl.aaea911g,doi,10.34847/nkl.aaea911g,NAKALA,dataset_repo,NAKALA - https://nakala.fr (Huma-Num - CNRS),https://nakala.fr/10.34847/nkl.aaea911g,nakala.fr,10.34847,inist.humanum,Unequal housing affordability across European cities,,
hal-03589161,https://hal.science/hal-03589161v1,ESPON Big Data for Territorial - Analysis and Housing Dynamics. Wellbeing of European citizens regarding the affordability of housing.,REPORT,,relatedPublication_s,relatedData_s,False,False,hal-04222330,hal_id,,,,,,,,,,,
hal-03589161,https://hal.science/hal-03589161v1,ESPON Big Data for Territorial - Analysis and Housing Dynamics. Wellbeing of European citizens regarding the affordability of housing.,REPORT,,seeAlso_s,relatedData_s,False,False,https://www.espon.eu/big-data-housing,url,,,,,,,,,,,
hal-03601464,https://hal.inrae.fr/hal-03601464v1,Can Artificial Intelligence Help in the Study of Vegetative Growth Patterns from Herbarium Collections? An Evaluation of the Tropical Flora of the French Guiana Forest,ART,10.3390/plants11040530,relatedData_s,relatedData_s,True,False,10.5281/zenodo.5777028,doi,10.5281/zenodo.5777028,Zenodo,dataset_repo,Zenodo,https://zenodo.org/record/5777028,zenodo.org,10.5281,cern.zenodo,Can Artificial Intelligence help in the study of vegetative growth dynamics from herbarium collections? An evaluation of the tropical flora of the French Guiana forest,,
hal-03626543,https://hal.science/hal-03626543v1,Voix et parcours du féminisme dans les revues de femmes (1870-1970),ISSUE,,relatedPublication_s,relatedData_s,False,False,10.4000/laboratoireitalien.6880,doi,10.4000/laboratoireitalien.6880,Journal DOI (10.4000),publication_landing,,,,,,,not_found,
hal-03648482,https://inria.hal.science/hal-03648482v1,Centralized Traffic Control via Small Fleets of Connected and Automated Vehicles,COMM,,relatedPublication_s,relatedData_s,False,False,10.23919/ECC55457.2022.9838305,doi,10.23919/ECC55457.2022.9838305,DOI prefix 10.23919,unresolved,,,,,,,not_found,
hal-03650389,https://hal.science/hal-03650389v1,Dual-mode Antenna Using Permittivity Gradient for S-band CubeSat Communications,COMM,,relatedPublication_s,relatedData_s,False,False,10.1109/AP-S/USNC-URSI47032.2022.9886510,doi,10.1109/AP-S/USNC-URSI47032.2022.9886510,Journal DOI (10.1109),publication_landing,,,,,,,not_found,
hal-03657077,https://hal.science/hal-03657077v1,"ROV3G 2021 database: geophysical data on the continental shelf offshore Santo Stefano al Mare and San Lorenzo al mare, Liguria, Italy.",OTHER,,relatedPublication_s,relatedData_s,False,True,10.17600/18000869,doi,10.17600/18000869,Sismer,dataset_repo,Sismer,https://campagnes.flotteoceanographique.fr/campagnes/18000869/,campagnes.flotteoceanographique.fr,10.17600,inist.ifremer,"ROV3G cruise,L'Europe R/V",,Dataset DOI found in relatedPublication_s; expected HAL field is relatedData_s.
hal-03675995,https://hal.science/hal-03675995v1,Object Detection with Spiking Neural Networks on Automotive Event Data,COMM,10.1109/IJCNN55064.2022.9892618,relatedPublication_s,relatedData_s,False,False,10.1109/IJCNN55064.2022.9892618,doi,10.1109/IJCNN55064.2022.9892618,Journal DOI (10.1109),publication_landing,,,,,,,not_found,
hal-03687235,https://hal.inrae.fr/hal-03687235v1,CAMELS-FR: A large sample hydroclimatic dataset for France to explore hydrological diversity and support model benchmarking,COMM,,relatedData_s,relatedData_s,True,False,10.57745/WH7FJR,doi,10.57745/WH7FJR,Recherche Data Gouv,dataset_repo,Recherche Data Gouv,https://entrepot.recherche.data.gouv.fr/citation?persistentId=doi:10.57745/WH7FJR,entrepot.recherche.data.gouv.fr,10.57745,rdg.prod,CAMELS-FR dataset,,
hal-03687235,https://hal.inrae.fr/hal-03687235v1,CAMELS-FR: A large sample hydroclimatic dataset for France to explore hydrological diversity and support model benchmarking,COMM,,relatedData_s,relatedData_s,True,False,10.57745/HBQWP5,doi,10.57745/HBQWP5,Recherche Data Gouv,dataset_repo,Recherche Data Gouv,https://entrepot.recherche.data.gouv.fr/citation?persistentId=doi:10.57745/HBQWP5,entrepot.recherche.data.gouv.fr,10.57745,rdg.prod,CAMELS-FR time series dynamic graphs,,
hal-03687235,https://hal.inrae.fr/hal-03687235v1,CAMELS-FR: A large sample hydroclimatic dataset for France to explore hydrological diversity and support model benchmarking,COMM,,relatedData_s,relatedData_s,True,False,10.57745/KK2SVJ,doi,10.57745/KK2SVJ,Recherche Data Gouv,dataset_repo,Recherche Data Gouv,https://entrepot.recherche.data.gouv.fr/citation?persistentId=doi:10.57745/KK2SVJ,entrepot.recherche.data.gouv.fr,10.57745,rdg.prod,CAMELS-FR graphical fact sheets,,
hal-03696920,https://hal.science/hal-03696920v1,"A unified surface geometric framework for feature-aware denoising, hole filling and context-aware completion",ART,,relatedPublication_s,relatedData_s,False,False,10.1007/s10851-022-01107-w,doi,10.1007/s10851-022-01107-w,Journal DOI (10.1007),publication_landing,,,,,,,not_found,
hal-03717858,https://hal.science/hal-03717858v1,Customizable Visualization of Quality Metrics for Object-Oriented Variability Implementations,COMM,10.1145/3546932.3547073,relatedData_s,relatedData_s,True,False,10.5281/zenodo.6644634,doi,10.5281/zenodo.6644634,Zenodo,dataset_repo,Zenodo,https://zenodo.org/record/6644634,zenodo.org,10.5281,cern.zenodo,Customizable Visualization of Quality Metrics for Object-Oriented Variability Implementations - Artifact,,
hal-03762451,https://hal.science/hal-03762451v1,The Responsibility of Public Authorities in China,COUV,,relatedPublication_s,relatedData_s,False,False,10.1017/9781009208550.018,doi,10.1017/9781009208550.018,Journal DOI (10.1017),publication_landing,,,,,,,not_found,
hal-03778623,https://hal.science/hal-03778623v1,H2MEMS Project: Resonant MEMS for detection of hydrogen release in radioactive waste disposal facility,COMM,,relatedPublication_s,relatedData_s,False,False,10.1109/EFTF/IFCS54560.2022.9850611,doi,10.1109/EFTF/IFCS54560.2022.9850611,Journal DOI (10.1109),publication_landing,,,,,,,not_found,
hal-03790391,https://hal.science/hal-03790391v1,"Numerical modelling of the planetary adaptive optics mode of AOC, the adaptive optics project at Calern observatory",COMM,,relatedPublication_s,relatedData_s,False,False,10.1117/12.2643002,doi,10.1117/12.2643002,DOI prefix 10.1117,unresolved,,,,,,,not_found,
hal-03794312,https://hal.science/hal-03794312v1,Edge AI Implementation for Recognizing Sounds Created by Human Activities in Smart Offices Design Concepts,ART,,relatedPublication_s,relatedData_s,False,False,10.1007/978-981-19-3394-3_70,doi,10.1007/978-981-19-3394-3_70,Journal DOI (10.1007),publication_landing,,,,,,,not_found,
hal-03842303,https://hal.science/hal-03842303v1,An integrated cell atlas of the human lung in health and disease,UNDEFINED,10.1101/2022.03.10.483747,relatedPublication_s,relatedData_s,False,False,10.1038/s41591-023-02327-2,doi,10.1038/s41591-023-02327-2,Journal DOI (10.1038),publication_landing,,,,,,,not_found,
hal-03871553,https://inria.hal.science/hal-03871553v1,Envisaging a global infrastructure to exploit the potential of digitised collections,ART,10.3897/BDJ.11.e109439,relatedPublication_s,relatedData_s,False,False,10.22541/au.166678848.82362633/v2,doi,10.22541/au.166678848.82362633/v2,DOI prefix 10.22541,unresolved,,,,,,,not_found,
hal-03909349,https://hal.science/hal-03909349v2,BLUE against OLSE in the location model: energy minimization and asymptotic considerations,ART,,relatedPublication_s,relatedData_s,False,False,10.1007/s00362-023-01423-2,doi,10.1007/s00362-023-01423-2,Journal DOI (10.1007),publication_landing,,,,,,,not_found,
hal-03909555,https://hal.science/hal-03909555v1,La catena di influenze nella ricezione moderna di Plutarco e il riuso delle Vite di Cesare e Bruto: teoria e prassi dei Classical Reception Studies,ART,10.5281/zenodo.3766100,relatedPublication_s,relatedData_s,False,True,10.5281/zenodo.37660964,doi,10.5281/zenodo.37660964,Zenodo,dataset_repo,,,,,,,not_found,Dataset DOI found in relatedPublication_s; expected HAL field is relatedData_s.
hal-03931195,https://hal.inrae.fr/hal-03931195v1,Improvement of eukaryotic protein predictions from soil metagenomes,ART,10.1038/s41597-022-01420-4,relatedData_s,relatedData_s,True,False,10.15454/E2VTRB,doi,10.15454/E2VTRB,Recherche Data Gouv,dataset_repo,Portail Data INRAE,https://data.inrae.fr/citation?persistentId=doi:10.15454/E2VTRB,data.inrae.fr,10.15454,rdg.prod,Improvement of eukaryotic protein predictions from soil metagenomes,,
hal-03932126,https://hal.science/hal-03932126v1,The novel combination of Nano Vector Network Analyzer and machine learning for fruit identification and ripeness grading,ART,,relatedPublication_s,relatedData_s,False,False,10.3390/s23020952,doi,10.3390/s23020952,DOI prefix 10.3390,unresolved,,,,,,,not_found,
hal-03936013,https://hal.science/hal-03936013v1,A Positive Feedback Between Crustal Thickness and Melt Extraction for the Origin of the Martian Dichotomy,ART,10.1029/2022JE007472,relatedPublication_s,relatedData_s,False,True,10.5281/zenodo.7228037,doi,10.5281/zenodo.7228037,Zenodo,dataset_repo,Zenodo,https://zenodo.org/record/7228037,zenodo.org,10.5281,cern.zenodo,A positive feedback between crustal thickness and melt extraction for the origin of the Martian dichotomy - Figure software &amp; Data,,Dataset DOI found in relatedPublication_s; expected HAL field is relatedData_s.
hal-03997711,https://hal.science/hal-03997711v1,Enquête sur les Données de la Recherche au sein de deux universités françaises,REPORT,,relatedData_s,relatedData_s,True,False,10.57745/BIC6MB,doi,10.57745/BIC6MB,Recherche Data Gouv,dataset_repo,Recherche Data Gouv,https://entrepot.recherche.data.gouv.fr/citation?persistentId=doi:10.57745/BIC6MB,entrepot.recherche.data.gouv.fr,10.57745,rdg.prod,Réponses Enquête Données de la recherche Université de Strasbourg et Université Côte d’Azur,,
hal-04012636,https://hal.science/hal-04012636v4,A biologically plausible decision-making model based on interacting neural populations,ART,10.1371/journal.pone.0340393,relatedPublication_s,relatedData_s,False,True,10.5281/zenodo.7682309,doi,10.5281/zenodo.7682309,Zenodo,dataset_repo,Zenodo,https://zenodo.org/record/7682309,zenodo.org,10.5281,cern.zenodo,Jupyter notebook of a biophysically plausible decision-making model based on interacting cortical columns,,Dataset DOI found in relatedPublication_s; expected HAL field is relatedData_s.
hal-04012636,https://hal.science/hal-04012636v4,A biologically plausible decision-making model based on interacting neural populations,ART,10.1371/journal.pone.0340393,seeAlso_s,relatedData_s,False,True,https://doi.org/10.5281/zenodo.7682309,doi,10.5281/zenodo.7682309,Zenodo,dataset_repo,Zenodo,https://zenodo.org/record/7682309,zenodo.org,10.5281,cern.zenodo,Jupyter notebook of a biophysically plausible decision-making model based on interacting cortical columns,,Dataset DOI found in seeAlso_s; expected HAL field is relatedData_s.
hal-04012636,https://hal.science/hal-04012636v4,A biologically plausible decision-making model based on interacting neural populations,ART,10.1371/journal.pone.0340393,seeAlso_s,relatedData_s,False,False,https://wiki.ebrains.eu/bin/view/Collabs/coredem-project-jupyter-notebook-of-adex/,url,,,,,,,,,,,
hal-04064296,https://hal.science/hal-04064296v1,Multi-source datasets acquired over Toulouse (France) in 2021 for urban microclimate studies during the CAMCATT/AI4GEO field campaign,ART,10.1016/j.dib.2023.109109,relatedData_s,relatedData_s,True,False,10.6096/1010,doi,10.6096/1010,SEDOO / Theia,dataset_repo,Theia,https://camcatt.sedoo.fr/camcatt-product/?uuid=889f6e4d-9ce5-4727-9d27-8543662c4dd8,camcatt.sedoo.fr,10.6096,inist.omp,Airborne 3D point cloud,,
hal-04064296,https://hal.science/hal-04064296v1,Multi-source datasets acquired over Toulouse (France) in 2021 for urban microclimate studies during the CAMCATT/AI4GEO field campaign,ART,10.1016/j.dib.2023.109109,relatedData_s,relatedData_s,True,False,10.6096/1011,doi,10.6096/1011,SEDOO / Theia,dataset_repo,Theia,https://camcatt.sedoo.fr/camcatt-product/?uuid=d1b0d05e-7ac1-4e69-94d9-0a57686f91cc,camcatt.sedoo.fr,10.6096,inist.omp,Airborne hyperspectral data,,
hal-04064296,https://hal.science/hal-04064296v1,Multi-source datasets acquired over Toulouse (France) in 2021 for urban microclimate studies during the CAMCATT/AI4GEO field campaign,ART,10.1016/j.dib.2023.109109,relatedData_s,relatedData_s,True,False,10.6096/1012,doi,10.6096/1012,SEDOO / Theia,dataset_repo,Theia,https://camcatt.sedoo.fr/camcatt-product/?uuid=66eb550f-c02f-43f7-a822-3dfc0bbce685,camcatt.sedoo.fr,10.6096,inist.omp,Airborne thermal infrared data,,
hal-04064296,https://hal.science/hal-04064296v1,Multi-source datasets acquired over Toulouse (France) in 2021 for urban microclimate studies during the CAMCATT/AI4GEO field campaign,ART,10.1016/j.dib.2023.109109,relatedData_s,relatedData_s,True,False,10.6096/1017,doi,10.6096/1017,SEDOO / Theia,dataset_repo,Theia,https://camcatt.sedoo.fr/camcatt-product/?uuid=5b2cc16b-8bcc-4e71-82e2-7924a39f0e95,camcatt.sedoo.fr,10.6096,inist.omp,ASD surface reflectance spectra,,
hal-04064296,https://hal.science/hal-04064296v1,Multi-source datasets acquired over Toulouse (France) in 2021 for urban microclimate studies during the CAMCATT/AI4GEO field campaign,ART,10.1016/j.dib.2023.109109,relatedData_s,relatedData_s,True,False,10.6096/1013,doi,10.6096/1013,SEDOO / Theia,dataset_repo,Theia,https://camcatt.sedoo.fr/camcatt-product/?uuid=935781d7-0f71-49c4-b96a-ac3626536c38,camcatt.sedoo.fr,10.6096,inist.omp,CIMEL land surface emissivity and temperature measurements,,
hal-04064296,https://hal.science/hal-04064296v1,Multi-source datasets acquired over Toulouse (France) in 2021 for urban microclimate studies during the CAMCATT/AI4GEO field campaign,ART,10.1016/j.dib.2023.109109,relatedData_s,relatedData_s,True,False,10.6096/1014,doi,10.6096/1014,SEDOO / Theia,dataset_repo,Theia,https://camcatt.sedoo.fr/camcatt-product/?uuid=61b98a7b-6142-4193-b2bf-9123f2426f32,camcatt.sedoo.fr,10.6096,inist.omp,Meteorological and atmospheric datasets,,
hal-04064296,https://hal.science/hal-04064296v1,Multi-source datasets acquired over Toulouse (France) in 2021 for urban microclimate studies during the CAMCATT/AI4GEO field campaign,ART,10.1016/j.dib.2023.109109,relatedData_s,relatedData_s,True,False,10.6096/1015,doi,10.6096/1015,SEDOO / Theia,dataset_repo,Theia,https://camcatt.sedoo.fr/camcatt-product/?uuid=b8e62a46-768e-4414-bdd1-a7e2e8249f80,camcatt.sedoo.fr,10.6096,inist.omp,SOC410 reflectance measurements,,
hal-04064296,https://hal.science/hal-04064296v1,Multi-source datasets acquired over Toulouse (France) in 2021 for urban microclimate studies during the CAMCATT/AI4GEO field campaign,ART,10.1016/j.dib.2023.109109,relatedData_s,relatedData_s,True,False,10.6096/1016,doi,10.6096/1016,SEDOO / Theia,dataset_repo,Theia,https://camcatt.sedoo.fr/camcatt-product/?uuid=8bc0a165-27ce-4580-8795-9dd2d7b95c73,camcatt.sedoo.fr,10.6096,inist.omp,Vehicle air temperature and humidity measurements,,
hal-04100919,https://hal.science/hal-04100919v1,Professional writing as institutional norm and personal style,COUV,10.1075/z.194.12doq,relatedPublication_s,relatedData_s,False,False,10.1075/z.194,doi,10.1075/z.194,DOI prefix 10.1075,unresolved,,,,,,,not_found,
hal-04101061,https://hal.science/hal-04101061v1,When phonology outranks syntax: postponed relative pronouns in Pindar,ART,10.16995/glossa.9842,relatedPublication_s,relatedData_s,False,False,10.16995/glossa.9842.s1,doi,10.16995/glossa.9842.s1,DOI prefix 10.16995,unresolved,,,,,,,not_found,
hal-04101061,https://hal.science/hal-04101061v1,When phonology outranks syntax: postponed relative pronouns in Pindar,ART,10.16995/glossa.9842,seeAlso_s,relatedData_s,False,False,https://www.glossa-journal.org/download/article/9842/supp_file/711/,url,,,,,,,,,,,
hal-04122511,https://hal.science/hal-04122511v1,Early Release Science of the exoplanet WASP-39b with JWST NIRSpec G395H,ART,10.1038/s41586-022-05591-3,relatedData_s,relatedData_s,True,False,10.5281/zenodo.7185300,doi,10.5281/zenodo.7185300,Zenodo,dataset_repo,Zenodo,https://zenodo.org/record/7185300,zenodo.org,10.5281,cern.zenodo,"Products and Models for ""Early Release Science of the Exoplanet WASP-39b with JWST NIRSpec G395H""",,
hal-04127383,https://hal.science/hal-04127383v1,Les enseignant(e)s de la Martinique en période de confinement : la continuité pédagogique en question,ART,10.3917/cdle.055.0054,relatedData_s,relatedData_s,True,False,10.17632/tt7mfggc44.3,doi,10.17632/tt7mfggc44.3,Mendeley Data,dataset_repo,Mendeley,https://data.mendeley.com/datasets/tt7mfggc44/3,data.mendeley.com,10.17632,bl.mendeley,Les enseignant(e)s et éducateur(trice)s pendant le confinement (Martinique),,
hal-04127383,https://hal.science/hal-04127383v1,Les enseignant(e)s de la Martinique en période de confinement : la continuité pédagogique en question,ART,10.3917/cdle.055.0054,seeAlso_s,relatedData_s,False,False,https://observatoirecaribeenduclimatscolaire.com/fecom/,url,,,,,,,,,,,
hal-04127943,https://hal.science/hal-04127943v1,AJAR: An Argumentation-based Judging Agents Framework for Ethical Reinforcement Learning,COMM,10.5555/3545946.3598956,relatedPublication_s,relatedData_s,False,True,10.5281/zenodo.7628903,doi,10.5281/zenodo.7628903,Zenodo,dataset_repo,Zenodo,https://zenodo.org/record/7628903,zenodo.org,10.5281,cern.zenodo,AJAR: An Argumentation-based Judging Agents Framework for Ethical Reinforcement Learning,,Dataset DOI found in relatedPublication_s; expected HAL field is relatedData_s.
hal-04127943,https://hal.science/hal-04127943v1,AJAR: An Argumentation-based Judging Agents Framework for Ethical Reinforcement Learning,COMM,10.5555/3545946.3598956,seeAlso_s,relatedData_s,False,False,https://zenodo.org/record/7628903,url,,,,,,,,,,,
hal-04128090,https://hal.science/hal-04128090v1,Morph-xR2RML: MongoDB-to-RDF translation,SOFTWARE,,relatedPublication_s,relatedData_s,False,True,10.5281/zenodo.5148233,doi,10.5281/zenodo.5148233,Zenodo,dataset_repo,Zenodo,https://zenodo.org/record/5148233,zenodo.org,10.5281,cern.zenodo,frmichel/morph-xr2rml: 1.3.1,,Dataset DOI found in relatedPublication_s; expected HAL field is relatedData_s.
hal-04128090,https://hal.science/hal-04128090v1,Morph-xR2RML: MongoDB-to-RDF translation,SOFTWARE,,relatedPublication_s,relatedData_s,False,False,cel-01585312,other,,,,,,,,,,,
hal-04128090,https://hal.science/hal-04128090v1,Morph-xR2RML: MongoDB-to-RDF translation,SOFTWARE,,relatedPublication_s,relatedData_s,False,False,hal-01066663,hal_id,,,,,,,,,,,
hal-04128090,https://hal.science/hal-04128090v1,Morph-xR2RML: MongoDB-to-RDF translation,SOFTWARE,,relatedPublication_s,relatedData_s,False,False,hal-01207828,hal_id,,,,,,,,,,,
hal-04128090,https://hal.science/hal-04128090v1,Morph-xR2RML: MongoDB-to-RDF translation,SOFTWARE,,relatedPublication_s,relatedData_s,False,False,hal-01612451,hal_id,,,,,,,,,,,
hal-04128090,https://hal.science/hal-04128090v1,Morph-xR2RML: MongoDB-to-RDF translation,SOFTWARE,,relatedPublication_s,relatedData_s,False,False,hal-01926379,hal_id,,,,,,,,,,,
hal-04128090,https://hal.science/hal-04128090v1,Morph-xR2RML: MongoDB-to-RDF translation,SOFTWARE,,relatedPublication_s,relatedData_s,False,False,hal-02939363,hal_id,,,,,,,,,,,
hal-04128090,https://hal.science/hal-04128090v1,Morph-xR2RML: MongoDB-to-RDF translation,SOFTWARE,,relatedPublication_s,relatedData_s,False,False,hal-03230741,hal_id,,,,,,,,,,,
hal-04128090,https://hal.science/hal-04128090v1,Morph-xR2RML: MongoDB-to-RDF translation,SOFTWARE,,relatedPublication_s,relatedData_s,False,False,hal-03282619,hal_id,,,,,,,,,,,
hal-04128090,https://hal.science/hal-04128090v1,Morph-xR2RML: MongoDB-to-RDF translation,SOFTWARE,,relatedPublication_s,relatedData_s,False,False,hal-03404580,hal_id,,,,,,,,,,,
hal-04128090,https://hal.science/hal-04128090v1,Morph-xR2RML: MongoDB-to-RDF translation,SOFTWARE,,relatedPublication_s,relatedData_s,False,False,hal-03619869,hal_id,,,,,,,,,,,
hal-04128090,https://hal.science/hal-04128090v1,Morph-xR2RML: MongoDB-to-RDF translation,SOFTWARE,,relatedPublication_s,relatedData_s,False,False,hal-03657694,hal_id,,,,,,,,,,,
hal-04128090,https://hal.science/hal-04128090v1,Morph-xR2RML: MongoDB-to-RDF translation,SOFTWARE,,relatedPublication_s,relatedData_s,False,False,hal-03762964,hal_id,,,,,,,,,,,
hal-04128090,https://hal.science/hal-04128090v1,Morph-xR2RML: MongoDB-to-RDF translation,SOFTWARE,,relatedPublication_s,relatedData_s,False,False,hal-03807744,hal_id,,,,,,,,,,,
hal-04128090,https://hal.science/hal-04128090v1,Morph-xR2RML: MongoDB-to-RDF translation,SOFTWARE,,relatedPublication_s,relatedData_s,False,False,hal-03812106,hal_id,,,,,,,,,,,
hal-04128090,https://hal.science/hal-04128090v1,Morph-xR2RML: MongoDB-to-RDF translation,SOFTWARE,,relatedPublication_s,relatedData_s,False,False,hal-03889968,hal_id,,,,,,,,,,,
hal-04128090,https://hal.science/hal-04128090v1,Morph-xR2RML: MongoDB-to-RDF translation,SOFTWARE,,relatedPublication_s,relatedData_s,False,False,hal-03969275,hal_id,,,,,,,,,,,
hal-04130380,https://hal.science/hal-04130380v1,Temporal Brain Networks Dataset,POSTER,,relatedData_s,relatedData_s,True,False,10.57745/PR8VUV,doi,10.57745/PR8VUV,Recherche Data Gouv,dataset_repo,Recherche Data Gouv,https://entrepot.recherche.data.gouv.fr/citation?persistentId=doi:10.57745/PR8VUV,entrepot.recherche.data.gouv.fr,10.57745,rdg.prod,Temporal Brain Networks,,
hal-04162960,https://hal.inrae.fr/hal-04162960v4,airGRdatasets: Hydro-Meteorological Catchments Datasets for the 'airGR' Packages. Manual of the R package version 0.2.3,OTHER,,relatedData_s,relatedData_s,True,False,10.57745/3SPJ4B,doi,10.57745/3SPJ4B,Recherche Data Gouv,dataset_repo,Recherche Data Gouv,https://entrepot.recherche.data.gouv.fr/citation?persistentId=doi:10.57745/3SPJ4B,entrepot.recherche.data.gouv.fr,10.57745,rdg.prod,airGRdatasets: Hydro-Meteorological Catchments Datasets for the 'airGR' Packages. R package version 0.2.1,,
hal-04162960,https://hal.inrae.fr/hal-04162960v4,airGRdatasets: Hydro-Meteorological Catchments Datasets for the 'airGR' Packages. Manual of the R package version 0.2.3,OTHER,,seeAlso_s,relatedData_s,False,False,https://CRAN.R-project.org/package=airGRdatasets,url,,,,,,,,,,,
hal-04169728,https://hal.inrae.fr/hal-04169728v1,A nationwide pest risk analysis in the context of the ongoing Japanese beetle invasion in Continental Europe: The case of metropolitan France,ART,10.3389/finsc.2022.1079756,relatedData_s,relatedData_s,True,False,10.57745/SXZNQF,doi,10.57745/SXZNQF,Recherche Data Gouv,dataset_repo,Recherche Data Gouv,https://entrepot.recherche.data.gouv.fr/citation?persistentId=doi:10.57745/SXZNQF,entrepot.recherche.data.gouv.fr,10.57745,rdg.prod,Host plants of Popillia japonica: a review,,
hal-04177913,https://hal.science/hal-04177913v5,"Trocq: Proof Transfer for Free, With or Without Univalence",COMM,10.1007/978-3-031-57262-3_10,relatedPublication_s,relatedData_s,False,True,10.5281/zenodo.10512873,doi,10.5281/zenodo.10512873,Zenodo,dataset_repo,Zenodo,https://zenodo.org/doi/10.5281/zenodo.10512873,zenodo.org,10.5281,cern.zenodo,coq-community/trocq: Trocq 0.1.3,,Dataset DOI found in relatedPublication_s; expected HAL field is relatedData_s.
hal-04180802,https://hal.science/hal-04180802v1,A machine learning framework for the quantification of experimental uveitis in murine OCT,ART,10.1364/BOE.489271,relatedData_s,relatedData_s,True,False,10.5523/bris.ypfrg4sz8jwi2ehjqjubbq526,doi,10.5523/bris.ypfrg4sz8jwi2ehjqjubbq526,University of Bristol data.bris,dataset_repo,University of Bristol,https://data.bris.ac.uk/data/dataset/ypfrg4sz8jwi2ehjqjubbq526/,data.bris.ac.uk,10.5523,bl.bristol,3D OCT Images of Murine Uveitis,,
hal-04180802,https://hal.science/hal-04180802v1,A machine learning framework for the quantification of experimental uveitis in murine OCT,ART,10.1364/BOE.489271,relatedPublication_s,relatedData_s,False,True,10.5281/zenodo.7969979,doi,10.5281/zenodo.7969979,Zenodo,dataset_repo,Zenodo,https://zenodo.org/record/7969979,zenodo.org,10.5281,cern.zenodo,Mellak/Toolbox-for-the-analysis-of-3D-OCT-images-of-murine-retina: v0.0.1,,Dataset DOI found in relatedPublication_s; expected HAL field is relatedData_s.
hal-04189178,https://hal.science/hal-04189178v1,An Open Database to Evaluate the Fundamental Frequency of Historical Masonry Towers through Empirical and Physics-Based Formulations,ART,10.3390/buildings13092168,relatedPublication_s,relatedData_s,False,True,10.5281/zenodo.8283641,doi,10.5281/zenodo.8283641,Zenodo,dataset_repo,Zenodo,https://zenodo.org/record/8283641,zenodo.org,10.5281,cern.zenodo,TURRIS: an open source database and Python tools to compute the fundamental frequency of historic masonry towers,,Dataset DOI found in relatedPublication_s; expected HAL field is relatedData_s.
hal-04198172,https://hal.inrae.fr/hal-04198172v1,Genome sequence and annotation of Periconia digitata a hopeful biocontrol agent of phytopathogenic oomycetes,ART,10.1038/s41597-023-02440-4,relatedData_s,relatedData_s,True,False,10.57745/GU67TE,doi,10.57745/GU67TE,Recherche Data Gouv,dataset_repo,Recherche Data Gouv,https://entrepot.recherche.data.gouv.fr/citation?persistentId=doi:10.57745/GU67TE,entrepot.recherche.data.gouv.fr,10.57745,rdg.prod,Periconia digitata Interproscan annotation,,
hal-04198172,https://hal.inrae.fr/hal-04198172v1,Genome sequence and annotation of Periconia digitata a hopeful biocontrol agent of phytopathogenic oomycetes,ART,10.1038/s41597-023-02440-4,relatedData_s,relatedData_s,True,False,10.57745/FB9OVN,doi,10.57745/FB9OVN,Recherche Data Gouv,dataset_repo,Recherche Data Gouv,https://entrepot.recherche.data.gouv.fr/citation?persistentId=doi:10.57745/FB9OVN,entrepot.recherche.data.gouv.fr,10.57745,rdg.prod,Periconia digitata genome,,
hal-04198172,https://hal.inrae.fr/hal-04198172v1,Genome sequence and annotation of Periconia digitata a hopeful biocontrol agent of phytopathogenic oomycetes,ART,10.1038/s41597-023-02440-4,relatedData_s,relatedData_s,True,False,10.57745/BAPYY5,doi,10.57745/BAPYY5,Recherche Data Gouv,dataset_repo,Recherche Data Gouv,https://entrepot.recherche.data.gouv.fr/citation?persistentId=doi:10.57745/BAPYY5,entrepot.recherche.data.gouv.fr,10.57745,rdg.prod,Periconia digitata structural annotation,,
hal-04198172,https://hal.inrae.fr/hal-04198172v1,Genome sequence and annotation of Periconia digitata a hopeful biocontrol agent of phytopathogenic oomycetes,ART,10.1038/s41597-023-02440-4,relatedData_s,relatedData_s,True,False,10.57745/TV4EB7,doi,10.57745/TV4EB7,Recherche Data Gouv,dataset_repo,Recherche Data Gouv,https://entrepot.recherche.data.gouv.fr/citation?persistentId=doi:10.57745/TV4EB7,entrepot.recherche.data.gouv.fr,10.57745,rdg.prod,Periconia digitata protein fasta file,,
hal-04198172,https://hal.inrae.fr/hal-04198172v1,Genome sequence and annotation of Periconia digitata a hopeful biocontrol agent of phytopathogenic oomycetes,ART,10.1038/s41597-023-02440-4,relatedData_s,relatedData_s,True,False,10.57745/71DS6F,doi,10.57745/71DS6F,Recherche Data Gouv,dataset_repo,Recherche Data Gouv,https://entrepot.recherche.data.gouv.fr/citation?persistentId=doi:10.57745/71DS6F,entrepot.recherche.data.gouv.fr,10.57745,rdg.prod,Periconia digitata CDS fasta file,,
hal-04198172,https://hal.inrae.fr/hal-04198172v1,Genome sequence and annotation of Periconia digitata a hopeful biocontrol agent of phytopathogenic oomycetes,ART,10.1038/s41597-023-02440-4,relatedData_s,relatedData_s,True,False,10.57745/5ODV0C,doi,10.57745/5ODV0C,Recherche Data Gouv,dataset_repo,Recherche Data Gouv,https://entrepot.recherche.data.gouv.fr/citation?persistentId=doi:10.57745/5ODV0C,entrepot.recherche.data.gouv.fr,10.57745,rdg.prod,Periconia digitata gene fasta file,,
hal-04198172,https://hal.inrae.fr/hal-04198172v1,Genome sequence and annotation of Periconia digitata a hopeful biocontrol agent of phytopathogenic oomycetes,ART,10.1038/s41597-023-02440-4,relatedData_s,relatedData_s,True,False,10.57745/FHNYJU,doi,10.57745/FHNYJU,Recherche Data Gouv,dataset_repo,Recherche Data Gouv,https://entrepot.recherche.data.gouv.fr/citation?persistentId=doi:10.57745/FHNYJU,entrepot.recherche.data.gouv.fr,10.57745,rdg.prod,Periconia digitata proteins identified by mass spectrometry,,
hal-04205666,https://hal.science/hal-04205666v1,NINSAR: New itineraries for agroecology using cooperative robots,POSTER,,relatedPublication_s,relatedData_s,False,True,10.5281/zenodo.7620940,doi,10.5281/zenodo.7620940,Zenodo,dataset_repo,Zenodo,https://zenodo.org/record/7620940,zenodo.org,10.5281,cern.zenodo,New Itineraries for Agroecology Using Cooperative Robots,,Dataset DOI found in relatedPublication_s; expected HAL field is relatedData_s.
hal-04208050,https://hal.inrae.fr/hal-04208050v1,airGRteaching: an open-source tool for teaching hydrological modeling with R,ART,10.5194/hess-27-3293-2023,relatedData_s,relatedData_s,True,False,10.32614/CRAN.package.airGRdatasets,doi,10.32614/CRAN.package.airGRdatasets,DOI prefix 10.32614,unresolved,,,,,,,not_found,
hal-04208050,https://hal.inrae.fr/hal-04208050v1,airGRteaching: an open-source tool for teaching hydrological modeling with R,ART,10.5194/hess-27-3293-2023,relatedData_s,relatedData_s,True,False,10.32614/CRAN.package.airGRteaching,doi,10.32614/CRAN.package.airGRteaching,DOI prefix 10.32614,unresolved,,,,,,,not_found,
hal-04214908,https://hal.inrae.fr/hal-04214908v1,On the visual detection of non-natural records in streamflow time series: challenges and impacts,ART,10.5194/hess-27-3375-2023,relatedData_s,relatedData_s,True,False,10.57745/SO2WOV,doi,10.57745/SO2WOV,Recherche Data Gouv,dataset_repo,Recherche Data Gouv,https://entrepot.recherche.data.gouv.fr/citation?persistentId=doi:10.57745/SO2WOV,entrepot.recherche.data.gouv.fr,10.57745,rdg.prod,Result of a visual detection of non-natural records in streamflow time series for the Explore2 project,,
hal-04224362,https://hal.science/hal-04224362v1,Invariants of genus 4 curves,ART,10.1016/j.jalgebra.2024.07.016,relatedPublication_s,relatedData_s,False,False,10.48550/arXiv.2411.07857,doi,10.48550/arXiv.2411.07857,arXiv,publication_landing,arXiv,https://arxiv.org/abs/2411.07857,arxiv.org,10.48550,arxiv.content,The constructive inverse Galois problem via Hilbert modular forms: realizing the transitive group 17T7,,
hal-04224362,https://hal.science/hal-04224362v1,Invariants of genus 4 curves,ART,10.1016/j.jalgebra.2024.07.016,relatedPublication_s,relatedData_s,False,False,10.48550/arXiv.2403.17490,doi,10.48550/arXiv.2403.17490,arXiv,publication_landing,arXiv,https://arxiv.org/abs/2403.17490,arxiv.org,10.48550,arxiv.content,Reconstruction of hypersurfaces from their invariants,,
hal-04224362,https://hal.science/hal-04224362v1,Invariants of genus 4 curves,ART,10.1016/j.jalgebra.2024.07.016,relatedPublication_s,relatedData_s,False,False,10.48550/arXiv.2402.03160v2,doi,10.48550/arXiv.2402.03160v2,arXiv,publication_landing,,,,,,,not_found,
hal-04224362,https://hal.science/hal-04224362v1,Invariants of genus 4 curves,ART,10.1016/j.jalgebra.2024.07.016,relatedPublication_s,relatedData_s,False,False,10.48550/arXiv.2402.03160,doi,10.48550/arXiv.2402.03160,arXiv,publication_landing,arXiv,https://arxiv.org/abs/2402.03160,arxiv.org,10.48550,arxiv.content,Equations of genus $4$ curves from their theta constants,,
hal-04235191,https://hal.science/hal-04235191v1,Trust in disaster resilience,ART,10.1108/DPM-04-2022-0082,relatedPublication_s,relatedData_s,False,False,10.3917/rfas.232.0189,doi,10.3917/rfas.232.0189,Journal DOI (10.3917),publication_landing,,,,,,,not_found,
hal-04251300,https://hal.science/hal-04251300v1,Electrostatic modulation of excitonic fluid in GaN/AlGaN quantum wells by deposition of few-layer graphene and nickel/gold films,ART,10.1103/PhysRevB.108.125421,relatedData_s,relatedData_s,True,False,10.57745/AGKMF0,doi,10.57745/AGKMF0,Recherche Data Gouv,dataset_repo,Recherche Data Gouv,https://entrepot.recherche.data.gouv.fr/citation?persistentId=doi:10.57745/AGKMF0,entrepot.recherche.data.gouv.fr,10.57745,rdg.prod,"Data associated with the paper ""Electrostatic modulation of excitonic fluid in GaN/AlGaN quantum wells by deposition of few-layer graphene and nickel/gold films""",,
hal-04258700,https://hal.science/hal-04258700v1,The XXL Survey LV. Pressure profile and $Y_{\rm SZ}$-$M$ scaling relation in three low-mass galaxy clusters at $z\sim1$ observed with NIKA2,ART,10.1051/0004-6361/202348049,relatedPublication_s,relatedData_s,False,True,10.26093/cds/vizier,doi,10.26093/cds/vizier,CDS,dataset_repo,"CDS, Centre de Données astronomiques de Strasbourg",https://vizier.cds.unistra.fr,vizier.cds.unistra.fr,10.26093,inist.cds,The VizieR database of astronomical catalogues,,Dataset DOI found in relatedPublication_s; expected HAL field is relatedData_s.
hal-04289970,https://hal.science/hal-04289970v1,Combining different points of view on plant descriptions: mapping agricultural plant roles and biological taxa,ART,10.3389/frai.2023.1188036,relatedPublication_s,relatedData_s,False,True,10.57745/LVRFWJ,doi,10.57745/LVRFWJ,Recherche Data Gouv,dataset_repo,Recherche Data Gouv,https://entrepot.recherche.data.gouv.fr/citation?persistentId=doi:10.57745/LVRFWJ,entrepot.recherche.data.gouv.fr,10.57745,rdg.prod,Alignment of French Crop Usage Thesaurus and French National Taxonomic Repository TAXREF-LD,,Dataset DOI found in relatedPublication_s; expected HAL field is relatedData_s.
hal-04322179,https://inria.hal.science/hal-04322179v1,Estimating Compositions and Nutritional Values of Seed Mixes Based on Vision Transformers,ART,10.34133/plantphenomics.0112,relatedData_s,relatedData_s,True,False,10.5281/zenodo.8169473,doi,10.5281/zenodo.8169473,Zenodo,dataset_repo,Zenodo,https://zenodo.org/record/8169473,zenodo.org,10.5281,cern.zenodo,Estimating Compositions and Nutritional Values of Seed Mixes based on Vision Transformers,,
hal-04328624,https://hal.science/hal-04328624v1,Channel change during catastrophic flood: Example of Storm Alex in the Vésubie and Roya valleys,ART,10.1016/j.geomorph.2023.109008,relatedData_s,relatedData_s,True,False,10.48579/PRO/YBFNYZ,doi,10.48579/PRO/YBFNYZ,data.InDoRES,dataset_repo,data.InDoRES,https://data.indores.fr:443/citation?persistentId=doi:10.48579/PRO/YBFNYZ,data.indores.fr:443,10.48579,jbru.bbees,"Evolution des limites de la bande fluviale de la Roya de la source (Tende, France) à l'embouchure (Ventimiglia, Italie) entre 1945 et 2020",,
hal-04337163,https://hal.science/hal-04337163v1,Sea surface temperature reconstruction in the Pacific Ocean using multi-elemental proxy in Porites and Diploastrea corals: Application to Palau Archipelago,ART,10.1016/j.chemgeo.2023.121884,relatedPublication_s,relatedData_s,False,True,10.5281/zenodo.3777760,doi,10.5281/zenodo.3777760,Zenodo,dataset_repo,Zenodo,https://zenodo.org/record/3777760,zenodo.org,10.5281,cern.zenodo,Tara Pacific Expedition Participants,,Dataset DOI found in relatedPublication_s; expected HAL field is relatedData_s.
hal-04361293,https://hal.science/hal-04361293v1,Simbi : base de données hydro-climatiques historiques et signatures de 24 bassins versants haïtiens,COMM,,relatedData_s,relatedData_s,True,False,10.23708/02POK6,doi,10.23708/02POK6,DataSuds,dataset_repo,DataSuds,https://dataverse.ird.fr/citation?persistentId=doi:10.23708/02POK6,dataverse.ird.fr,10.23708,inist.ird,"Simbi database: historical hydro-meteorological time series and catchment attributes in Haiti, 1905-2005",,
hal-04384216,https://hal.science/hal-04384216v2,AMINE (A network embedding approach to identify active modules in biological interaction networks),SOFTWARE,,relatedPublication_s,relatedData_s,False,False,10.26508/lsa.202201550,doi,10.26508/lsa.202201550,DOI prefix 10.26508,unresolved,,,,,,,not_found,
hal-04384216,https://hal.science/hal-04384216v2,AMINE (A network embedding approach to identify active modules in biological interaction networks),SOFTWARE,,relatedPublication_s,relatedData_s,False,False,hal-04135439v1,hal_id,,,,,,,,,,,
hal-04389908,https://hal.science/hal-04389908v1,AADAGE (Automorphism Aware Directed Attributed Graph Explorer),SOFTWARE,,relatedPublication_s,relatedData_s,False,False,hal-01311684,hal_id,,,,,,,,,,,
hal-04389908,https://hal.science/hal-04389908v1,AADAGE (Automorphism Aware Directed Attributed Graph Explorer),SOFTWARE,,relatedPublication_s,relatedData_s,False,False,10.1007/s10115-016-0953-9,doi,10.1007/s10115-016-0953-9,Journal DOI (10.1007),publication_landing,,,,,,,not_found,
hal-04391146,https://hal.science/hal-04391146v1,Atypical Hemispheric Re-Organization of the Reading Network in High-Functioning Adults with Dyslexia: Evidence from Representational Similarity Analysis,ART,10.1162/imag_a_00070,relatedData_s,relatedData_s,True,False,10.18112/openneuro.ds004786.v1.0.1,doi,10.18112/openneuro.ds004786.v1.0.1,OpenNeuro,dataset_repo,OpenNeuro,https://openneuro.org/datasets/ds004786/versions/1.0.1,openneuro.org,10.18112,sul.openneuro,MorphoSem,,
hal-04402753,https://hal.science/hal-04402753v1,MIRAI (Prediction of miRNA-disease associations with a vector space model),SOFTWARE,,relatedPublication_s,relatedData_s,False,False,hal-01324962,hal_id,,,,,,,,,,,
hal-04402753,https://hal.science/hal-04402753v1,MIRAI (Prediction of miRNA-disease associations with a vector space model),SOFTWARE,,relatedPublication_s,relatedData_s,False,False,10.1038/srep27036,doi,10.1038/srep27036,Journal DOI (10.1038),publication_landing,,,,,,,not_found,
hal-04402753,https://hal.science/hal-04402753v1,MIRAI (Prediction of miRNA-disease associations with a vector space model),SOFTWARE,,relatedPublication_s,relatedData_s,False,False,10.48550/arXiv.1606.00309,doi,10.48550/arXiv.1606.00309,arXiv,publication_landing,arXiv,https://arxiv.org/abs/1606.00309,arxiv.org,10.48550,arxiv.content,Prediction of miRNA-disease associations with a vector space model,,
hal-04412872,https://hal.inrae.fr/hal-04412872v15,airGRteaching: Teaching Hydrological Modelling with the GR Rainfall-Runoff Models ('Shiny' Interface Included). R package version 0.3.3,SOFTWARE,,relatedPublication_s,relatedData_s,False,False,10.5194/hess-27-3293-2023,doi,10.5194/hess-27-3293-2023,DOI prefix 10.5194,unresolved,,,,,,,not_found,
hal-04412872,https://hal.inrae.fr/hal-04412872v15,airGRteaching: Teaching Hydrological Modelling with the GR Rainfall-Runoff Models ('Shiny' Interface Included). R package version 0.3.3,SOFTWARE,,relatedPublication_s,relatedData_s,False,False,hal-04162971,hal_id,,,,,,,,,,,
hal-04412872,https://hal.inrae.fr/hal-04412872v15,airGRteaching: Teaching Hydrological Modelling with the GR Rainfall-Runoff Models ('Shiny' Interface Included). R package version 0.3.3,SOFTWARE,,seeAlso_s,relatedData_s,False,False,https://CRAN.R-project.org/package=airGRteaching,url,,,,,,,,,,,
hal-04429351,https://inria.hal.science/hal-04429351v2,"Exploring, walking, and interacting in virtual reality with simulated low vision: a living contextual dataset",ART,,relatedData_s,relatedData_s,True,False,10.5281/zenodo.8269108,doi,10.5281/zenodo.8269108,Zenodo,dataset_repo,Zenodo,https://zenodo.org/doi/10.5281/zenodo.8269108,zenodo.org,10.5281,cern.zenodo,CREATTIVE3D multimodal dataset of user behavior in virtual reality,,
hal-04436131,https://hal.science/hal-04436131v1,Sedimentary Records in the Lesser Antilles Fore‐Arc Basins Provide Evidence of Large Late Quaternary Megathrust Earthquakes,ART,10.1029/2023GC011152,relatedData_s,relatedData_s,True,False,10.17882/97033,doi,10.17882/97033,SEANOE,dataset_repo,SEANOE,https://www.seanoe.org/data/00858/97033/,seanoe.org,10.17882,euvi.seanoe,Sedimentary core CAS16-01PC dataset from CASEIS Cruise,,
hal-04436131,https://hal.science/hal-04436131v1,Sedimentary Records in the Lesser Antilles Fore‐Arc Basins Provide Evidence of Large Late Quaternary Megathrust Earthquakes,ART,10.1029/2023GC011152,relatedData_s,relatedData_s,True,False,10.17882/97660,doi,10.17882/97660,SEANOE,dataset_repo,SEANOE,https://www.seanoe.org/data/00865/97660/,seanoe.org,10.17882,euvi.seanoe,Sedimentary cores CAS16-03PC and CAS16-14PC dataset from CASEIS Cruise,,
hal-04436131,https://hal.science/hal-04436131v1,Sedimentary Records in the Lesser Antilles Fore‐Arc Basins Provide Evidence of Large Late Quaternary Megathrust Earthquakes,ART,10.1029/2023GC011152,relatedData_s,relatedData_s,True,False,10.17882/97656,doi,10.17882/97656,SEANOE,dataset_repo,SEANOE,https://www.seanoe.org/data/00865/97656/,seanoe.org,10.17882,euvi.seanoe,Sedimentary core CAS16-04PC dataset from CASEIS Cruise,,
hal-04436131,https://hal.science/hal-04436131v1,Sedimentary Records in the Lesser Antilles Fore‐Arc Basins Provide Evidence of Large Late Quaternary Megathrust Earthquakes,ART,10.1029/2023GC011152,relatedData_s,relatedData_s,True,False,10.17882/97657,doi,10.17882/97657,SEANOE,dataset_repo,SEANOE,https://www.seanoe.org/data/00865/97657/,seanoe.org,10.17882,euvi.seanoe,Sedimentary core CAS16-06PC dataset from CASEIS Cruise,,
hal-04436131,https://hal.science/hal-04436131v1,Sedimentary Records in the Lesser Antilles Fore‐Arc Basins Provide Evidence of Large Late Quaternary Megathrust Earthquakes,ART,10.1029/2023GC011152,relatedData_s,relatedData_s,True,False,10.17882/97658,doi,10.17882/97658,SEANOE,dataset_repo,SEANOE,https://www.seanoe.org/data/00865/97658/,seanoe.org,10.17882,euvi.seanoe,Sedimentary core CAS16-07PC dataset from CASEIS Cruise,,
hal-04436131,https://hal.science/hal-04436131v1,Sedimentary Records in the Lesser Antilles Fore‐Arc Basins Provide Evidence of Large Late Quaternary Megathrust Earthquakes,ART,10.1029/2023GC011152,relatedData_s,relatedData_s,True,False,10.17882/97662,doi,10.17882/97662,SEANOE,dataset_repo,SEANOE,https://www.seanoe.org/data/00865/97662/,seanoe.org,10.17882,euvi.seanoe,Sedimentary core CAS16-31PC dataset from CASEIS Cruise,,
hal-04436131,https://hal.science/hal-04436131v1,Sedimentary Records in the Lesser Antilles Fore‐Arc Basins Provide Evidence of Large Late Quaternary Megathrust Earthquakes,ART,10.1029/2023GC011152,relatedPublication_s,relatedData_s,False,True,10.17600/16001800,doi,10.17600/16001800,Sismer,dataset_repo,Sismer,https://campagnes.flotteoceanographique.fr/campagnes/16001800/,campagnes.flotteoceanographique.fr,10.17600,inist.ifremer,"CASEIS cruise,Pourquoi pas ? R/V",,Dataset DOI found in relatedPublication_s; expected HAL field is relatedData_s.
hal-04453220,https://hal.science/hal-04453220v1,SENSAAS,SOFTWARE,,relatedPublication_s,relatedData_s,False,False,10.1002/minf.202000081,doi,10.1002/minf.202000081,Journal DOI (10.1002),publication_landing,,,,,,,not_found,
hal-04453220,https://hal.science/hal-04453220v1,SENSAAS,SOFTWARE,,relatedPublication_s,relatedData_s,False,False,hal-02879260,hal_id,,,,,,,,,,,
hal-04462176,https://hal.science/hal-04462176v1,Locus-level L1 DNA methylation profiling reveals the epigenetic and transcriptional interplay between L1s and their integration sites,ART,10.1016/j.xgen.2024.100498,relatedData_s,relatedData_s,True,False,10.5281/zenodo.7097318,doi,10.5281/zenodo.7097318,Zenodo,dataset_repo,Zenodo,https://zenodo.org/record/7097318,zenodo.org,10.5281,cern.zenodo,Single-molecule DNA methylation patterns of full-length human-specific LINE-1 (L1HS) retrotransposons in a panel of cell lines.,,
hal-04462176,https://hal.science/hal-04462176v1,Locus-level L1 DNA methylation profiling reveals the epigenetic and transcriptional interplay between L1s and their integration sites,ART,10.1016/j.xgen.2024.100498,relatedData_s,relatedData_s,True,False,10.5281/zenodo.7097319,doi,10.5281/zenodo.7097319,Zenodo,dataset_repo,Zenodo,https://zenodo.org/record/7097319,zenodo.org,10.5281,cern.zenodo,Single-molecule DNA methylation patterns of full-length human-specific LINE-1 (L1HS) retrotransposons in a panel of cell lines.,,
hal-04478565,https://hal.science/hal-04478565v1,Geospatial identification of stakeholders to support dynamic ocean management in transboundary areas,ART,10.1016/j.marpol.2024.106035,relatedData_s,relatedData_s,True,False,10.5281/zenodo.10623986,doi,10.5281/zenodo.10623986,Zenodo,dataset_repo,Zenodo,https://zenodo.org/doi/10.5281/zenodo.10623986,zenodo.org,10.5281,cern.zenodo,Geospatial identification of stakeholders to support dynamic ocean management in transboundary areas - Stakeholder database,,
hal-04478565,https://hal.science/hal-04478565v1,Geospatial identification of stakeholders to support dynamic ocean management in transboundary areas,ART,10.1016/j.marpol.2024.106035,relatedPublication_s,relatedData_s,False,True,10.5281/zenodo.10624748,doi,10.5281/zenodo.10624748,Zenodo,dataset_repo,Zenodo,https://zenodo.org/doi/10.5281/zenodo.10624748,zenodo.org,10.5281,cern.zenodo,fedefabbri/DOM_WestMed: DOM_WestMED 1.0,,Dataset DOI found in relatedPublication_s; expected HAL field is relatedData_s.
hal-04495022,https://hal.science/hal-04495022v1,A Unified approach to publish semantic annotations of agricultural documents as knowledge graphs,ART,10.1016/j.atech.2024.100484,relatedData_s,relatedData_s,True,False,10.57745/TAQQFZ,doi,10.57745/TAQQFZ,Recherche Data Gouv,dataset_repo,Recherche Data Gouv,https://entrepot.recherche.data.gouv.fr/citation?persistentId=doi:10.57745/TAQQFZ,entrepot.recherche.data.gouv.fr,10.57745,rdg.prod,Wheat Trait and Phenotype Ontology OWL/SKOS,,
hal-04501285,https://hal.science/hal-04501285v1,Supplementary material: The ultimate frontier: An optimality construction for homotopy inference,UNDEFINED,,relatedData_s,relatedData_s,True,False,hal-04579406,hal_id,,,,,,,,,,,
hal-04520829,https://hal.science/hal-04520829v1,Lire et faire lire un texte littéraire au secondaire : quelle progression entre les niveaux 7 et 10 de la scolarité ?,ART,10.4000/reperes.3169,relatedPublication_s,relatedData_s,False,False,10.4000/reperes.3169,doi,10.4000/reperes.3169,Journal DOI (10.4000),publication_landing,,,,,,,not_found,
hal-04538386,https://hal.science/hal-04538386v1,Campagne océanographique AMARYLLIS - AMAGAS,BLOG,,relatedPublication_s,relatedData_s,False,True,10.17600/18003361,doi,10.17600/18003361,Sismer,dataset_repo,Sismer,https://campagnes.flotteoceanographique.fr/campagnes/18003361/,campagnes.flotteoceanographique.fr,10.17600,inist.ifremer,"VT 181 / AMARYLLIS-AMAGAS I cruise,Marion Dufresne R/V",,Dataset DOI found in relatedPublication_s; expected HAL field is relatedData_s.
hal-04564899,https://hal.science/hal-04564899v1,Simbi: historical hydro-meteorological time series and signatures for 24 catchments in Haiti,ART,10.5194/essd-16-2073-2024,relatedData_s,relatedData_s,True,False,10.23708/02POK6,doi,10.23708/02POK6,DataSuds,dataset_repo,DataSuds,https://dataverse.ird.fr/citation?persistentId=doi:10.23708/02POK6,dataverse.ird.fr,10.23708,inist.ird,"Simbi database: historical hydro-meteorological time series and catchment attributes in Haiti, 1905-2005",,
hal-04581266,https://hal.inrae.fr/hal-04581266v1,Mapping global orchid assemblages with deep learning provides novel conservation insights,ART,10.1016/j.ecoinf.2024.102627,relatedPublication_s,relatedData_s,False,True,10.6084/m9.figshare.22803431,doi,10.6084/m9.figshare.22803431,Figshare,dataset_repo,figshare,https://figshare.com/articles/journal_contribution/Mapping_global_orchid_assemblages_with_deep_learning_provides_novel_conservation_insights/22803431,figshare.com,10.6084,figshare.ars,Mapping global orchid assemblages with deep learning provides novel conservation insights,,Dataset DOI found in relatedPublication_s; expected HAL field is relatedData_s.
hal-04594231,https://hal.science/hal-04594231v1,STIVi: Turning Perspective Sketching Videos into Interactive Tutorials,COMM,10.1145/3670947.3670969,relatedPublication_s,relatedData_s,False,True,10.17605/OSF.IO/F2T65,doi,10.17605/OSF.IO/F2T65,OSF,dataset_repo,OSF,https://osf.io/f2t65/,osf.io,10.17605,cos.osf,STIVi: Turning Perspective Sketching Videos into Interactive Tutorials,,Dataset DOI found in relatedPublication_s; expected HAL field is relatedData_s.
hal-04601576,https://hal.science/hal-04601576v1,Design and cross-layer optimization of low cost RIS-assisted communication systems,ART,10.1109/TWC.2024.3404231,relatedPublication_s,relatedData_s,False,False,10.1109/TWC.2024.3404231,doi,10.1109/TWC.2024.3404231,Journal DOI (10.1109),publication_landing,,,,,,,not_found,
hal-04642776,https://hal.science/hal-04642776v2,Constructive characterisations of the must-preorder for asynchrony,COMM,10.4230/LIPIcs,relatedPublication_s,relatedData_s,False,True,10.5281/zenodo.14735088,doi,10.5281/zenodo.14735088,Zenodo,dataset_repo,Zenodo,https://zenodo.org/doi/10.5281/zenodo.14735088,zenodo.org,10.5281,cern.zenodo,Formal proofs for Constructive characterisations of the MUST-preorder for asynchrony,,Dataset DOI found in relatedPublication_s; expected HAL field is relatedData_s.
hal-04642776,https://hal.science/hal-04642776v2,Constructive characterisations of the must-preorder for asynchrony,COMM,10.4230/LIPIcs,seeAlso_s,relatedData_s,False,False,https://zenodo.org/records/14617145?preview=1,url,,,,,,,,,,,
hal-04660038,https://hal.science/hal-04660038v1,Effect of the 1-h bundle on mortality in patients with suspected sepsis in the emergency department: a stepped wedge cluster randomized clinical trial,ART,10.1007/s00134-024-07509-1,relatedPublication_s,relatedData_s,False,False,10.1007/s00134-024-07600-7,doi,10.1007/s00134-024-07600-7,Journal DOI (10.1007),publication_landing,,,,,,,not_found,
hal-04685149,https://hal.campus-aar.fr/hal-04685149v1,"Penser la décolonisation et ses enjeux en Océanie, entretien avec Marie Salaün (Université Paris Cité)",VIDEO,,relatedData_s,relatedData_s,True,False,hal-04685149,hal_id,,,,,,,,,,,
hal-04689830,https://hal.science/hal-04689830v1,Binary progenitor systems for Type Ic supernovae,ART,10.1038/s41467-024-51863-z,relatedPublication_s,relatedData_s,False,True,10.5281/zenodo.13152457,doi,10.5281/zenodo.13152457,Zenodo,dataset_repo,Zenodo,https://zenodo.org/doi/10.5281/zenodo.13152457,zenodo.org,10.5281,cern.zenodo,Binary progenitor systems for Type Ic supernovae Supplementary Data,,Dataset DOI found in relatedPublication_s; expected HAL field is relatedData_s.
hal-04694490,https://hal.science/hal-04694490v1,Unraveling genetic load dynamics during biological invasion: insights from two invasive insect species,UNDEFINED,10.1101/2024.09.02.610743,relatedData_s,relatedData_s,True,False,10.57745/ESQFDB,doi,10.57745/ESQFDB,Recherche Data Gouv,dataset_repo,Recherche Data Gouv,https://entrepot.recherche.data.gouv.fr/citation?persistentId=doi:10.57745/ESQFDB,entrepot.recherche.data.gouv.fr,10.57745,rdg.prod,Scripts used for data analyzing in the manuscript: “Unraveling genetic load dynamics during biological invasion: insights from two invasive insect species”,,
hal-04717945,https://hal.science/hal-04717945v1,Seismological evidence for a multifault network at the subduction interface,ART,10.1038/s41586-024-07245-y,relatedData_s,relatedData_s,True,False,10.35097/1921,doi,10.35097/1921,RADAR KIT,dataset_repo,Karlsruhe Institute of Technology,https://radar.kit.edu/radar/en/dataset/KzhOAFsNNOzovfFM,radar.kit.edu,10.35097,tib.kit4radar,Seismological evidence for a multifault network at the subduction interface,,
hal-04723249,https://hal.science/hal-04723249v1,SCO BIOEOS. Apport de la fusion hyperspectrale multi-resolution pour caractériser les fonds coralliens,POSTER,10.13155/106081,relatedPublication_s,relatedData_s,False,False,10.13155/106081,doi,10.13155/106081,Archimer (Ifremer publications),publication_landing,Ifremer,https://archimer.ifremer.fr/doc/00949/106081/,archimer.ifremer.fr,10.13155,inist.ifremer,SCO BIOEOS. Apport de la fusion hyperspectrale multi-resolution pour caractériser les fonds coralliens,,
hal-04723249,https://hal.science/hal-04723249v1,SCO BIOEOS. Apport de la fusion hyperspectrale multi-resolution pour caractériser les fonds coralliens,POSTER,10.13155/106081,seeAlso_s,relatedData_s,False,False,https://archimer.ifremer.fr/doc/00949/106081/,url,,,,,,,,,,,
hal-04742000,https://hal.science/hal-04742000v1,CARDAMOM: Cell type Analysis from scRna-seq Data Achieved from a Mixture MOdel,SOFTWARE,,relatedPublication_s,relatedData_s,False,False,10.1371/journal.pcbi.1010962,doi,10.1371/journal.pcbi.1010962,Journal DOI (10.1371),publication_landing,,,,,,,not_found,
hal-04749511,https://inria.hal.science/hal-04749511v1,Multi-layered Model for Performance Evaluation of oneM2M-based IoT Solution,COMM,10.1007/978-3-031-81900-1_5,relatedPublication_s,relatedData_s,False,False,10.1007/978-3-031-81900-1_5,doi,10.1007/978-3-031-81900-1_5,Journal DOI (10.1007),publication_landing,,,,,,,not_found,
hal-04763539,https://hal.science/hal-04763539v1,Gaio Mario fra Plutarco e la ricerca storiografica moderna. Rassegna bibliografica ragionata (1970-2022),ART,10.19272/202404601002,relatedPublication_s,relatedData_s,False,False,10.19272/202404601002,doi,10.19272/202404601002,DOI prefix 10.19272,unresolved,,,,,,,not_found,
hal-04766885,https://hal.science/hal-04766885v1,Reconstitution of ORP-mediated lipid exchange coupled to PI4P metabolism,ART,10.1073/pnas.2315493121,relatedPublication_s,relatedData_s,False,True,10.6084/m9.figshare.25027946.v1,doi,10.6084/m9.figshare.25027946.v1,Figshare,dataset_repo,figshare,https://figshare.com/articles/software/Reconstitution_of_ORP-mediated_lipid_exchange_coupled_to_PI4P_metabolism_/25027946/1,figshare.com,10.6084,figshare.ars,"Reconstitution of ORP-mediated lipid exchange coupled to PI4P metabolism.""",,Dataset DOI found in relatedPublication_s; expected HAL field is relatedData_s.
hal-04770138,https://inria.hal.science/hal-04770138v1,On b-greedy colourings and z-colourings,ART,10.1016/j.dam.2024.08.001,relatedPublication_s,relatedData_s,False,False,10.1016/j.dam.2024.08.001,doi,10.1016/j.dam.2024.08.001,Journal DOI (10.1016),publication_landing,,,,,,,not_found,
hal-04770544,https://hal.science/hal-04770544v1,"Large seafloor rupture caused by the 1956 Amorgos tsunamigenic earthquake, Greece",ART,10.1038/s43247-024-01839-0,relatedData_s,relatedData_s,True,False,10.17882/90284,doi,10.17882/90284,SEANOE,dataset_repo,SEANOE,https://www.seanoe.org/data/00791/90284/,seanoe.org,10.17882,euvi.seanoe,AMORGOS-23 ME70 bathymetry and back-scatter data,,
hal-04770544,https://hal.science/hal-04770544v1,"Large seafloor rupture caused by the 1956 Amorgos tsunamigenic earthquake, Greece",ART,10.1038/s43247-024-01839-0,relatedData_s,relatedData_s,True,False,10.17882/99228,doi,10.17882/99228,SEANOE,dataset_repo,SEANOE,https://www.seanoe.org/data/00880/99228/,seanoe.org,10.17882,euvi.seanoe,"3D textured Digital Outcrop Models along the Amorgos Fault scarp (Aegean Sea, Greece) - Dive 244-01 - AMORGOS-23 cruise",,
hal-04770544,https://hal.science/hal-04770544v1,"Large seafloor rupture caused by the 1956 Amorgos tsunamigenic earthquake, Greece",ART,10.1038/s43247-024-01839-0,relatedData_s,relatedData_s,True,False,10.17882/99212,doi,10.17882/99212,SEANOE,dataset_repo,SEANOE,https://www.seanoe.org/data/00880/99212/,seanoe.org,10.17882,euvi.seanoe,Near-bottom bathymetry and back-scatter data acquired with AUV IDEFX during the AMORGOS-22 cruise,,
hal-04776451,https://hal.science/hal-04776451v1,Mode-locked waveguide polariton laser,ART,10.1364/OPTICA.524753,relatedData_s,relatedData_s,True,False,10.57745/IAU0UK,doi,10.57745/IAU0UK,Recherche Data Gouv,dataset_repo,Recherche Data Gouv,https://entrepot.recherche.data.gouv.fr/citation?persistentId=doi:10.57745/IAU0UK,entrepot.recherche.data.gouv.fr,10.57745,rdg.prod,"Data associated with the article ""Mode-locked waveguide polariton laser""",,
hal-04790476,https://hal.science/hal-04790476v1,CAMELS-FR dataset: A large-sample hydroclimatic dataset for France to explore hydrological diversity and support model benchmarking,UNDEFINED,10.5194/essd-2024-415,relatedData_s,relatedData_s,True,False,10.57745/WH7FJR,doi,10.57745/WH7FJR,Recherche Data Gouv,dataset_repo,Recherche Data Gouv,https://entrepot.recherche.data.gouv.fr/citation?persistentId=doi:10.57745/WH7FJR,entrepot.recherche.data.gouv.fr,10.57745,rdg.prod,CAMELS-FR dataset,,
hal-04790476,https://hal.science/hal-04790476v1,CAMELS-FR dataset: A large-sample hydroclimatic dataset for France to explore hydrological diversity and support model benchmarking,UNDEFINED,10.5194/essd-2024-415,relatedData_s,relatedData_s,True,False,10.57745/HBQWP5,doi,10.57745/HBQWP5,Recherche Data Gouv,dataset_repo,Recherche Data Gouv,https://entrepot.recherche.data.gouv.fr/citation?persistentId=doi:10.57745/HBQWP5,entrepot.recherche.data.gouv.fr,10.57745,rdg.prod,CAMELS-FR time series dynamic graphs,,
hal-04790476,https://hal.science/hal-04790476v1,CAMELS-FR dataset: A large-sample hydroclimatic dataset for France to explore hydrological diversity and support model benchmarking,UNDEFINED,10.5194/essd-2024-415,relatedData_s,relatedData_s,True,False,10.57745/KK2SVJ,doi,10.57745/KK2SVJ,Recherche Data Gouv,dataset_repo,Recherche Data Gouv,https://entrepot.recherche.data.gouv.fr/citation?persistentId=doi:10.57745/KK2SVJ,entrepot.recherche.data.gouv.fr,10.57745,rdg.prod,CAMELS-FR graphical fact sheets,,
hal-04790476,https://hal.science/hal-04790476v1,CAMELS-FR dataset: A large-sample hydroclimatic dataset for France to explore hydrological diversity and support model benchmarking,UNDEFINED,10.5194/essd-2024-415,relatedPublication_s,relatedData_s,False,False,hal-05028312,hal_id,,,,,,,,,,,
hal-04790476,https://hal.science/hal-04790476v1,CAMELS-FR dataset: A large-sample hydroclimatic dataset for France to explore hydrological diversity and support model benchmarking,UNDEFINED,10.5194/essd-2024-415,seeAlso_s,relatedData_s,False,False,https://essd.copernicus.org/preprints/essd-2024-415/,url,,,,,,,,,,,
hal-04790476,https://hal.science/hal-04790476v1,CAMELS-FR dataset: A large-sample hydroclimatic dataset for France to explore hydrological diversity and support model benchmarking,UNDEFINED,10.5194/essd-2024-415,seeAlso_s,relatedData_s,False,False,https://doi.org/10.5194/essd-17-1461-2025,doi,10.5194/essd-17-1461-2025,DOI prefix 10.5194,unresolved,,,,,,,not_found,
hal-04791315,https://hal.science/hal-04791315v1,Insights into early animal evolution from the genome of the xenacoelomorph worm Xenoturbella bocki,ART,10.7554/eLife.94948,relatedData_s,relatedData_s,True,False,10.5281/zenodo.6962270,doi,10.5281/zenodo.6962270,Zenodo,dataset_repo,Zenodo,https://zenodo.org/doi/10.5281/zenodo.6962270,zenodo.org,10.5281,cern.zenodo,Supplementary files for the Xenoturbella bocki genome analysis,,
hal-04798037,https://hal.science/hal-04798037v1,Dating the Solar System’s giant planet orbital instability using enstatite meteorites,ART,10.1126/science.adg8092,relatedData_s,relatedData_s,True,False,10.7910/DVN/KHO1ZY,doi,10.7910/DVN/KHO1ZY,Harvard Dataverse,dataset_repo,Harvard Dataverse,https://dataverse.harvard.edu/citation?persistentId=doi:10.7910/DVN/KHO1ZY,dataverse.harvard.edu,10.7910,gdcc.harvard-dv,Replication Data for: Dating Solar System's giant planet orbital instability using enstatite meteorites,,
hal-04807540,https://hal.science/hal-04807540v1,ISSA Pipeline,SOFTWARE,10.5281/zenodo.1423046,relatedData_s,relatedData_s,True,False,10.5281/zenodo.10381606,doi,10.5281/zenodo.10381606,Zenodo,dataset_repo,Zenodo,https://zenodo.org/doi/10.5281/zenodo.10381606,zenodo.org,10.5281,cern.zenodo,ISSA Agritrop Dataset,,
hal-04807540,https://hal.science/hal-04807540v1,ISSA Pipeline,SOFTWARE,10.5281/zenodo.1423046,relatedPublication_s,relatedData_s,False,False,hal-03807744,hal_id,,,,,,,,,,,
hal-04813652,https://hal.science/hal-04813652v1,Innovations en lecture et en écriture littéraires. Questions et perspectives pour la recherche en didactique du français,ART,10.4000/trema.8056,relatedPublication_s,relatedData_s,False,False,10.4000/trema.8056,doi,10.4000/trema.8056,Journal DOI (10.4000),publication_landing,,,,,,,not_found,
hal-04813652,https://hal.science/hal-04813652v1,Innovations en lecture et en écriture littéraires. Questions et perspectives pour la recherche en didactique du français,ART,10.4000/trema.8056,seeAlso_s,relatedData_s,False,False,https://doi.org/10.4000/trema.8056,doi,10.4000/trema.8056,Journal DOI (10.4000),publication_landing,,,,,,,not_found,
hal-04829691,https://hal.science/hal-04829691v1,Reconstruction of nearshore surface gravity wave heights from distributed acoustic sensing data,ART,10.1029/2024ea003589,relatedData_s,relatedData_s,True,False,10.15148/7d5e2f17-bad6-4ac3-87e2-84888d0d6699,doi,10.15148/7d5e2f17-bad6-4ac3-87e2-84888d0d6699,OSU OREME,dataset_repo,OSU OREME,https://data.oreme.org/doi/view/7d5e2f17-bad6-4ac3-87e2-84888d0d6699,data.oreme.org,10.15148,inist.oreme,DAS and pressure sensor datasets for the reconstruction of nearshore surface gravity wave spectrum from Distributed Acoustic Sensing time series,,
hal-04834527,https://inria.hal.science/hal-04834527v1,76P- Pegylated immunoliposome encapsulating docetaxel: In vitro activity and optimal pharmacokinetics in a breast cancer model,POSTER,,relatedPublication_s,relatedData_s,False,False,10.1016/esmoop/esmoop103010,doi,10.1016/esmoop/esmoop103010,Journal DOI (10.1016),publication_landing,,,,,,,not_found,
hal-04836594,https://hal.science/hal-04836594v1,"Constrictional Flow and Strain Partitioning During Oblique Deformation: Insights From the Variscan Tanneron Massif, SE France",ART,10.55575/tektonika2024.2.2.69,relatedPublication_s,relatedData_s,False,False,10.31223/X5K093,doi,10.31223/X5K093,DOI prefix 10.31223,unresolved,,,,,,,not_found,
hal-04884084,https://hal.science/hal-04884084v1,"Detachment Faulting and Mantle Exhumation Beneath an Allochthonous Carbonate Cover: Insights From the Gouffre Georges (Lherz Massif, Pyrenees, France)",ART,10.1029/2024TC008757,relatedData_s,relatedData_s,True,False,10.6084/m9.figshare.27979907,doi,10.6084/m9.figshare.27979907,Figshare,dataset_repo,figshare,https://figshare.com/articles/dataset/Structural_dataset_from_the_Lherz_detachment_Gouffre_Georges_Ari_ge_France_/27979907,figshare.com,10.6084,figshare.ars,"Structural dataset from the Lherz detachment (Gouffre Georges, Ariège, France)",,
hal-04887649,https://univ-cotedazur.hal.science/hal-04887649v1,Testing a cellular automata construction method to obtain 9-variable cryptographic Boolean functions,ART,10.32908/jca.v18.100924,relatedPublication_s,relatedData_s,False,False,10.32908/jca.v18.100924,doi,10.32908/jca.v18.100924,DOI prefix 10.32908,unresolved,,,,,,,not_found,
hal-04887722,https://uca.hal.science/hal-04887722v1,A tarantula peptide against pain via ASIC1a channels and opioid mechanisms.,ART,10.1038/nn1940,relatedPublication_s,relatedData_s,False,False,10.1038/nn1940,doi,10.1038/nn1940,Journal DOI (10.1038),publication_landing,,,,,,,not_found,
hal-04903539,https://inria.hal.science/hal-04903539v1,SOFA,SOFTWARE,,relatedPublication_s,relatedData_s,False,False,10.1007/8415_2012_125,doi,10.1007/8415_2012_125,Journal DOI (10.1007),publication_landing,,,,,,,not_found,
hal-04903539,https://inria.hal.science/hal-04903539v1,SOFA,SOFTWARE,,relatedPublication_s,relatedData_s,False,False,hal-00681539,hal_id,,,,,,,,,,,
hal-04904428,https://hal.science/hal-04904428v2,An Attempt to Catch Up with JIT Compilers: The False Lead of Optimizing Inline Caches,ART,10.22152/programming-journal.org/2025/10/6,relatedPublication_s,relatedData_s,False,False,10.22152/programming-journal.org/2025/10/6,doi,10.22152/programming-journal.org/2025/10/6,DOI prefix 10.22152,unresolved,,,,,,,not_found,
hal-04905900,https://hal.inrae.fr/hal-04905900v1,"Photosynthesis, water‐use and nitrogen relate to both plant height and leaf structure in 60 species from the Mediterranean",ART,10.1111/1365-2435.14737,relatedData_s,relatedData_s,True,False,10.48579/PRO/PLNU9F,doi,10.48579/PRO/PLNU9F,data.InDoRES,dataset_repo,data.InDoRES,https://data.indores.fr:443/citation?persistentId=doi:10.48579/PRO/PLNU9F,data.indores.fr:443,10.48579,jbru.bbees,"Photosynthesis, water-use and nitrogen relate to both plant height and leaf structure in 60 species from the Mediterranean",,
hal-04906304,https://ube.hal.science/hal-04906304v1,Mobi-Switch : un jeu de société sur la durabilité de la mobilité urbaine,OTHER,,relatedData_s,relatedData_s,True,False,10.57745/3VMB3Y,doi,10.57745/3VMB3Y,Recherche Data Gouv,dataset_repo,Recherche Data Gouv,https://entrepot.recherche.data.gouv.fr/citation?persistentId=doi:10.57745/3VMB3Y,entrepot.recherche.data.gouv.fr,10.57745,rdg.prod,Mobi-Switch : a boardgame about urban mobility sustainability,,
hal-04906304,https://ube.hal.science/hal-04906304v1,Mobi-Switch : un jeu de société sur la durabilité de la mobilité urbaine,OTHER,,seeAlso_s,relatedData_s,False,False,https://www6.inrae.fr/switch,url,,,,,,,,,,,
hal-04907732,https://hal.science/hal-04907732v1,Bayesian Approach for Parameter Estimation in Vehicle Lateral Dynamics,COMM,,relatedPublication_s,relatedData_s,False,False,10.1007/978-3-031-62700-2_22,doi,10.1007/978-3-031-62700-2_22,Journal DOI (10.1007),publication_landing,,,,,,,not_found,
hal-04908237,https://hal.science/hal-04908237v1,CLEC12B Regulates Melanocyte Immunity and Homeostasis in the Skin through the Signal Transducer and Activator of Transcription 1/IRF1 Axis,ART,10.1016/j.jid.2024.11.016,relatedData_s,relatedData_s,True,False,10.7910/DVN/TICFQW,doi,10.7910/DVN/TICFQW,Harvard Dataverse,dataset_repo,Harvard Dataverse,https://dataverse.harvard.edu/citation?persistentId=doi:10.7910/DVN/TICFQW,dataverse.harvard.edu,10.7910,gdcc.harvard-dv,CLEC12B glycan array,,
hal-04948456,https://hal.science/hal-04948456v1,"Couches SIG des circonscriptions administratives d'Algérie (1942- 1949) : départements d’Alger, Constantine et Oran",OTHER,10.34847/nkl.e462qm6n,relatedData_s,relatedData_s,True,False,10.34847/nkl.e462qm6n,doi,10.34847/nkl.e462qm6n,NAKALA,dataset_repo,NAKALA - https://nakala.fr (Huma-Num - CNRS),https://nakala.fr/10.34847/nkl.e462qm6n,nakala.fr,10.34847,inist.humanum,"Couches SIG des circonscriptions administratives d'Algérie (1942- 1949) : départements d’Alger, Constantine et Oran",,
hal-04948456,https://hal.science/hal-04948456v1,"Couches SIG des circonscriptions administratives d'Algérie (1942- 1949) : départements d’Alger, Constantine et Oran",OTHER,10.34847/nkl.e462qm6n,seeAlso_s,relatedData_s,False,True,https://nakala.fr/10.34847/nkl.e462qm6n,doi,10.34847/nkl.e462qm6n,NAKALA,dataset_repo,NAKALA - https://nakala.fr (Huma-Num - CNRS),https://nakala.fr/10.34847/nkl.e462qm6n,nakala.fr,10.34847,inist.humanum,"Couches SIG des circonscriptions administratives d'Algérie (1942- 1949) : départements d’Alger, Constantine et Oran",,Dataset DOI found in seeAlso_s; expected HAL field is relatedData_s.
hal-04954634,https://hal.inrae.fr/hal-04954634v1,"High-fidelity annotated triploid genome of the quarantine root-knot nematode, Meloidogyne enterolobii",ART,10.1038/s41597-025-04434-w,relatedData_s,relatedData_s,True,False,10.57745/EGUUHK,doi,10.57745/EGUUHK,Recherche Data Gouv,dataset_repo,Recherche Data Gouv,https://entrepot.recherche.data.gouv.fr/citation?persistentId=doi:10.57745/EGUUHK,entrepot.recherche.data.gouv.fr,10.57745,rdg.prod,Meloidogyne enterolobii scripts,,
hal-04954634,https://hal.inrae.fr/hal-04954634v1,"High-fidelity annotated triploid genome of the quarantine root-knot nematode, Meloidogyne enterolobii",ART,10.1038/s41597-025-04434-w,relatedData_s,relatedData_s,True,False,10.57745/5MXZSJ,doi,10.57745/5MXZSJ,Recherche Data Gouv,dataset_repo,Recherche Data Gouv,https://entrepot.recherche.data.gouv.fr/citation?persistentId=doi:10.57745/5MXZSJ,entrepot.recherche.data.gouv.fr,10.57745,rdg.prod,Meloidogyne enterolobii assemblies,,
hal-04954634,https://hal.inrae.fr/hal-04954634v1,"High-fidelity annotated triploid genome of the quarantine root-knot nematode, Meloidogyne enterolobii",ART,10.1038/s41597-025-04434-w,relatedData_s,relatedData_s,True,False,10.57745/KGA7CI,doi,10.57745/KGA7CI,Recherche Data Gouv,dataset_repo,Recherche Data Gouv,https://entrepot.recherche.data.gouv.fr/citation?persistentId=doi:10.57745/KGA7CI,entrepot.recherche.data.gouv.fr,10.57745,rdg.prod,Meloidogyne genus OrthoFinder analysis,,
hal-04954634,https://hal.inrae.fr/hal-04954634v1,"High-fidelity annotated triploid genome of the quarantine root-knot nematode, Meloidogyne enterolobii",ART,10.1038/s41597-025-04434-w,relatedData_s,relatedData_s,True,False,10.57745/Y0O2LP,doi,10.57745/Y0O2LP,Recherche Data Gouv,dataset_repo,Recherche Data Gouv,https://entrepot.recherche.data.gouv.fr/citation?persistentId=doi:10.57745/Y0O2LP,entrepot.recherche.data.gouv.fr,10.57745,rdg.prod,Meloidogyne enterolobii E1834 gene prediction,,
hal-04954634,https://hal.inrae.fr/hal-04954634v1,"High-fidelity annotated triploid genome of the quarantine root-knot nematode, Meloidogyne enterolobii",ART,10.1038/s41597-025-04434-w,relatedData_s,relatedData_s,True,False,10.57745/VEKHQS,doi,10.57745/VEKHQS,Recherche Data Gouv,dataset_repo,Recherche Data Gouv,https://entrepot.recherche.data.gouv.fr/citation?persistentId=doi:10.57745/VEKHQS,entrepot.recherche.data.gouv.fr,10.57745,rdg.prod,Meloidogyne enterolobii E1834 genome structure analysis,,
hal-04962117,https://hal.science/hal-04962117v1,Les sens du mouvement,OUV,,relatedPublication_s,relatedData_s,False,False,hal-04985475,hal_id,,,,,,,,,,,
hal-04962117,https://hal.science/hal-04962117v1,Les sens du mouvement,OUV,,relatedPublication_s,relatedData_s,False,True,10.34847/nkl.ed24g6g6,doi,10.34847/nkl.ed24g6g6,NAKALA,dataset_repo,NAKALA - https://nakala.fr (Huma-Num - CNRS),https://nakala.fr/10.34847/nkl.ed24g6g6,nakala.fr,10.34847,inist.humanum,"Glossaire multilingue du taijiquan et des arts internes — français, anglais, néerlandais, espagnol, allemand, chinois (caractères et pinyin)",,Dataset DOI found in relatedPublication_s; expected HAL field is relatedData_s.
hal-04985988,https://minesparis-psl.hal.science/hal-04985988v1,On the emergence of fault afterslip during laboratory seismic cycles,ART,10.1016/j.epsl.2025.119288,relatedData_s,relatedData_s,True,False,10.5281/zenodo.13912519,doi,10.5281/zenodo.13912519,Zenodo,dataset_repo,Zenodo,https://zenodo.org/doi/10.5281/zenodo.13912519,zenodo.org,10.5281,cern.zenodo,On the emergence of fault afterslip during laboratory seismic cycles,,
hal-05017906,https://hal.science/hal-05017906v2,When automated fact-checking meets argumentation: unveiling fake news through argumentative evidence,ART,10.1177/19462174251330980,relatedData_s,relatedData_s,True,False,10.34847/nkl.2cec5407,doi,10.34847/nkl.2cec5407,NAKALA,dataset_repo,NAKALA - https://nakala.fr (Huma-Num - CNRS),https://nakala.fr/10.34847/nkl.2cec5407,nakala.fr,10.34847,inist.humanum,LIARArg: A dataset for fake news detection enhanced by argumentative features,,
hal-05017906,https://hal.science/hal-05017906v2,When automated fact-checking meets argumentation: unveiling fake news through argumentative evidence,ART,10.1177/19462174251330980,seeAlso_s,relatedData_s,False,False,https://journals.sagepub.com/doi/10.1177/19462174251330980,doi,10.1177/19462174251330980,DOI prefix 10.1177,unresolved,,,,,,,not_found,
hal-05028312,https://hal.inrae.fr/hal-05028312v1,CAMELS-FR dataset: a large-sample hydroclimatic dataset for France to explore hydrological diversity and support model benchmarking,ART,10.5194/essd-17-1461-2025,relatedData_s,relatedData_s,True,False,10.57745/WH7FJR,doi,10.57745/WH7FJR,Recherche Data Gouv,dataset_repo,Recherche Data Gouv,https://entrepot.recherche.data.gouv.fr/citation?persistentId=doi:10.57745/WH7FJR,entrepot.recherche.data.gouv.fr,10.57745,rdg.prod,CAMELS-FR dataset,,
hal-05028312,https://hal.inrae.fr/hal-05028312v1,CAMELS-FR dataset: a large-sample hydroclimatic dataset for France to explore hydrological diversity and support model benchmarking,ART,10.5194/essd-17-1461-2025,relatedData_s,relatedData_s,True,False,10.57745/HBQWP5,doi,10.57745/HBQWP5,Recherche Data Gouv,dataset_repo,Recherche Data Gouv,https://entrepot.recherche.data.gouv.fr/citation?persistentId=doi:10.57745/HBQWP5,entrepot.recherche.data.gouv.fr,10.57745,rdg.prod,CAMELS-FR time series dynamic graphs,,
hal-05028312,https://hal.inrae.fr/hal-05028312v1,CAMELS-FR dataset: a large-sample hydroclimatic dataset for France to explore hydrological diversity and support model benchmarking,ART,10.5194/essd-17-1461-2025,relatedData_s,relatedData_s,True,False,10.57745/KK2SVJ,doi,10.57745/KK2SVJ,Recherche Data Gouv,dataset_repo,Recherche Data Gouv,https://entrepot.recherche.data.gouv.fr/citation?persistentId=doi:10.57745/KK2SVJ,entrepot.recherche.data.gouv.fr,10.57745,rdg.prod,CAMELS-FR graphical fact sheets,,
hal-05054109,https://hal.science/hal-05054109v1,"Projet SCO-BioEOS, Suivi des Variables Essentielles de la Biodiversité côtière : Mise en Oeuvre sur le Site Pilote de La Réunion",REPORT,10.13155/106102,relatedPublication_s,relatedData_s,False,False,10.13155/106102,doi,10.13155/106102,Archimer (Ifremer publications),publication_landing,Ifremer,https://archimer.ifremer.fr/doc/00949/106102/,archimer.ifremer.fr,10.13155,inist.ifremer,"Projet SCO-BioEOS, Suivi des Variables Essentielles de la Biodiversité côtière : Mise en Oeuvre sur le Site Pilote de La Réunion",,
hal-05054109,https://hal.science/hal-05054109v1,"Projet SCO-BioEOS, Suivi des Variables Essentielles de la Biodiversité côtière : Mise en Oeuvre sur le Site Pilote de La Réunion",REPORT,10.13155/106102,relatedPublication_s,relatedData_s,False,False,hal-05017175,hal_id,,,,,,,,,,,
hal-05054109,https://hal.science/hal-05054109v1,"Projet SCO-BioEOS, Suivi des Variables Essentielles de la Biodiversité côtière : Mise en Oeuvre sur le Site Pilote de La Réunion",REPORT,10.13155/106102,relatedPublication_s,relatedData_s,False,False,hal-05017180,hal_id,,,,,,,,,,,
hal-05054109,https://hal.science/hal-05054109v1,"Projet SCO-BioEOS, Suivi des Variables Essentielles de la Biodiversité côtière : Mise en Oeuvre sur le Site Pilote de La Réunion",REPORT,10.13155/106102,relatedPublication_s,relatedData_s,False,False,hal-05017188,hal_id,,,,,,,,,,,
hal-05054154,https://hal.science/hal-05054154v1,"Constraining the Effect of Bathymetric High Subduction in an Accretionary Wedge: Evidence From the Tokai Area of the Nankai Trough, Japan",ART,10.1029/2024GC011754,relatedPublication_s,relatedData_s,False,True,10.17596/0000155,doi,10.17596/0000155,JAMSTEC,dataset_repo,JAMSTEC,https://www.jamstec.go.jp/datadoi/doi/10.17596/0000155.html,jamstec.go.jp,10.17596,jamstec.jamstec,R/V KAIYO KY01-06 Leg1 Cruise Data,,Dataset DOI found in relatedPublication_s; expected HAL field is relatedData_s.
hal-05054154,https://hal.science/hal-05054154v1,"Constraining the Effect of Bathymetric High Subduction in an Accretionary Wedge: Evidence From the Tokai Area of the Nankai Trough, Japan",ART,10.1029/2024GC011754,relatedPublication_s,relatedData_s,False,True,10.17596/0000964,doi,10.17596/0000964,JAMSTEC,dataset_repo,JAMSTEC,https://www.jamstec.go.jp/datadoi/doi/10.17596/0000964.html,jamstec.go.jp,10.17596,jamstec.jamstec,R/V KAIREI KR01-08 Cruise Data,,Dataset DOI found in relatedPublication_s; expected HAL field is relatedData_s.
hal-05065428,https://hal.science/hal-05065428v1,Time-lapse 3D image datasets of spruce tree wood enzymatic deconstruction,ART,10.1016/j.dib.2025.111618,relatedData_s,relatedData_s,True,False,10.5281/zenodo.14547356,doi,10.5281/zenodo.14547356,Zenodo,dataset_repo,Zenodo,https://zenodo.org/doi/10.5281/zenodo.14547356,zenodo.org,10.5281,cern.zenodo,Time-lapses of spruce tree wood hydrolysis,,
hal-05114056,https://hal.science/hal-05114056v2,Le Rhône aménagé vu du ciel. Constitution d'une base de données photographiques obliques pour documenter la trajectoire socio-environnementale du fleuve contemporain (1910-1960),ART,10.46298/dc.15880,relatedData_s,relatedData_s,True,False,10.34847/nkl.e63a22n9,doi,10.34847/nkl.e63a22n9,NAKALA,dataset_repo,NAKALA - https://nakala.fr (Huma-Num - CNRS),https://nakala.fr/10.34847/nkl.e63a22n9,nakala.fr,10.34847,inist.humanum,Fichier de métadonnées enrichies d'une base de données photographiques obliques sur le fleuve Rhône et ses affluents (1919-1961),,
hal-05114056,https://hal.science/hal-05114056v2,Le Rhône aménagé vu du ciel. Constitution d'une base de données photographiques obliques pour documenter la trajectoire socio-environnementale du fleuve contemporain (1910-1960),ART,10.46298/dc.15880,seeAlso_s,relatedData_s,False,False,https://photo.driihm.fr/index.php?/category/5991,url,,,,,,,,,,,
hal-05123213,https://hal.science/hal-05123213v1,Plate‐Scale Strike‐Slip Fault System in the Barbados Accretionary Wedge of the Lesser Antilles Subduction Zone,ART,10.1029/2024JB030059,relatedData_s,relatedData_s,True,False,10.17882/102945,doi,10.17882/102945,SEANOE,dataset_repo,SEANOE,https://www.seanoe.org/data/00918/102945/,seanoe.org,10.17882,euvi.seanoe,"Raw seismic data from the CASEIS experiment: CAS016, CAS033, CAS036, CAS042, CAS062, CAS098, CAS104 and CAS105",,
hal-05123213,https://hal.science/hal-05123213v1,Plate‐Scale Strike‐Slip Fault System in the Barbados Accretionary Wedge of the Lesser Antilles Subduction Zone,ART,10.1029/2024JB030059,relatedData_s,relatedData_s,True,False,10.17882/102942,doi,10.17882/102942,SEANOE,dataset_repo,SEANOE,https://www.seanoe.org/data/00918/102942/,seanoe.org,10.17882,euvi.seanoe,"High-resolution seismic data from the CASEIS experiment: CAS016, CAS033, CAS036, CAS042, CAS062, CAS098, CAS104 and CAS105",,
hal-05123213,https://hal.science/hal-05123213v1,Plate‐Scale Strike‐Slip Fault System in the Barbados Accretionary Wedge of the Lesser Antilles Subduction Zone,ART,10.1029/2024JB030059,relatedData_s,relatedData_s,True,False,10.17882/102947,doi,10.17882/102947,SEANOE,dataset_repo,SEANOE,https://www.seanoe.org/data/00918/102947/,seanoe.org,10.17882,euvi.seanoe,Sub-bottom high-resolution (CHIRP) profiles from the CASEIS experiment: CAS130 and CAS451,,
hal-05123213,https://hal.science/hal-05123213v1,Plate‐Scale Strike‐Slip Fault System in the Barbados Accretionary Wedge of the Lesser Antilles Subduction Zone,ART,10.1029/2024JB030059,relatedData_s,relatedData_s,True,False,10.17882/102946,doi,10.17882/102946,SEANOE,dataset_repo,SEANOE,https://www.seanoe.org/data/00918/102946/,seanoe.org,10.17882,euvi.seanoe,Bathymetry compilation from the Lesser Antilles subduction zone: 100 m grid,,
hal-05123213,https://hal.science/hal-05123213v1,Plate‐Scale Strike‐Slip Fault System in the Barbados Accretionary Wedge of the Lesser Antilles Subduction Zone,ART,10.1029/2024JB030059,relatedData_s,relatedData_s,True,False,10.7289/V56T0JNC,doi,10.7289/V56T0JNC,NOAA NCEI,dataset_repo,NOAA National Centers for Environmental Information,https://www.ncei.noaa.gov/access/metadata/landing-page/bin/iso?id=gov.noaa.ngdc:G01034,ncei.noaa.gov,10.7289,noaa.ncei,Multibeam Bathymetry Database (MBBDB),,
hal-05123213,https://hal.science/hal-05123213v1,Plate‐Scale Strike‐Slip Fault System in the Barbados Accretionary Wedge of the Lesser Antilles Subduction Zone,ART,10.1029/2024JB030059,relatedData_s,relatedData_s,True,False,10.17882/70460,doi,10.17882/70460,SEANOE,dataset_repo,SEANOE,http://www.seanoe.org/data/00592/70460/,seanoe.org,10.17882,euvi.seanoe,Globe (GLobal Oceanographic Bathymetry Explorer) Software,,
hal-05123213,https://hal.science/hal-05123213v1,Plate‐Scale Strike‐Slip Fault System in the Barbados Accretionary Wedge of the Lesser Antilles Subduction Zone,ART,10.1029/2024JB030059,relatedPublication_s,relatedData_s,False,True,10.17600/16001800,doi,10.17600/16001800,Sismer,dataset_repo,Sismer,https://campagnes.flotteoceanographique.fr/campagnes/16001800/,campagnes.flotteoceanographique.fr,10.17600,inist.ifremer,"CASEIS cruise,Pourquoi pas ? R/V",,Dataset DOI found in relatedPublication_s; expected HAL field is relatedData_s.
hal-05123213,https://hal.science/hal-05123213v1,Plate‐Scale Strike‐Slip Fault System in the Barbados Accretionary Wedge of the Lesser Antilles Subduction Zone,ART,10.1029/2024JB030059,relatedPublication_s,relatedData_s,False,True,10.17600/98010120,doi,10.17600/98010120,Sismer,dataset_repo,Sismer,https://campagnes.flotteoceanographique.fr/campagnes/98010120/,campagnes.flotteoceanographique.fr,10.17600,inist.ifremer,"AGUADOMAR cruise,L'Atalante R/V",,Dataset DOI found in relatedPublication_s; expected HAL field is relatedData_s.
hal-05123213,https://hal.science/hal-05123213v1,Plate‐Scale Strike‐Slip Fault System in the Barbados Accretionary Wedge of the Lesser Antilles Subduction Zone,ART,10.1029/2024JB030059,relatedPublication_s,relatedData_s,False,True,10.17600/2010030,doi,10.17600/2010030,Sismer,dataset_repo,Sismer,https://campagnes.flotteoceanographique.fr/campagnes/2010030/,campagnes.flotteoceanographique.fr,10.17600,inist.ifremer,"CARAVAL cruise,L'Atalante R/V",,Dataset DOI found in relatedPublication_s; expected HAL field is relatedData_s.
hal-05123213,https://hal.science/hal-05123213v1,Plate‐Scale Strike‐Slip Fault System in the Barbados Accretionary Wedge of the Lesser Antilles Subduction Zone,ART,10.1029/2024JB030059,relatedPublication_s,relatedData_s,False,True,10.17600/9020020,doi,10.17600/9020020,Sismer,dataset_repo,Sismer,https://campagnes.flotteoceanographique.fr/campagnes/9020020/,campagnes.flotteoceanographique.fr,10.17600,inist.ifremer,"GWADASEIS cruise,Le Suroît R/V",,Dataset DOI found in relatedPublication_s; expected HAL field is relatedData_s.
hal-05123213,https://hal.science/hal-05123213v1,Plate‐Scale Strike‐Slip Fault System in the Barbados Accretionary Wedge of the Lesser Antilles Subduction Zone,ART,10.1029/2024JB030059,relatedPublication_s,relatedData_s,False,True,10.17600/1080060,doi,10.17600/1080060,Sismer,dataset_repo,Sismer,https://campagnes.flotteoceanographique.fr/campagnes/1080060/,campagnes.flotteoceanographique.fr,10.17600,inist.ifremer,"SISMANTILLES 1 cruise,Le Nadir R/V",,Dataset DOI found in relatedPublication_s; expected HAL field is relatedData_s.
hal-05123213,https://hal.science/hal-05123213v1,Plate‐Scale Strike‐Slip Fault System in the Barbados Accretionary Wedge of the Lesser Antilles Subduction Zone,ART,10.1029/2024JB030059,relatedPublication_s,relatedData_s,False,True,10.17600/7010020,doi,10.17600/7010020,Sismer,dataset_repo,Sismer,https://campagnes.flotteoceanographique.fr/campagnes/7010020/,campagnes.flotteoceanographique.fr,10.17600,inist.ifremer,"SISMANTILLES 2 cruise,L'Atalante R/V",,Dataset DOI found in relatedPublication_s; expected HAL field is relatedData_s.
hal-05123213,https://hal.science/hal-05123213v1,Plate‐Scale Strike‐Slip Fault System in the Barbados Accretionary Wedge of the Lesser Antilles Subduction Zone,ART,10.1029/2024JB030059,relatedPublication_s,relatedData_s,False,True,10.17600/13010070,doi,10.17600/13010070,Sismer,dataset_repo,Sismer,https://campagnes.flotteoceanographique.fr/campagnes/13010070/,campagnes.flotteoceanographique.fr,10.17600,inist.ifremer,"ANTITHESIS LEG1 cruise,L'Atalante R/V",,Dataset DOI found in relatedPublication_s; expected HAL field is relatedData_s.
hal-05123213,https://hal.science/hal-05123213v1,Plate‐Scale Strike‐Slip Fault System in the Barbados Accretionary Wedge of the Lesser Antilles Subduction Zone,ART,10.1029/2024JB030059,relatedPublication_s,relatedData_s,False,True,10.17600/7010010,doi,10.17600/7010010,Sismer,dataset_repo,Sismer,https://campagnes.flotteoceanographique.fr/campagnes/7010010/,campagnes.flotteoceanographique.fr,10.17600,inist.ifremer,"ANTIPLAC cruise,L'Atalante R/V",,Dataset DOI found in relatedPublication_s; expected HAL field is relatedData_s.
hal-05129574,https://hal.inrae.fr/hal-05129574v2,Young apple tree development under agroforestry radiative conditions: a multi-scale morphological and architectural dataset,ART,10.1093/aobpla/plaf029,relatedPublication_s,relatedData_s,False,True,10.5281/zenodo.14253433,doi,10.5281/zenodo.14253433,Zenodo,dataset_repo,Zenodo,https://zenodo.org/doi/10.5281/zenodo.14253433,zenodo.org,10.5281,cern.zenodo,openalea/gafam: GAFAM Data paper,,Dataset DOI found in relatedPublication_s; expected HAL field is relatedData_s.
hal-05129574,https://hal.inrae.fr/hal-05129574v2,Young apple tree development under agroforestry radiative conditions: a multi-scale morphological and architectural dataset,ART,10.1093/aobpla/plaf029,seeAlso_s,relatedData_s,False,False,https://oup.silverchair-cdn.com/oup/backfile/Content_public/Journal/aobpla/PAP/10.1093_aobpla_plaf029/1/plaf029_supplementary_data.zip,url,,,,,,,,,,,
hal-05142757,https://hal.science/hal-05142757v1,P-Wave Arrival-Time Tomography of the Middle East Using ISC-EHB and Waveform Data,ART,10.26443/seismica.v4i1.1349,relatedData_s,relatedData_s,True,False,10.5281/zenodo.15115349,doi,10.5281/zenodo.15115349,Zenodo,dataset_repo,Zenodo,https://zenodo.org/doi/10.5281/zenodo.15115349,zenodo.org,10.5281,cern.zenodo,"rdno/mideast_p_traveltime_tomo: P Model Files, Horizontal and Vertical Cross Sections",,
hal-05157073,https://hal.science/hal-05157073v1,Imaging the Sediment Cover Offshore Central Chile With Surface‐Wave Dispersion and P‐Wave Conversion Using Distributed Acoustic Sensing,ART,10.1029/2024jb030507,relatedData_s,relatedData_s,True,False,10.15778/resif.f1,doi,10.15778/resif.f1,Epos-France Seismological Data Center,dataset_repo,Epos-France Seismological Data Center,https://seismology.epos-france.fr/networks/#/F1,seismology.epos-france.fr,10.15778,inist.resif,Three underwater fiber-optic cables offshore of central Chile,,
hal-05157073,https://hal.science/hal-05157073v1,Imaging the Sediment Cover Offshore Central Chile With Surface‐Wave Dispersion and P‐Wave Conversion Using Distributed Acoustic Sensing,ART,10.1029/2024jb030507,relatedPublication_s,relatedData_s,False,True,10.5281/zenodo.14868324,doi,10.5281/zenodo.14868324,Zenodo,dataset_repo,Zenodo,https://zenodo.org/doi/10.5281/zenodo.14868324,zenodo.org,10.5281,cern.zenodo,PyGMT: A Python interface for the Generic Mapping Tools,,Dataset DOI found in relatedPublication_s; expected HAL field is relatedData_s.
hal-05163483,https://hal.science/hal-05163483v1,"Analyser la perception de l’alerte par les populations : questionnements empiriques, enjeux scientifiques et retombées opérationnelles",ART,10.4000/14b5f,relatedData_s,relatedData_s,True,False,10.57745/TRYOES,doi,10.57745/TRYOES,Recherche Data Gouv,dataset_repo,Recherche Data Gouv,https://entrepot.recherche.data.gouv.fr/citation?persistentId=doi:10.57745/TRYOES,entrepot.recherche.data.gouv.fr,10.57745,rdg.prod,Questionnaire et réponses suite à une notification d’alerte sur téléphone portable via le dispositif FR-Alert ©,,
hal-05165003,https://inria.hal.science/hal-05165003v2,Numerical-Optimal-Control-Compliant Muscle Model for Electrically Evoked Contractions,ART,10.1109/TMRB.2025.3590453,relatedPublication_s,relatedData_s,False,False,10.1109/TMRB.2025.3590453,doi,10.1109/TMRB.2025.3590453,Journal DOI (10.1109),publication_landing,,,,,,,not_found,
hal-05171564,https://hal.science/hal-05171564v1,An analysis of the dynamic range of Distributed Acoustic Sensing for Earthquake Early Warning,ART,10.26443/seismica.v4i1.1371,relatedData_s,relatedData_s,True,False,10.5281/zenodo.10993306,doi,10.5281/zenodo.10993306,Zenodo,dataset_repo,Zenodo,https://zenodo.org/doi/10.5281/zenodo.10993306,zenodo.org,10.5281,cern.zenodo,Data and scripts for: An analysis of the dynamic range of Distributed Acoustic Sensing for Earthquake Early Warning,,
hal-05194659,https://hal.science/hal-05194659v1,Physical Properties Controlling Earthquake Ruptures: Two Study Cases Along the South American Subduction Zone,ART,10.1029/2025GL114615,relatedData_s,relatedData_s,True,False,10.7914/SN/8G_2016,doi,10.7914/SN/8G_2016,FDSN / seismic network,dataset_repo,International Federation of Digital Seismograph Networks,https://www.fdsn.org/networks/detail/8G_2016/,fdsn.org,10.7914,iris.iris,2016 Pedernales Earthquake Aftershock Deployment Ecuador,,
hal-05194659,https://hal.science/hal-05194659v1,Physical Properties Controlling Earthquake Ruptures: Two Study Cases Along the South American Subduction Zone,ART,10.1029/2025GL114615,relatedData_s,relatedData_s,True,False,10.7914/SN/XE_2016,doi,10.7914/SN/XE_2016,FDSN / seismic network,dataset_repo,International Federation of Digital Seismograph Networks,https://www.fdsn.org/networks/detail/XE_2016/,fdsn.org,10.7914,iris.iris,Pedernales,,
hal-05194659,https://hal.science/hal-05194659v1,Physical Properties Controlling Earthquake Ruptures: Two Study Cases Along the South American Subduction Zone,ART,10.1029/2025GL114615,relatedData_s,relatedData_s,True,False,10.5445/IR/1000126350,doi,10.5445/IR/1000126350,KIT publications,publication_landing,Karlsruher Institut für Technologie (KIT),https://publikationen.bibliothek.kit.edu/1000126350,publikationen.bibliothek.kit.edu,10.5445,tib.kit,Research data for '3D local earthquake tomography of the Ecuadorian margin in the source area of the 2016 Mw 7.8 Pedernales earthquake',,
hal-05194659,https://hal.science/hal-05194659v1,Physical Properties Controlling Earthquake Ruptures: Two Study Cases Along the South American Subduction Zone,ART,10.1029/2025GL114615,relatedData_s,relatedData_s,True,False,10.7914/mc8r-ft72,doi,10.7914/mc8r-ft72,FDSN / seismic network,dataset_repo,International Federation of Digital Seismograph Networks,https://www.fdsn.org/networks/detail/X5_2020/,fdsn.org,10.7914,iris.iris,Taltal temporary deployment,,
hal-05194659,https://hal.science/hal-05194659v1,Physical Properties Controlling Earthquake Ruptures: Two Study Cases Along the South American Subduction Zone,ART,10.1029/2025GL114615,relatedData_s,relatedData_s,True,False,10.35097/dIDjKJPeUpZFWjbQ,doi,10.35097/dIDjKJPeUpZFWjbQ,RADAR KIT,dataset_repo,Karlsruhe Institute of Technology,https://radar.kit.edu/radar/en/dataset/dIDjKJPeUpZFWjbQ,radar.kit.edu,10.35097,tib.kit4radar,Taltal Seismological Network,,
hal-05194659,https://hal.science/hal-05194659v1,Physical Properties Controlling Earthquake Ruptures: Two Study Cases Along the South American Subduction Zone,ART,10.1029/2025GL114615,relatedData_s,relatedData_s,True,False,10.5281/zenodo.8271327,doi,10.5281/zenodo.8271327,Zenodo,dataset_repo,Zenodo,https://zenodo.org/doi/10.5281/zenodo.8271327,zenodo.org,10.5281,cern.zenodo,Research data for Taltal segment tomography article,,
hal-05194659,https://hal.science/hal-05194659v1,Physical Properties Controlling Earthquake Ruptures: Two Study Cases Along the South American Subduction Zone,ART,10.1029/2025GL114615,relatedPublication_s,relatedData_s,False,True,10.18715/GEOSCOPE.G,doi,10.18715/GEOSCOPE.G,GEOSCOPE,dataset_repo,"Institut de physique du globe de Paris, Université Paris Cité",http://geoscope.ipgp.fr/networks/detail/G/,geoscope.ipgp.fr,10.18715,inist.ipgp,"GEOSCOPE, French Global Network of broad band seismic stations",,Dataset DOI found in relatedPublication_s; expected HAL field is relatedData_s.
hal-05217546,https://inria.hal.science/hal-05217546v1,Inductive Predicates via Least Fixpoints in Higher-Order Separation Logic,COMM,10.4230/LIPIcs.ITP.2025.28,relatedPublication_s,relatedData_s,False,True,10.5281/zenodo.15727403,doi,10.5281/zenodo.15727403,Zenodo,dataset_repo,Zenodo,https://zenodo.org/doi/10.5281/zenodo.15727403,zenodo.org,10.5281,cern.zenodo,"Rocq development of ""Inductive Predicates via Least Fixpoints in Higher-Order Separation Logic""",,Dataset DOI found in relatedPublication_s; expected HAL field is relatedData_s.
hal-05221870,https://hal.science/hal-05221870v2,Enquête sur l'implication des structures documentaires dans l'accompagnement sur les données de recherche,REPORT,,relatedData_s,relatedData_s,True,False,10.57745/JYWUIY,doi,10.57745/JYWUIY,Recherche Data Gouv,dataset_repo,Recherche Data Gouv,https://entrepot.recherche.data.gouv.fr/citation?persistentId=doi:10.57745/JYWUIY,entrepot.recherche.data.gouv.fr,10.57745,rdg.prod,Données de l'enquête ADBU sur l'implication des structures documentaires dans l'accompagnement sur les données de recherche,,
hal-05226636,https://hal.science/hal-05226636v1,Bubble removal in microfluidic channels surrounded by gas-permeable media: experiments and a predictive model,ART,10.1039/d5lc00407a,relatedData_s,relatedData_s,True,False,10.5281/zenodo.16356173,doi,10.5281/zenodo.16356173,Zenodo,dataset_repo,Zenodo,https://zenodo.org/doi/10.5281/zenodo.16356173,zenodo.org,10.5281,cern.zenodo,Data files and scripts of the article `A predictive model for bubble removal in microfluidic channels surrounded by gas-permeable media',,
hal-05231498,https://hal.inrae.fr/hal-05231498v1,"BRC4Env, le pilier environnement de l’infrastructure RARe",POSTER,,relatedData_s,relatedData_s,True,False,10.15454/TRBJTB,doi,10.15454/TRBJTB,Recherche Data Gouv,dataset_repo,Portail Data INRAE,https://data.inrae.fr/citation?persistentId=doi:10.15454/TRBJTB,data.inrae.fr,10.15454,rdg.prod,"BRC4Env, the Biological Resource Centre for the Environment",,
hal-05232248,https://hal.science/hal-05232248v1,"Back to the Source: Connecting the Seismological Observations of Le Teil Earthquake (M w 4.9, 2019/11/11, France) to the Local Geology",ART,10.1029/2025JB031133,relatedPublication_s,relatedData_s,False,True,10.5281/zenodo.15172382,doi,10.5281/zenodo.15172382,Zenodo,dataset_repo,Zenodo,https://zenodo.org/doi/10.5281/zenodo.15172382,zenodo.org,10.5281,cern.zenodo,"Compute Stress Drop for a given Slip Distribution for the Le Teil Earthquake (Mw4.9, 2019/11/11, France)",,Dataset DOI found in relatedPublication_s; expected HAL field is relatedData_s.
hal-05239495,https://hal.science/hal-05239495v2,LUNDIsim : model meshes for flow simulation and scientific data compression benchmarks,ART,10.1002/gdj3.70030,relatedData_s,relatedData_s,True,False,10.5281/zenodo.14641958,doi,10.5281/zenodo.14641958,Zenodo,dataset_repo,Zenodo,https://zenodo.org/doi/10.5281/zenodo.14641958,zenodo.org,10.5281,cern.zenodo,LUNDIsim : open-data multiresolution model meshes with porosity and permeability properties inspired from SPE10 challenge for geoscience and data science applications,,
hal-05249760,https://hal.science/hal-05249760v1,GW250114: Testing Hawking’s Area Law and the Kerr Nature of Black Holes,ART,10.1103/kw5g-d732,relatedPublication_s,relatedData_s,False,True,10.5281/zenodo.16877102,doi,10.5281/zenodo.16877102,Zenodo,dataset_repo,Zenodo,https://zenodo.org/doi/10.5281/zenodo.16877102,zenodo.org,10.5281,cern.zenodo,GW250114 discovery paper figure scripts,,Dataset DOI found in relatedPublication_s; expected HAL field is relatedData_s.
hal-05250749,https://hal.science/hal-05250749v1,Prospects for dark matter observations in dwarf spheroidal galaxies with the Cherenkov Telescope Array Observatory,ART,10.1093/mnras/staf1798,relatedData_s,relatedData_s,True,False,10.5281/zenodo.5499840,doi,10.5281/zenodo.5499840,Zenodo,dataset_repo,Zenodo,https://zenodo.org/record/5499840,zenodo.org,10.5281,cern.zenodo,CTAO Instrument Response Functions - prod5 version v0.1,,
hal-05251997,https://hal.science/hal-05251997v3,Hommages dans les universités. Constitution d’une base de données sur les doctorats honoris causa en France,ART,10.46298/dc.16514,relatedData_s,relatedData_s,True,False,10.34847/nkl.6cae1i7s,doi,10.34847/nkl.6cae1i7s,NAKALA,dataset_repo,NAKALA - https://nakala.fr (Huma-Num - CNRS),https://nakala.fr/10.34847/nkl.6cae1i7s,nakala.fr,10.34847,inist.humanum,Inventaire des doctorats honoris causa en France,,
hal-05251997,https://hal.science/hal-05251997v3,Hommages dans les universités. Constitution d’une base de données sur les doctorats honoris causa en France,ART,10.46298/dc.16514,seeAlso_s,relatedData_s,False,False,https://w.wiki/CTWe,url,,,,,,,,,,,
hal-05266438,https://hal.science/hal-05266438v1,The Role of Stress Distribution in Seismic Cycle Complexity of a Long Laboratory Fault,ART,10.1029/2025GL116440,relatedData_s,relatedData_s,True,False,10.5281/zenodo.15167862,doi,10.5281/zenodo.15167862,Zenodo,dataset_repo,Zenodo,https://zenodo.org/doi/10.5281/zenodo.15167862,zenodo.org,10.5281,cern.zenodo,"Data set for: ""Stress Distribution and Seismic Cycle Complexity on a Long Laboratory Fault""",,
hal-05270001,https://hal.science/hal-05270001v1,"Offshore Record of Explosive Volcanic Eruptions in the Southern Part of the Panamá Basin During the Past 10 Myr: 1. Tephrostratigraphy, Cross‐Correlations and Geochemical Characterization",ART,10.1029/2025GC012276,relatedData_s,relatedData_s,True,False,10.5281/zenodo.16088330,doi,10.5281/zenodo.16088330,Zenodo,dataset_repo,Zenodo,https://zenodo.org/doi/10.5281/zenodo.16088330,zenodo.org,10.5281,cern.zenodo,Geochemical analyses of marine tephra layers collected offshore Ecuador during the DSDP Leg 69 and ODP Legs 111 and 202,,
hal-05282767,https://hal.inrae.fr/hal-05282767v1,Identification and characterization of specific motifs in effector proteins of plant parasites using MOnSTER,ART,10.1038/s42003-024-06515-9,relatedPublication_s,relatedData_s,False,True,10.5281/zenodo.11368310,doi,10.5281/zenodo.11368310,Zenodo,dataset_repo,Zenodo,https://zenodo.org/doi/10.5281/zenodo.11368310,zenodo.org,10.5281,cern.zenodo,Plant-Net/MOnSTER_PROMOCA: v1.0,,Dataset DOI found in relatedPublication_s; expected HAL field is relatedData_s.
hal-05282767,https://hal.inrae.fr/hal-05282767v1,Identification and characterization of specific motifs in effector proteins of plant parasites using MOnSTER,ART,10.1038/s42003-024-06515-9,seeAlso_s,relatedData_s,False,False,https://github.com/Plant-Net/MOnSTER_PROMOCA.git,url,,,,,,,,,,,
hal-05326456,https://hal.science/hal-05326456v1,"Naming, structuring and organising data",COMM,,relatedPublication_s,relatedData_s,False,False,10.60527/cs9j-2x18,doi,10.60527/cs9j-2x18,Canal-U,publication_landing,Université Côte d’Azur,https://www.canal-u.tv/,canal-u.tv,10.60527,fmsh.prod,"Journée ""Cycle de vie / Gestion des données de la biologie"" 11 - Nommer, structurer et organiser ses données",,
hal-05396154,https://hal.science/hal-05396154v2,Dynamics of transport by helical edge states,ART,10.1103/c6g6-4sgm,relatedPublication_s,relatedData_s,False,True,10.5281/zenodo.17406961,doi,10.5281/zenodo.17406961,Zenodo,dataset_repo,Zenodo,https://zenodo.org/doi/10.5281/zenodo.17406961,zenodo.org,10.5281,cern.zenodo,PyBott,,Dataset DOI found in relatedPublication_s; expected HAL field is relatedData_s.
hal-05411174,https://hal.science/hal-05411174v1,Multiple moonlet mergers as the origin of the Dinkinesh-Selam system,ART,10.1038/s41467-025-66484-3,relatedData_s,relatedData_s,True,False,10.26007/kvc4-2t38,doi,10.26007/kvc4-2t38,NASA Planetary Data System,other,NASA Planetary Data System,https://pdssbn.astro.umd.edu/holdings/pds4-lucy.llorri:data_dinkinesh_partially_processed-v1.0/SUPPORT/dataset.shtml,pdssbn.astro.umd.edu,10.26007,sbn.archive,Lucy LOng Range Reconnaissance Imager (L'LORRI) Dinkinesh Partially Processed Data Collection,,
hal-05438311,https://hal.science/hal-05438311v1,"Precise relocation of the 14 August 2021 M<sub>w</sub> 7.2 Nippes, Haiti, earthquake sequence using broadband and citizen-hosted short-period seismometers",ART,10.1016/j.tecto.2025.230982,relatedData_s,relatedData_s,True,False,10.7914/sn/hy,doi,10.7914/sn/hy,FDSN / seismic network,dataset_repo,International Federation of Digital Seismograph Networks,https://www.fdsn.org/networks/detail/HY/,fdsn.org,10.7914,iris.iris,UEH Seismic Network,,
hal-05442132,https://hal.science/hal-05442132v1,"Monitoring and volatile organic compounds characterization (isoprene, monoterpene and BTEX) in a tropical-oceanic environment in Reunion island (Indian ocean, south hemisphere)",ART,10.3389/fenvs.2025.1704158,relatedData_s,relatedData_s,True,False,10.26171/5w3r-mv08,doi,10.26171/5w3r-mv08,OSU Réunion,dataset_repo,Observatoire des Sciences de l'Univers de la Réunion,https://geosur.osureunion.fr/geonetwork/srv/eng/catalog.search#/metadata/65111ab4-e698-4811-9c16-0df040b078ec,geosur.osureunion.fr,10.26171,inist.ur,"Composé Organique Volatil (COV), site d'observation OPAR-Maido, Infrastructure de Recherche ACTRIS (SNO GAZIS) ",,
hal-05442132,https://hal.science/hal-05442132v1,"Monitoring and volatile organic compounds characterization (isoprene, monoterpene and BTEX) in a tropical-oceanic environment in Reunion island (Indian ocean, south hemisphere)",ART,10.3389/fenvs.2025.1704158,relatedData_s,relatedData_s,True,False,10.26171/zw58-kx44,doi,10.26171/zw58-kx44,OSU Réunion,dataset_repo,Observatoire des Sciences de l'Univers de la Réunion,https://geosur.osureunion.fr/geonetwork/srv/eng/catalog.search#/metadata/c71614ed-b8ee-4145-843e-6ad3903a65d0,geosur.osureunion.fr,10.26171,inist.ur,"Composé Organique Volatil (COV), site d'observation OZC-R Mare-Longue",,
hal-05456289,https://hal.science/hal-05456289v1,Harnessing converted phases for rapid magnitude estimation and early warning with distributed acoustic sensing offshore Chile,ART,10.1038/s43247-025-03167-3,relatedData_s,relatedData_s,True,False,10.5281/zenodo.17915024,doi,10.5281/zenodo.17915024,Zenodo,dataset_repo,Zenodo,https://zenodo.org/doi/10.5281/zenodo.17915024,zenodo.org,10.5281,cern.zenodo,"Materials for ""Harnessing converted phases for rapid magnitude estimation and early warning with distributed acoustic sensing offshore Chile""",,
hal-05456294,https://hal.science/hal-05456294v1,Toward Back‐Projection Earthquake Rupture Imaging With Ocean Bottom Distributed Acoustic Sensing,ART,10.1029/2025JB031483,relatedData_s,relatedData_s,True,False,10.5281/zenodo.15603976,doi,10.5281/zenodo.15603976,Zenodo,dataset_repo,Zenodo,https://zenodo.org/doi/10.5281/zenodo.15603976,zenodo.org,10.5281,cern.zenodo,Strain-Rate Data and Sediment Corrections for Ocean-Bottom DAS Back-Projection,,
hal-05456294,https://hal.science/hal-05456294v1,Toward Back‐Projection Earthquake Rupture Imaging With Ocean Bottom Distributed Acoustic Sensing,ART,10.1029/2025JB031483,relatedData_s,relatedData_s,True,False,10.7914/SN/S1,doi,10.7914/SN/S1,FDSN / seismic network,dataset_repo,AusPass,https://www.fdsn.org/networks/detail/S1/,fdsn.org,10.7914,iris.iris,Australian Seismometers in Schools,,
hal-05456294,https://hal.science/hal-05456294v1,Toward Back‐Projection Earthquake Rupture Imaging With Ocean Bottom Distributed Acoustic Sensing,ART,10.1029/2025JB031483,relatedPublication_s,relatedData_s,False,False,10.31223/X5141G,doi,10.31223/X5141G,DOI prefix 10.31223,unresolved,,,,,,,not_found,
hal-05456294,https://hal.science/hal-05456294v1,Toward Back‐Projection Earthquake Rupture Imaging With Ocean Bottom Distributed Acoustic Sensing,ART,10.1029/2025JB031483,relatedPublication_s,relatedData_s,False,True,10.26186/144675,doi,10.26186/144675,Geoscience Australia,dataset_repo,Commonwealth of Australia (Geoscience Australia),http://pid.geoscience.gov.au/dataset/ga/144675,pid.geoscience.gov.au,10.26186,ardcx.ga,Australian National Seismograph Network Data Collection,,Dataset DOI found in relatedPublication_s; expected HAL field is relatedData_s.
hal-05468120,https://hal.science/hal-05468120v1,Introducing furanocoumarin biosynthetic genes in tomato results in coumarins accumulation and impacted growth,UNDEFINED,10.1101/2025.07.07.663522,relatedData_s,relatedData_s,True,False,10.57745/G2Z4VV,doi,10.57745/G2Z4VV,Recherche Data Gouv,dataset_repo,Recherche Data Gouv,https://entrepot.recherche.data.gouv.fr/citation?persistentId=doi:10.57745/G2Z4VV,entrepot.recherche.data.gouv.fr,10.57745,rdg.prod,Rnaseq data from tomato (leaves and roots) expressing the furanocoumarin biosynthetic genes,,
hal-05488408,https://media.hal.science/hal-05488408v1,Droit comme un arbre - Episode 2 :Justice sociale et justice fiscale : sur qui pèse la transition ?,SON,,relatedData_s,relatedData_s,True,False,hal-05486614,hal_id,,,,,,,,,,,
hal-05488408,https://media.hal.science/hal-05488408v1,Droit comme un arbre - Episode 2 :Justice sociale et justice fiscale : sur qui pèse la transition ?,SON,,seeAlso_s,relatedData_s,False,False,https://www.vodio.fr/vodiotheque/i/30185/justice-sociale-et-justice-fiscale-sur-qui-pese-la-transition/,url,,,,,,,,,,,
hal-05538129,https://hal.inrae.fr/hal-05538129v1,High-resolution genome assembly and linkage mapping in Meloidogyne hapla reveal non-canonical telomere repeats and recombination hotspots associated with effector proteins,ART,10.1371/journal.ppat.1013706,relatedData_s,relatedData_s,True,False,10.5281/zenodo.15484846,doi,10.5281/zenodo.15484846,Zenodo,dataset_repo,Zenodo,https://zenodo.org/doi/10.5281/zenodo.15484846,zenodo.org,10.5281,cern.zenodo,Supplementary and Source Data for Meloidogyne hapla (VW9) genome paper,,
hal-05538163,https://hal.inrae.fr/hal-05538163v1,Modeling omics integration with HIVE identifies response signatures to multifactorial stress in plants,ART,10.1093/plphys/kiaf618,relatedPublication_s,relatedData_s,False,True,10.5281/zenodo.14944705,doi,10.5281/zenodo.14944705,Zenodo,dataset_repo,Zenodo,https://zenodo.org/doi/10.5281/zenodo.14944705,zenodo.org,10.5281,cern.zenodo,Plant-Net/HIVE: v1.0-alpha,,Dataset DOI found in relatedPublication_s; expected HAL field is relatedData_s.
hal-05582221,https://hal.science/hal-05582221v1,Publication of the uncertain locations of French ports of eighteenth century in a gazetteer,COUV,,relatedPublication_s,relatedData_s,False,False,10.59641/vv634yh,doi,10.59641/vv634yh,DOI prefix 10.59641,unresolved,,,,,,,not_found,
hal-05582221,https://hal.science/hal-05582221v1,Publication of the uncertain locations of French ports of eighteenth century in a gazetteer,COUV,,seeAlso_s,relatedData_s,False,False,https://anr.portic.fr/,url,,,,,,,,,,,
hal-05593448,https://hal.science/hal-05593448v1,A Rate‐and‐State Friction Based Criterion for the Probability of Earthquake Fault Jumps,ART,10.1029/2025JB031449,relatedData_s,relatedData_s,True,False,10.5281/zenodo.18503858,doi,10.5281/zenodo.18503858,Zenodo,dataset_repo,Zenodo,https://zenodo.org/doi/10.5281/zenodo.18503858,zenodo.org,10.5281,cern.zenodo,Seismic cycle simulations and results for manuscript:  A rate-and-state friction based criterion for the probability of earthquake fault jumps,,
hal-05621424,https://hal.science/hal-05621424v1,An archaeo-metabolomics approach for identifying cedar tar in archaeological samples: differentiating plant products and production processes,ART,10.1038/s41598-026-50080-6,relatedData_s,relatedData_s,True,False,10.6084/m9.figshare.30665321,doi,10.6084/m9.figshare.30665321,Figshare,dataset_repo,figshare,https://figshare.com/articles/dataset/An_archaeo-metabolomics_approach_for_identifying_cedar_tar_in_archaeological_samples_differentiating_plant_products_and_production_processes_data_set_/30665321,figshare.com,10.6084,figshare.ars,An archaeo-metabolomics approach for identifying cedar tar in archaeological samples: differentiating plant products and production processes (data set),,
hal-05625446,https://hal.science/hal-05625446v1,"Ungulate mobility and Neandertal predation agenda in Axlor level D (Basque Country, northatlantic Iberia)",COMM,,relatedData_s,relatedData_s,True,False,10.5281/zenodo.14750261,doi,10.5281/zenodo.14750261,Zenodo,dataset_repo,Zenodo,https://zenodo.org/doi/10.5281/zenodo.14750261,zenodo.org,10.5281,cern.zenodo,"Dental wear raw data for Neandertal predation agenda during MIS 5 to 4 transition in Axlor level D (Basque Country, northatlantic Iberia)",,
hal-05625446,https://hal.science/hal-05625446v1,"Ungulate mobility and Neandertal predation agenda in Axlor level D (Basque Country, northatlantic Iberia)",COMM,,relatedPublication_s,relatedData_s,False,False,hal-05623425,hal_id,,,,,,,,,,,
hal-05630218,https://hal.science/hal-05630218v1,Towards Tsunami Early-Warning with Distributed Acoustic Sensing: Expected Seafloor Strains Induced by Tsunamis,ART,10.1007/s00024-026-03940-1,relatedData_s,relatedData_s,True,False,10.57745/ENBAIS,doi,10.57745/ENBAIS,Recherche Data Gouv,dataset_repo,Recherche Data Gouv,https://entrepot.recherche.data.gouv.fr/citation?persistentId=doi:10.57745/ENBAIS,entrepot.recherche.data.gouv.fr,10.57745,rdg.prod,Replication Data for: Towards tsunami early-warning with Distributed Acoustic Sensing: expected seafloor strains induced by tsunamis,,
hal-05633888,https://hal.science/hal-05633888v1,Untargeted metabolomic dataset of leaves from twenty-four accessions of wild and cultivated tomato plants,ART,10.1016/j.dib.2026.112828,relatedData_s,relatedData_s,True,False,10.57745/QM0BOR,doi,10.57745/QM0BOR,Recherche Data Gouv,dataset_repo,Recherche Data Gouv,https://entrepot.recherche.data.gouv.fr/citation?persistentId=doi:10.57745/QM0BOR,entrepot.recherche.data.gouv.fr,10.57745,rdg.prod,Untargeted metabolomic dataset of leaves from twenty four accessions of wild and cultivated tomato plants,,
hal-05662277,https://hal.science/hal-05662277v1,The ExEco Dataset: A Textual Dataset of French Economic and Social Thought (1918–1960),UNDEFINED,,relatedData_s,relatedData_s,True,False,10.34847/nkl.0dee15ow,doi,10.34847/nkl.0dee15ow,NAKALA,dataset_repo,NAKALA - https://nakala.fr (Huma-Num - CNRS),https://nakala.fr/10.34847/nkl.0dee15ow,nakala.fr,10.34847,inist.humanum,The ExEco Dataset: A Textual Dataset of French Economic and Social Thought (1918–1960),,
hal-05681913,https://hal.science/hal-05681913v1,Safety First! Modelling Requirements from GPT-5 System Card using Lightweight Safety Models,COMM,,relatedData_s,relatedData_s,True,False,10.5281/zenodo.20446669,doi,10.5281/zenodo.20446669,Zenodo,dataset_repo,Zenodo,https://zenodo.org/doi/10.5281/zenodo.20446669,zenodo.org,10.5281,cern.zenodo,MoDRE26 - Safety First! Modelling Requirements from GPT-5 System Card using Lightweight Safety Models,,
hal-05689658,https://minesparis-psl.hal.science/hal-05689658v1,Propagation of fluid-driven aseismic slip fronts under upper crustal conditions,ART,10.1126/sciadv.aeb0234,relatedData_s,relatedData_s,True,False,10.5281/zenodo.19255031,doi,10.5281/zenodo.19255031,Zenodo,dataset_repo,Zenodo,https://zenodo.org/doi/10.5281/zenodo.19255031,zenodo.org,10.5281,cern.zenodo,Dataset for: Propagation of fluid-driven aseismic slip fronts under upper crustal conditions,,
hal-05708417,https://hal.science/hal-05708417v1,Le début du Néolithique moyen en Provence occidentale : vers un phasage chronologique des productions matérielles céramiques et lithiques du 5e millénaire avant notre ère,ART,10.4000/16m8a,relatedPublication_s,relatedData_s,False,True,10.34847/nkl.f3e98xlq,doi,10.34847/nkl.f3e98xlq,NAKALA,dataset_repo,NAKALA - https://nakala.fr (Huma-Num - CNRS),https://nakala.fr/10.34847/nkl.f3e98xlq,nakala.fr,10.34847,inist.humanum,La céramique du début du Néolithique moyen en Provence occidentale : matériaux exploités et dégraissants,,Dataset DOI found in relatedPublication_s; expected HAL field is relatedData_s.
hal-05721890,https://hal.science/hal-05721890v1,The Asian ladybird Harmonia axyridis at the interface between biological control and invasion: insights from population and quantitative genetics,UNDEFINED,,relatedData_s,relatedData_s,True,False,10.57745/QHUQOP,doi,10.57745/QHUQOP,Recherche Data Gouv,dataset_repo,Recherche Data Gouv,https://entrepot.recherche.data.gouv.fr/citation?persistentId=doi:10.57745/QHUQOP,entrepot.recherche.data.gouv.fr,10.57745,rdg.prod,"Data package for the manuscript ""The Asian ladybird Harmonia axyridis at the interface between biological control and invasion: insights from population and quantitative genetics""",,
hal-05721920,https://hal.science/hal-05721920v1,Semi‐Natural Habitats Buffer the Effects of Crop Diversification on Arthropod Pest Control Services in Agricultural Landscapes,ART,10.1111/ele.70440,relatedData_s,relatedData_s,True,False,10.5281/zenodo.17379612,doi,10.5281/zenodo.17379612,Zenodo,dataset_repo,Zenodo,https://zenodo.org/doi/10.5281/zenodo.17379612,zenodo.org,10.5281,cern.zenodo,Data and Code from : Semi-natural habitats buffer the context-dependent effects of crop diversification on pest control services in agricultural landscapes,,
hal-05753052,https://hal.science/hal-05753052v1,The SORTEE guidelines for data and code quality control in ecology and evolutionary biology,ART,10.24072/pcjournal.687,relatedPublication_s,relatedData_s,False,False,10.24072/pci.ecology.100857,doi,10.24072/pci.ecology.100857,DOI prefix 10.24072,unresolved,,,,,,,not_found,
hal-05753637,https://hal.science/hal-05753637v1,Tracking Deep Mantle Melting on Mars Using Phobos Tides,ART,10.1029/2026JE009726,relatedData_s,relatedData_s,True,False,10.5281/zenodo.21775722,doi,10.5281/zenodo.21775722,Zenodo,dataset_repo,Zenodo,https://zenodo.org/doi/10.5281/zenodo.21775722,zenodo.org,10.5281,cern.zenodo,Data : Tracking Mantle Melting on Mars Using Phobos Tides,,
hal-05753637,https://hal.science/hal-05753637v1,Tracking Deep Mantle Melting on Mars Using Phobos Tides,ART,10.1029/2026JE009726,relatedPublication_s,relatedData_s,False,False,10.1093/gji/ggac263,doi,10.1093/gji/ggac263,Journal DOI (10.1093),publication_landing,,,,,,,not_found,
halshs-00006898,https://shs.hal.science/halshs-00006898v1,Les débuts dans la vie active des jeunes issus de l'immigration après des études supérieures,ART,,relatedData_s,relatedData_s,True,False,10.13144/lil-0167,doi,10.13144/lil-0167,Progedo-Adisp,dataset_repo,Progedo-Adisp,https://data.progedo.fr/studies/doi/10.13144/lil-0167,data.progedo.fr,10.13144,inist.adisp,Génération 1998 - Interrogation à 3 ans - 2001,,
halshs-01930832,https://shs.hal.science/halshs-01930832v1,Procedural and Optimization Implementation of the Weighted ENSC value,ART,10.1007/s11238-019-09697-5,relatedPublication_s,relatedData_s,False,False,10.1007/s11238-019-09697-5,doi,10.1007/s11238-019-09697-5,Journal DOI (10.1007),publication_landing,,,,,,,not_found,
halshs-01948177,https://shs.hal.science/halshs-01948177v1,"Design complexity, vertical disintegration and knowledge organization in the semiconductor industry",ART,,relatedPublication_s,relatedData_s,False,False,10.1093/icc/dtm006,doi,10.1093/icc/dtm006,Journal DOI (10.1093),publication_landing,,,,,,,not_found,
halshs-01948469,https://shs.hal.science/halshs-01948469v1,A Framework for Examining the Heterogeneous Opportunities of Value Creation in Private Equity Buyouts,ART,,relatedPublication_s,relatedData_s,False,False,10.1561/109.00000019,doi,10.1561/109.00000019,DOI prefix 10.1561,unresolved,,,,,,,not_found,
halshs-02046694,https://shs.hal.science/halshs-02046694v1,Anticipating and simulating the change dynamics to diagnose and improve the resilience of an urban territorial system,ART,,relatedPublication_s,relatedData_s,False,False,10.21494/ISTE.OP.2018.0200,doi,10.21494/ISTE.OP.2018.0200,DOI prefix 10.21494,unresolved,,,,,,,not_found,
halshs-02046772,https://shs.hal.science/halshs-02046772v1,Les transformations morphologiques du tissu bâti de Beyrouth depuis 1950 - Analyse morpho-dynamique à échelle fine,ART,,relatedPublication_s,relatedData_s,False,False,10.4000/mediterranee.11208,doi,10.4000/mediterranee.11208,Journal DOI (10.4000),publication_landing,,,,,,,not_found,
halshs-02477570,https://shs.hal.science/halshs-02477570v1,Change from above and resistance to change in the early prescriptive pronouncing dictionaries of English,ART,,relatedPublication_s,relatedData_s,False,False,10.2478/stap-2019-0015,doi,10.2478/stap-2019-0015,DOI prefix 10.2478,unresolved,,,,,,,not_found,
halshs-02652628,https://shs.hal.science/halshs-02652628v1,À l’ombre du Panthéon : ethnographier les sans-abri à Rome,ART,,relatedPublication_s,relatedData_s,False,False,10.3917/tt.036.0109,doi,10.3917/tt.036.0109,Journal DOI (10.3917),publication_landing,,,,,,,not_found,
halshs-03052172,https://shs.hal.science/halshs-03052172v1,Money to move: The effect on researchers of an international mobility grant,ART,,relatedPublication_s,relatedData_s,False,False,10.1016/j.respol.2020.104077,doi,10.1016/j.respol.2020.104077,Journal DOI (10.1016),publication_landing,,,,,,,not_found,
halshs-03333909,https://shs.hal.science/halshs-03333909v1,La conversation des encyclopédistes,OUV,,relatedPublication_s,relatedData_s,False,False,10.4000/rursuspicae.1311,doi,10.4000/rursuspicae.1311,Journal DOI (10.4000),publication_landing,,,,,,,not_found,
halshs-03333909,https://shs.hal.science/halshs-03333909v1,La conversation des encyclopédistes,OUV,,relatedPublication_s,relatedData_s,False,False,hal-03133003,hal_id,,,,,,,,,,,
halshs-03370962,https://shs.hal.science/halshs-03370962v1,"Unequal housing affordability across European cities. The ESPON Housing Database, Insights on Affordability in Selected Cities in Europe",ART,10.4000/cybergeo.36478,relatedData_s,relatedData_s,True,False,10.34847/nkl.aaea911g,doi,10.34847/nkl.aaea911g,NAKALA,dataset_repo,NAKALA - https://nakala.fr (Huma-Num - CNRS),https://nakala.fr/10.34847/nkl.aaea911g,nakala.fr,10.34847,inist.humanum,Unequal housing affordability across European cities,,
halshs-03378879,https://shs.hal.science/halshs-03378879v1,Rethinking Flow beyond Control,OUV,,relatedPublication_s,relatedData_s,False,False,10.4000/books.dice.2527,doi,10.4000/books.dice.2527,Journal DOI (10.4000),publication_landing,,,,,,,not_found,
halshs-03404768,https://shs.hal.science/halshs-03404768v1,Eucken’s Competition with Keynes,COUV,,relatedPublication_s,relatedData_s,False,False,10.1007/978-3-030-47102-6_2,doi,10.1007/978-3-030-47102-6_2,Journal DOI (10.1007),publication_landing,,,,,,,not_found,
halshs-03563374,https://shs.hal.science/halshs-03563374v1,Crisis Management,COUV,,relatedPublication_s,relatedData_s,False,False,10.4135/9781483381503.n278,doi,10.4135/9781483381503.n278,DOI prefix 10.4135,unresolved,,,,,,,not_found,
halshs-03564028,https://shs.hal.science/halshs-03564028v1,In search for new knowledge: When does hiring foreign R&D workers foster exploration?,COMM,,relatedPublication_s,relatedData_s,False,False,10.5465/AMBPP.2021.210,doi,10.5465/AMBPP.2021.210,DOI prefix 10.5465,unresolved,,,,,,,not_found,
halshs-03564064,https://shs.hal.science/halshs-03564064v1,Blockchain as Schumpeter Mark 1 or Mark 2? An empirical analysis of blockchain job offers in France and Germany,COMM,,relatedPublication_s,relatedData_s,False,False,10.1093/icc/dtab009,doi,10.1093/icc/dtab009,Journal DOI (10.1093),publication_landing,,,,,,,not_found,
halshs-03564395,https://shs.hal.science/halshs-03564395v1,Blockchain as Schumpeter Mark 1 or Mark 2? An empirical analysis of blockchain job offers in France and Germany,COMM,,relatedPublication_s,relatedData_s,False,False,10.1093/icc/dtab009,doi,10.1093/icc/dtab009,Journal DOI (10.1093),publication_landing,,,,,,,not_found,
halshs-03565971,https://shs.hal.science/halshs-03565971v1,"The important thing is not to win, it is to take part: What if scientists benefit from participating in research grant competitions?",COMM,,relatedPublication_s,relatedData_s,False,False,10.1016/j.respol.2018.07.021,doi,10.1016/j.respol.2018.07.021,Journal DOI (10.1016),publication_landing,,,,,,,not_found,
halshs-03566054,https://shs.hal.science/halshs-03566054v1,Le financement participatif de projets d’énergies renouvelables (EnR) : éclairages sur le modèle économique et les risques d’une plateforme française,COMM,,relatedPublication_s,relatedData_s,False,False,10.3917/inno.059.0151,doi,10.3917/inno.059.0151,Journal DOI (10.3917),publication_landing,,,,,,,not_found,
halshs-04766888,https://shs.hal.science/halshs-04766888v1,Impacts des objets connectés dans le secteur de la chimie : le cas du projet OSIRIS 4.0,ART,10.36863/mds.a.14005,relatedPublication_s,relatedData_s,False,False,10.36863/mds.a.14005,doi,10.36863/mds.a.14005,DOI prefix 10.36863,unresolved,,,,,,,not_found,
halshs-04766888,https://shs.hal.science/halshs-04766888v1,Impacts des objets connectés dans le secteur de la chimie : le cas du projet OSIRIS 4.0,ART,10.36863/mds.a.14005,seeAlso_s,relatedData_s,False,False,https://management-datascience.org/articles/13977/?cookie-state-change=1730799833206,url,,,,,,,,,,,
insu-03996509,https://insu.hal.science/insu-03996509v1,Instrumentation for Ionized Space Environments: New High Time Resolution Instrumental Modes of Mutual Impedance Experiments,ART,10.1029/2022JA031055,relatedData_s,relatedData_s,True,False,10.5281/zenodo.7278491,doi,10.5281/zenodo.7278491,Zenodo,dataset_repo,Zenodo,https://zenodo.org/record/7278491,zenodo.org,10.5281,cern.zenodo,New high time resolution mutual impedance measurements,,
insu-04197021,https://insu.hal.science/insu-04197021v1,Space Plasma Diagnostics and Spacecraft Charging. The Impact of Plasma Inhomogeneities on Mutual Impedance Experiments,ART,10.1029/2023JA031534,relatedData_s,relatedData_s,True,False,10.5281/zenodo.8119856,doi,10.5281/zenodo.8119856,Zenodo,dataset_repo,Zenodo,https://zenodo.org/record/8119856,zenodo.org,10.5281,cern.zenodo,1D-1V Vlasov-Poisson Simulations of Mutual Impedance Experiments in the presence of small-scale and large-scale plasma inhomogeneities - PART 3,,
insu-04197043,https://insu.hal.science/insu-04197043v1,Two types of slab components under Ecuadorian volcanoes supported by primitive olivine-hosted melt inclusion study,ART,10.1016/j.lithos.2023.107049,relatedData_s,relatedData_s,True,False,10.26022/IEDA/111625,doi,10.26022/IEDA/111625,IEDA,dataset_repo,Interdisciplinary Earth Data Alliance (IEDA),https://ecl.earthchem.org/view.php?id=1625,ecl.earthchem.org,10.26022,xaqp.jamqzm,Olivine-hosted re-heated melt inclusion composition from Ecuadorian volcanoes,,
insu-04227973,https://insu.hal.science/insu-04227973v1,Maps of Solar Wind Plasma Precipitation onto Mercury's Surface: A Geographical Perspective,ART,10.3847/PSJ/acef15,relatedData_s,relatedData_s,True,False,10.5281/zenodo.7927373,doi,10.5281/zenodo.7927373,Zenodo,dataset_repo,Zenodo,https://zenodo.org/record/7927373,zenodo.org,10.5281,cern.zenodo,Maps of solar wind plasma precipitation onto Mercury's surface: a geographical perspective,,
insu-04379375,https://insu.hal.science/insu-04379375v1,Spacecraft Charging Simulations of Probe B1 of Comet Interceptor during the Cometary Flyby,ART,10.3847/1538-4357/ad0ce5,relatedData_s,relatedData_s,True,False,10.5281/zenodo.10083020,doi,10.5281/zenodo.10083020,Zenodo,dataset_repo,Zenodo,https://zenodo.org/doi/10.5281/zenodo.10083020,zenodo.org,10.5281,cern.zenodo,"Data for ""Spacecraft charging simulations of probe B1 of Comet Interceptor during the cometary flyby""",,
insu-04551236,https://insu.hal.science/insu-04551236v1,In situ plasma and neutral gas observation time windows during a comet flyby: Application to the Comet Interceptor mission,ART,10.1016/j.pss.2024.105878,relatedPublication_s,relatedData_s,False,True,10.18758/71021087,doi,10.18758/71021087,BIRA-IASB data,dataset_repo,Royal Belgian Institute for Space Aeronomy,https://data.aeronomie.be/dataset/7e429cb4-3d6d-488e-8365-2f12bf097e6e,data.aeronomie.be,10.18758,delft.bira,Supplementary material for: In situ plasma and neutral gas observation time windows during a comet flyby. Application to the Comet Interceptor mission - Software,,Dataset DOI found in relatedPublication_s; expected HAL field is relatedData_s.
insu-04909657,https://insu.hal.science/insu-04909657v1,Optimal choice of closest approach distance for a comet flyby: Application to the Comet Interceptor mission,ART,10.1016/j.pss.2024.106032,relatedPublication_s,relatedData_s,False,True,10.18758/nn9g6vno,doi,10.18758/nn9g6vno,BIRA-IASB data,dataset_repo,Royal Belgian Institute for Space Aeronomy,https://data.aeronomie.be/dataset/8a692f67-439c-4374-9280-2b24d77779e9,data.aeronomie.be,10.18758,delft.bira,Optimal choice of closest approach distance for a comet flyby: Supplementary material - software,,Dataset DOI found in relatedPublication_s; expected HAL field is relatedData_s.
insu-04923392,https://insu.hal.science/insu-04923392v1,Local Generation of Mirror Modes by Pickup Protons at Mars,ART,10.1029/2024JA033275,relatedData_s,relatedData_s,True,False,10.5281/zenodo.5725288,doi,10.5281/zenodo.5725288,Zenodo,dataset_repo,Zenodo,https://zenodo.org/doi/10.5281/zenodo.5725288,zenodo.org,10.5281,cern.zenodo,"Predicted times, spatial coordinates of bow shock crossings and shock geometry at Mars from the NASA/MAVEN mission, using spacecraft ephemerides and magnetic field data, with a predictor-corrector algorithm",,
insu-04974387,https://insu.hal.science/insu-04974387v1,"Timing of Contractional Stress Propagation, From the Pyrenean Orogen to the Intraplate Domain, Evidenced by U‐Pb Dating of Syn‐Kinematic Calcite",ART,10.1029/2024TC008634,relatedData_s,relatedData_s,True,False,10.17632/8mr86grhnk.1,doi,10.17632/8mr86grhnk.1,Mendeley Data,dataset_repo,Mendeley Data,https://data.mendeley.com/datasets/8mr86grhnk/1,data.mendeley.com,10.17632,bl.mendeley,"U-Pb on syn-kinematic calcite, Pyrenees, France",,
insu-05082245,https://insu.hal.science/insu-05082245v1,Enhancing Debris Flow Warning via Machine Learning Feature Reduction and Model Selection,ART,10.1029/2024JF008094,relatedData_s,relatedData_s,True,False,10.5281/zenodo.15020368,doi,10.5281/zenodo.15020368,Zenodo,dataset_repo,Zenodo,https://zenodo.org/doi/10.5281/zenodo.15020368,zenodo.org,10.5281,cern.zenodo,"Supporting material for ""Enhancing debris flow warning via machine learning feature reduction and model selection""",,
insu-05082245,https://insu.hal.science/insu-05082245v1,Enhancing Debris Flow Warning via Machine Learning Feature Reduction and Model Selection,ART,10.1029/2024JF008094,relatedPublication_s,relatedData_s,False,True,10.12686/SED/NETWORKS/XP,doi,10.12686/SED/NETWORKS/XP,ETH Zurich seismic networks,dataset_repo,ETH Zurich,http://networks.seismo.ethz.ch/networks/9s/,networks.seismo.ethz.ch,10.12686,ethz.sed,Temporary deployments in Switzerland associated with landslides,,Dataset DOI found in relatedPublication_s; expected HAL field is relatedData_s.
insu-05140539,https://insu.hal.science/insu-05140539v1,Evidence for a sub-Jovian planet in the young TWA 7 disk,ART,10.1038/s41586-025-09150-4,relatedData_s,relatedData_s,True,False,10.17909/4qvz-sw62,doi,10.17909/4qvz-sw62,STScI/MAST,dataset_repo,STScI/MAST,http://archive.stsci.edu/doi/resolve/resolve.html?doi=10.17909/4qvz-sw62,archive.stsci.edu,10.17909,stsci.mast,Data used in the JWST/MIRI paper on TWA7 ,,
insu-05410854,https://insu.hal.science/insu-05410854v1,SpectroTranslator: Deep-neural network algorithm for homogenising spectroscopic parameters,ART,10.1051/0004-6361/202450198,relatedData_s,relatedData_s,True,False,10.26093/cds/vizier.36900054,doi,10.26093/cds/vizier.36900054,CDS,dataset_repo,Centre de Donnees Strasbourg (CDS),https://cdsarc.cds.unistra.fr/viz-bin/cat/J/A+A/690/A54,cdsarc.cds.unistra.fr,10.26093,inist.cds,SpectroTranslator GALAH and APOGEE examples,,
insu-05620657,https://insu.hal.science/insu-05620657v1,"Fault Volume Digital Twin to Reproduce the Full Slip Spectrum, Scaling, and Statistical Laws",ART,10.1029/2025JB032915,relatedData_s,relatedData_s,True,False,10.5281/zenodo.18599125,doi,10.5281/zenodo.18599125,Zenodo,dataset_repo,Zenodo,https://zenodo.org/doi/10.5281/zenodo.18599125,zenodo.org,10.5281,cern.zenodo,"Fault volume digital twin to reproduce the full slip spectrum, scaling and statistical laws",,
insu-05687170,https://insu.hal.science/insu-05687170v1,Effect of Solar Wind Turbulence on Temperature-Anisotropy-Driven Modes in Mercury's Magnetosheath,ART,10.1029/2025JA034897,relatedData_s,relatedData_s,True,False,10.5281/zenodo.17672514,doi,10.5281/zenodo.17672514,Zenodo,dataset_repo,Zenodo,https://zenodo.org/doi/10.5281/zenodo.17672514,zenodo.org,10.5281,cern.zenodo,Mercury's magnetosphere with laminar solar wind conditions using the Menura solver,,
insu-05687170,https://insu.hal.science/insu-05687170v1,Effect of Solar Wind Turbulence on Temperature-Anisotropy-Driven Modes in Mercury's Magnetosheath,ART,10.1029/2025JA034897,relatedData_s,relatedData_s,True,False,10.5281/zenodo.17672619,doi,10.5281/zenodo.17672619,Zenodo,dataset_repo,Zenodo,https://zenodo.org/doi/10.5281/zenodo.17672619,zenodo.org,10.5281,cern.zenodo,Mercury's magnetosphere with turbulent solar wind conditions using the Menura solver,,
ird-03774373,https://ird.hal.science/ird-03774373v1,ReefTEMPS documente l'impact local du changement climatique et les paramètres qui influent sur la résilience des écosystèmes récifaux,COMM,,relatedData_s,relatedData_s,True,False,10.17882/55128,doi,10.17882/55128,SEANOE,dataset_repo,SEANOE,https://www.seanoe.org/data/00440/55128/,seanoe.org,10.17882,euvi.seanoe,ReefTEMPS : The Pacific Island coastal ocean observation network,,
ird-03774373,https://ird.hal.science/ird-03774373v1,ReefTEMPS documente l'impact local du changement climatique et les paramètres qui influent sur la résilience des écosystèmes récifaux,COMM,,seeAlso_s,relatedData_s,False,False,https://www.reeftemps.science/,url,,,,,,,,,,,
lirmm-00642899,https://hal-lirmm.ccsd.cnrs.fr/lirmm-00642899v1,Fuzzy Web Data Tables Integration Guided by an Ontological and Terminological Resource,ART,10.1109/TKDE.2011.245,relatedData_s,relatedData_s,True,False,10.15454/NK24ID,doi,10.15454/NK24ID,Recherche Data Gouv,dataset_repo,Recherche Data Gouv,https://entrepot.recherche.data.gouv.fr/citation?persistentId=doi:10.15454/NK24ID,entrepot.recherche.data.gouv.fr,10.15454,rdg.prod,Matter Transfer Ontology,,
lirmm-01346685,https://hal-lirmm.ccsd.cnrs.fr/lirmm-01346685v1,A decision support system for eco-efficient biorefinery process comparison using a semantic approach,ART,10.1016/j.compag.2016.06.020,relatedData_s,relatedData_s,True,False,10.15454/X2MOWO,doi,10.15454/X2MOWO,Recherche Data Gouv,dataset_repo,Recherche Data Gouv,https://entrepot.recherche.data.gouv.fr/citation?persistentId=doi:10.15454/X2MOWO,entrepot.recherche.data.gouv.fr,10.15454,rdg.prod,Biorefinery ontology,,
lirmm-01346685,https://hal-lirmm.ccsd.cnrs.fr/lirmm-01346685v1,A decision support system for eco-efficient biorefinery process comparison using a semantic approach,ART,10.1016/j.compag.2016.06.020,seeAlso_s,relatedData_s,False,False,https://archives-publications.inrae.fr/359143.pdf,url,,,,,,,,,,,
lirmm-01892712,https://hal-lirmm.ccsd.cnrs.fr/lirmm-01892712v1,Choice of environment-friendly food packagings through argumentation systems and preferences,ART,10.1016/j.ecoinf.2018.07.006,relatedData_s,relatedData_s,True,False,10.15454/F4C8I0,doi,10.15454/F4C8I0,Recherche Data Gouv,dataset_repo,INRA,https://data.inrae.fr/citation?persistentId=doi:10.15454/F4C8I0,data.inrae.fr,10.15454,rdg.prod,Consumer perception data about food packaging functionalities for fresh strawberries - Wood packaging consumers’ arguments,,
lirmm-01892712,https://hal-lirmm.ccsd.cnrs.fr/lirmm-01892712v1,Choice of environment-friendly food packagings through argumentation systems and preferences,ART,10.1016/j.ecoinf.2018.07.006,relatedData_s,relatedData_s,True,False,10.15454/GNBUFH,doi,10.15454/GNBUFH,Recherche Data Gouv,dataset_repo,INRA,https://data.inrae.fr/citation?persistentId=doi:10.15454/GNBUFH,data.inrae.fr,10.15454,rdg.prod,Consumer perception data about food packaging functionalities for fresh strawberries - Consumers’ answers to poll for Wood packaging,,
lirmm-01892712,https://hal-lirmm.ccsd.cnrs.fr/lirmm-01892712v1,Choice of environment-friendly food packagings through argumentation systems and preferences,ART,10.1016/j.ecoinf.2018.07.006,relatedPublication_s,relatedData_s,False,False,10.1016/j.dib.2018.09.034,doi,10.1016/j.dib.2018.09.034,Journal DOI (10.1016),publication_landing,,,,,,,not_found,
lirmm-01893516,https://hal-lirmm.ccsd.cnrs.fr/lirmm-01893516v1,A Decision Support Tool for Agricultural Applications Based on Computational Social Choice and Argumentation,ART,10.4018/IJAEIS.2018070104,relatedData_s,relatedData_s,True,False,10.15454/IZJIT7,doi,10.15454/IZJIT7,Recherche Data Gouv,dataset_repo,Recherche Data Gouv,https://entrepot.recherche.data.gouv.fr/citation?persistentId=doi:10.15454/IZJIT7,entrepot.recherche.data.gouv.fr,10.15454,rdg.prod,"Stakeholders' preferences survey about new technology acceptance and potential development for waste management in wine production in Languedoc Roussillon, France",,
lirmm-02162114,https://hal-lirmm.ccsd.cnrs.fr/lirmm-02162114v1,Expertise-based decision support for managing food quality in agri-food companies,ART,10.1016/j.compag.2019.05.052,relatedData_s,relatedData_s,True,False,10.15454/9Z4PS3,doi,10.15454/9Z4PS3,Recherche Data Gouv,dataset_repo,Recherche Data Gouv,https://entrepot.recherche.data.gouv.fr/citation?persistentId=doi:10.15454/9Z4PS3,entrepot.recherche.data.gouv.fr,10.15454,rdg.prod,Capex ontology,,
obspm-05218404,https://hal-obspm.ccsd.cnrs.fr/obspm-05218404v1,Towards 0.1mm/yr stability over decades for measuring sea level using tide gauges together with GNSS-based instruments?,ART,10.1080/01490419.2025.2546920,relatedData_s,relatedData_s,True,False,10.48670/moi-00242,doi,10.48670/moi-00242,Mercator Ocean / Copernicus Marine,dataset_repo,Mercator Ocean International,https://resources.marine.copernicus.eu/product-detail/GLOBAL_OMI_TEMPSAL_sst_area_averaged_anomalies/INFORMATION,resources.marine.copernicus.eu,10.48670,jugt.yxcdej,Global Ocean Sea Surface Temperature time series and trend from Observations Reprocessing,,
obspm-05218404,https://hal-obspm.ccsd.cnrs.fr/obspm-05218404v1,Towards 0.1mm/yr stability over decades for measuring sea level using tide gauges together with GNSS-based instruments?,ART,10.1080/01490419.2025.2546920,relatedData_s,relatedData_s,True,False,10.48670/moi-00268,doi,10.48670/moi-00268,Mercator Ocean / Copernicus Marine,dataset_repo,Mercator Ocean International,https://resources.marine.copernicus.eu/product-detail/MEDSEA_OMI_TEMPSAL_sst_area_averaged_anomalies/INFORMATION,resources.marine.copernicus.eu,10.48670,jugt.yxcdej,Mediterranean Sea Surface Temperature time series and trend from Observations Reprocessing,,
tel-01317630,https://hal.science/tel-01317630v1,Analyse des dynamiques spatio-temporelles des systèmes de peuplement dans un contexte d'incertitude. Application à l'archéologie spatiale.,THESE,,relatedData_s,relatedData_s,True,False,medihal-01259661,other,,,,,,,,,,,
tel-01317630,https://hal.science/tel-01317630v1,Analyse des dynamiques spatio-temporelles des systèmes de peuplement dans un contexte d'incertitude. Application à l'archéologie spatiale.,THESE,,relatedData_s,relatedData_s,True,False,medihal-01259664,other,,,,,,,,,,,
tel-01677884,https://theses.hal.science/tel-01677884v2,From Wireless Networks to Green IT - A Journey Through Stochastic Models and Tools,HDR,,relatedPublication_s,relatedData_s,False,False,10.13140/RG.2.2.27223.01441,doi,10.13140/RG.2.2.27223.01441,ResearchGate,publication_landing,Unpublished,https://www.researchgate.net/doi/10.13140/RG.2.2.27223.01441,researchgate.net,10.13140,rg.rg,From Wireless Networks to Green IT - A Journey Through Stochastic Models and Tools,,
