halId_s,hal_uri,hal_title,hal_docType,publication_doi,source_field,expected_field,field_ok,misfiled_dataset_link,related_raw,related_kind,dataset_doi,repository,object_kind,publisher,landing_url,landing_host,doi_prefix,datacite_client,dataset_title,resolve_error,correction_note
hal-00294463,https://hal.science/hal-00294463v1,The role of enzymes in biomineralization processes,COUV,10.1002/9780470986325.ch3,relatedPublication_s,relatedData_s,False,False,10.1002/9780470986325,doi,10.1002/9780470986325,Journal DOI (10.1002),publication_landing,,,,,,,not_found,
hal-00368239,https://hal.science/hal-00368239v1,Changes in the proton-motive force in Escherichia coli in response to external oxidoreduction potential.,ART,,relatedPublication_s,relatedData_s,False,False,10.1046/j.1432-1327.1999.00429.x,doi,10.1046/j.1432-1327.1999.00429.x,DOI prefix 10.1046,unresolved,,,,,,,not_found,
hal-00368239,https://hal.science/hal-00368239v1,Changes in the proton-motive force in Escherichia coli in response to external oxidoreduction potential.,ART,,seeAlso_s,relatedData_s,False,False,http://hal.archives-ouvertes.fr/hal-00368239,url,,,,,,,,,,,
hal-00368239,https://hal.science/hal-00368239v1,Changes in the proton-motive force in Escherichia coli in response to external oxidoreduction potential.,ART,,seeAlso_s,relatedData_s,False,False,http://www.ncbi.nlm.nih.gov/sites/entrez?db=pubmed&term=10336647,url,,,,,,,,,,,
hal-00492369,https://hal.science/hal-00492369v1,Parasites and behaviour,COUV,10.1093/oso/9780199535323.003.0005,relatedPublication_s,relatedData_s,False,False,10.1093/oso/9780199535323.001.0001,doi,10.1093/oso/9780199535323.001.0001,Journal DOI (10.1093),publication_landing,,,,,,,not_found,
hal-00553245,https://hal.science/hal-00553245v1,A simple algorithm for finding short sigma-definite representatives,ART,,relatedPublication_s,relatedData_s,False,False,10.1016/j.jalgebra.2011.09.039,doi,10.1016/j.jalgebra.2011.09.039,Journal DOI (10.1016),publication_landing,,,,,,,not_found,
hal-00698381,https://hal.science/hal-00698381v1,Biogeographical patterns of soil molecular microbial biomass as influenced by soil characteristics and management,ART,10.1111/j.1466-8238.2010.00628.x,relatedData_s,relatedData_s,True,False,10.57745/VLWJ51,doi,10.57745/VLWJ51,Recherche Data Gouv,dataset_repo,Recherche Data Gouv,https://entrepot.recherche.data.gouv.fr/citation?persistentId=doi:10.57745/VLWJ51,entrepot.recherche.data.gouv.fr,10.57745,rdg.prod,RMQS1 molecular microbial biomass,,
hal-01173741,https://hal.science/hal-01173741v1,L'état des sols de France,OUV,,relatedData_s,relatedData_s,True,False,10.15454/QSXKGA,doi,10.15454/QSXKGA,Recherche Data Gouv,dataset_repo,Portail Data INRAE,https://data.inrae.fr/citation?persistentId=doi:10.15454/QSXKGA,data.inrae.fr,10.15454,rdg.prod,"Analyses physico-chimiques des sites du Réseau de Mesures de la Qualité des Sols (RMQS) du territoire métropolitain pour la 1ère campagne (2000-2009), avec coordonnées théoriques",,
hal-01173741,https://hal.science/hal-01173741v1,L'état des sols de France,OUV,,relatedPublication_s,relatedData_s,False,False,hal-01173740,hal_id,,,,,,,,,,,
hal-01186051,https://hal.science/hal-01186051v1,Permian-Triassic extinctions and rediversifications,COUV,10.1007/978-94-017-9633-0_17,relatedPublication_s,relatedData_s,False,False,10.1007/978-94-017-9633-0,doi,10.1007/978-94-017-9633-0,Journal DOI (10.1007),publication_landing,,,,,,,not_found,
hal-01243497,https://hal.science/hal-01243497v1,"Spatialité, participation et déploiement : la reprise du contact du personnel de service à la table des clients lors d’un repas au restaurant",COUV,10.4000/books.enseditions.32715,relatedPublication_s,relatedData_s,False,False,10.4000/books.enseditions.32610,doi,10.4000/books.enseditions.32610,Journal DOI (10.4000),publication_landing,,,,,,,not_found,
hal-01282981,https://hal.science/hal-01282981v1,Revision of the genus Anasibirites Mojsisovics (Ammonoidea): An iconic and cosmopolitan taxon of the late Smithian (Early Triassic) extinction,ART,10.1002/spp2.1036,relatedData_s,relatedData_s,True,False,10.5061/dryad.bk271,doi,10.5061/dryad.bk271,Dryad,dataset_repo,Dryad,https://datadryad.org/dataset/doi:10.5061/dryad.bk271,datadryad.org,10.5061,dryad.dryad,Data from: Revision of the genus Anasibirites Mojsisovics (Ammonoidea): an iconic and cosmopolitan taxon of the late Smithian (Early Triassic) extinction,,
hal-01295006,https://hal.science/hal-01295006v1,L’évolution du paysage des plaines alluviales du haut bassin versant de la Seine en Pays châtillonnais à l'âge du Fer,COUV,,relatedData_s,relatedData_s,True,False,10.25666/DATAOSU-2017-11-24-02,doi,10.25666/DATAOSU-2017-11-24-02,Laboratoire Chrono-environnement (UMR 6249),other,Laboratoire Chrono-environnement (UMR 6249),https://search-data.ubfc.fr/FR-18008901306731-2017-11-24-02_Pollen-analysis-Vix-F-21-En-la-Laune.html,search-data.ubfc.fr,10.25666,inist.osutheta,"Pollen analysis - Vix (F-21), En-la-Laune",,
hal-01418097,https://agroparistech.hal.science/hal-01418097v1,PO² - A Process and Observation Ontology in Food Science. Application to Dairy Gels,COMM,10.1007/978-3-319-49157-8_13,relatedData_s,relatedData_s,True,False,10.15454/XSVVBW,doi,10.15454/XSVVBW,Recherche Data Gouv,dataset_repo,Recherche Data Gouv,https://entrepot.recherche.data.gouv.fr/citation?persistentId=doi:10.15454/XSVVBW,entrepot.recherche.data.gouv.fr,10.15454,rdg.prod,PO² Process and Observation Ontology,,
hal-01418097,https://agroparistech.hal.science/hal-01418097v1,PO² - A Process and Observation Ontology in Food Science. Application to Dairy Gels,COMM,10.1007/978-3-319-49157-8_13,relatedPublication_s,relatedData_s,False,False,hal-01418097,hal_id,,,,,,,,,,,
hal-01555716,https://ube.hal.science/hal-01555716v1,Anti-Cancer Activity of Resveratrol and Derivatives Produced by Grapevine Cell Suspensions in a 14 L Stirred Bioreactor.,ART,10.3390/molecules22030474,relatedData_s,relatedData_s,True,False,10.57745/HBRMRX,doi,10.57745/HBRMRX,Recherche Data Gouv,dataset_repo,Recherche Data Gouv,https://entrepot.recherche.data.gouv.fr/citation?persistentId=doi:10.57745/HBRMRX,entrepot.recherche.data.gouv.fr,10.57745,rdg.prod,Glycosylated Stilbenes Biobased Production for Cosmetic Applications,,
hal-01559240,https://ube.hal.science/hal-01559240v1,Biophysical characterization of the Lactobacillus delbrueckii subsp. bulgaricus membrane during cold and osmotic stress and its relevance for cryopreservation,ART,10.1007/s00253-016-7935-4,relatedData_s,relatedData_s,True,False,10.15454/ILMSYG,doi,10.15454/ILMSYG,Recherche Data Gouv,dataset_repo,Portail Data INRAE,https://data.inrae.fr/citation?persistentId=doi:10.15454/ILMSYG,data.inrae.fr,10.15454,rdg.prod,Characterization of lactic acid bacteria by FTIR and other analytical approaches to identify markers of cryoresistance,,
hal-01559240,https://ube.hal.science/hal-01559240v1,Biophysical characterization of the Lactobacillus delbrueckii subsp. bulgaricus membrane during cold and osmotic stress and its relevance for cryopreservation,ART,10.1007/s00253-016-7935-4,seeAlso_s,relatedData_s,False,False,https://archives-publications.inrae.fr/390121.pdf,url,,,,,,,,,,,
hal-01576202,https://hal.science/hal-01576202v1,"Genetic structure and invasion history of the house mouse (Mus musculus domesticus) in Senegal, West Africa: a legacy of colonial and contemporary times.",ART,10.1038/hdy.2017.18,relatedData_s,relatedData_s,True,False,10.5061/dryad.n0n60,doi,10.5061/dryad.n0n60,Dryad,dataset_repo,Dryad,https://datadryad.org/dataset/doi:10.5061/dryad.n0n60,datadryad.org,10.5061,dryad.dryad,"Data from: Genetic structure and invasion history of the house mouse (Mus musculus domesticus) in Senegal, West Africa: a legacy of colonial and contemporary times",,
hal-01576202,https://hal.science/hal-01576202v1,"Genetic structure and invasion history of the house mouse (Mus musculus domesticus) in Senegal, West Africa: a legacy of colonial and contemporary times.",ART,10.1038/hdy.2017.18,seeAlso_s,relatedData_s,False,False,http://www.nature.com/hdy/journal/v119/n2/abs/hdy201718a.html,url,,,,,,,,,,,
hal-01576202,https://hal.science/hal-01576202v1,"Genetic structure and invasion history of the house mouse (Mus musculus domesticus) in Senegal, West Africa: a legacy of colonial and contemporary times.",ART,10.1038/hdy.2017.18,seeAlso_s,relatedData_s,False,False,https://archives-publications.inrae.fr/389999.pdf,url,,,,,,,,,,,
hal-01616322,https://hal.science/hal-01616322v4,Quantifying discretization errors for soft tissue simulation in computer assisted surgery: a preliminary study,ART,10.1016/j.apm.2019.07.055,relatedPublication_s,relatedData_s,False,True,10.6084/m9.figshare.8128178.v1,doi,10.6084/m9.figshare.8128178.v1,Figshare,dataset_repo,figshare,https://figshare.com/articles/Quantifying_discretization_errors_for_soft-tissue_simulation_in_computer_assisted_surgery_a_preliminary_study/8128178/1,figshare.com,10.6084,figshare.ars,Quantifying discretization errors for soft-tissue simulation in computer assisted surgery: a preliminary study,,Dataset DOI found only in relatedPublication_s; expected HAL field is relatedData_s.
hal-01675087,https://inria.hal.science/hal-01675087v1,Complex Networks &amp; Their Applications VI,OUV,,relatedPublication_s,relatedData_s,False,False,10.1007/978-3-319-72150-7,doi,10.1007/978-3-319-72150-7,Journal DOI (10.1007),publication_landing,,,,,,,not_found,
hal-01774729,https://hal.science/hal-01774729v1,"BRC4Env, a network of Biological Resource Centres for research in environmental and agricultural sciences",ART,10.1007/s11356-018-1973-7,relatedData_s,relatedData_s,True,False,10.15454/D3ODJM,doi,10.15454/D3ODJM,Recherche Data Gouv,dataset_repo,Portail Data INRAE,https://data.inrae.fr/citation?persistentId=doi:10.15454/D3ODJM,data.inrae.fr,10.15454,rdg.prod,"Colisa, the collection of ichthyological samples.",,
hal-01774729,https://hal.science/hal-01774729v1,"BRC4Env, a network of Biological Resource Centres for research in environmental and agricultural sciences",ART,10.1007/s11356-018-1973-7,relatedData_s,relatedData_s,True,False,10.15454/L7QN45,doi,10.15454/L7QN45,INRAE (prefix 10.15454),other,INRAE,https://www2.dijon.inrae.fr/plateforme_genosol/,www2.dijon.inrae.fr,10.15454,rdg.prod,Soil Microbial Metagenomics Facility,,
hal-01774729,https://hal.science/hal-01774729v1,"BRC4Env, a network of Biological Resource Centres for research in environmental and agricultural sciences",ART,10.1007/s11356-018-1973-7,relatedData_s,relatedData_s,True,False,10.15454/AY4LMT,doi,10.15454/AY4LMT,Recherche Data Gouv,dataset_repo,Portail Data INRAE,https://data.inrae.fr/citation?persistentId=doi:10.15454/AY4LMT,data.inrae.fr,10.15454,rdg.prod,BRC “Egg Parasitoids Collection” (EP-Coll),,
hal-01774729,https://hal.science/hal-01774729v1,"BRC4Env, a network of Biological Resource Centres for research in environmental and agricultural sciences",ART,10.1007/s11356-018-1973-7,relatedData_s,relatedData_s,True,False,10.15454/UQEMVW,doi,10.15454/UQEMVW,Recherche Data Gouv,dataset_repo,Portail Data Inra,https://carrtel-collection.hub.inrae.fr/,carrtel-collection.hub.inrae.fr,10.15454,rdg.prod,Thonon Culture Collection -TCC- a freshwater microalgae collection,,
hal-01774729,https://hal.science/hal-01774729v1,"BRC4Env, a network of Biological Resource Centres for research in environmental and agricultural sciences",ART,10.1007/s11356-018-1973-7,relatedData_s,relatedData_s,True,False,10.15454/TRBJTB,doi,10.15454/TRBJTB,Recherche Data Gouv,dataset_repo,Portail Data INRAE,https://data.inrae.fr/citation?persistentId=doi:10.15454/TRBJTB,data.inrae.fr,10.15454,rdg.prod,"BRC4Env, the Biological Resource Centre for the Environment",,
hal-01774883,https://hal.science/hal-01774883v1,Visual structure of landscapes seen from built environment,ART,10.1016/j.ufug.2018.03.020,relatedData_s,relatedData_s,True,False,10.15454/ECLYGT,doi,10.15454/ECLYGT,Recherche Data Gouv,dataset_repo,Recherche Data Gouv,https://entrepot.recherche.data.gouv.fr/citation?persistentId=doi:10.15454/ECLYGT,entrepot.recherche.data.gouv.fr,10.15454,rdg.prod,Land Use Land Cover High Resolution Map (5-m) for Côte-d’Or (21),,
hal-01774883,https://hal.science/hal-01774883v1,Visual structure of landscapes seen from built environment,ART,10.1016/j.ufug.2018.03.020,seeAlso_s,relatedData_s,False,False,https://www.sciencedirect.com/science/article/pii/S161886671730657X,url,,,,,,,,,,,
hal-01774883,https://hal.science/hal-01774883v1,Visual structure of landscapes seen from built environment,ART,10.1016/j.ufug.2018.03.020,seeAlso_s,relatedData_s,False,False,https://archives-publications.inrae.fr/426685.pdf,url,,,,,,,,,,,
hal-01799848,https://ube.hal.science/hal-01799848v1,Innovations sociales et création de valeur partagée au sein des entreprises,ART,,relatedPublication_s,relatedData_s,False,False,10.3917/vse.204.0095,doi,10.3917/vse.204.0095,Journal DOI (10.3917),publication_landing,,,,,,,not_found,
hal-01800814,https://hal.science/hal-01800814v1,Statistical Atlases and Computational Models of the Heart. ACDC and MMWHS Challenges,PROCEEDINGS,,relatedPublication_s,relatedData_s,False,False,10.1007/978-3-319-75541-0,doi,10.1007/978-3-319-75541-0,Journal DOI (10.1007),publication_landing,,,,,,,not_found,
hal-01820982,https://ube.hal.science/hal-01820982v1,"Molecular analysis of differential antiproliferative activity of resveratrol, epsilon viniferin and labruscol on melanoma cells and normal dermal cells",ART,10.1016/j.fct.2018.04.043,relatedData_s,relatedData_s,True,False,10.57745/HBRMRX,doi,10.57745/HBRMRX,Recherche Data Gouv,dataset_repo,Recherche Data Gouv,https://entrepot.recherche.data.gouv.fr/citation?persistentId=doi:10.57745/HBRMRX,entrepot.recherche.data.gouv.fr,10.57745,rdg.prod,Glycosylated Stilbenes Biobased Production for Cosmetic Applications,,
hal-01822978,https://hal.science/hal-01822978v1,HyTexiLa: High resolution visible and near infrared hyperspectral texture images,ART,10.3390/s18072045,relatedData_s,relatedData_s,True,False,hal-04327838,hal_id,,,,,,,,,,,
hal-01843156,https://hal.science/hal-01843156v1,Mapping and predictive variations of soil bacterial richness across France,ART,10.1371/journal.pone.0186766,relatedData_s,relatedData_s,True,False,10.57745/XBFOJP,doi,10.57745/XBFOJP,Recherche Data Gouv,dataset_repo,Recherche Data Gouv,https://entrepot.recherche.data.gouv.fr/citation?persistentId=doi:10.57745/XBFOJP,entrepot.recherche.data.gouv.fr,10.57745,rdg.prod,RMQS1 16S bioinformatic config files and control sample data,,
hal-01843156,https://hal.science/hal-01843156v1,Mapping and predictive variations of soil bacterial richness across France,ART,10.1371/journal.pone.0186766,relatedData_s,relatedData_s,True,False,10.57745/ZZWKGQ,doi,10.57745/ZZWKGQ,Recherche Data Gouv,dataset_repo,Recherche Data Gouv,https://entrepot.recherche.data.gouv.fr/citation?persistentId=doi:10.57745/ZZWKGQ,entrepot.recherche.data.gouv.fr,10.57745,rdg.prod,RMQS1 16S operational taxonomic units,,
hal-01843156,https://hal.science/hal-01843156v1,Mapping and predictive variations of soil bacterial richness across France,ART,10.1371/journal.pone.0186766,seeAlso_s,relatedData_s,False,False,http://journals.plos.org/plosone/,url,,,,,,,,,,,
hal-01843961,https://institut-agro-dijon.hal.science/hal-01843961v1,Biogeography of soil bacteria and archaea across France,ART,10.1126/sciadv.aat1808,relatedData_s,relatedData_s,True,False,10.15454/J9H4BS,doi,10.15454/J9H4BS,Recherche Data Gouv,dataset_repo,Portail Data INRAE,https://data.inrae.fr/citation?persistentId=doi:10.15454/J9H4BS,data.inrae.fr,10.15454,rdg.prod,Données de réplication pour : Biogeography of soil bacteria and archaea across France,,
hal-01843961,https://institut-agro-dijon.hal.science/hal-01843961v1,Biogeography of soil bacteria and archaea across France,ART,10.1126/sciadv.aat1808,relatedData_s,relatedData_s,True,False,10.57745/WIRXIC,doi,10.57745/WIRXIC,Recherche Data Gouv,dataset_repo,Recherche Data Gouv,https://entrepot.recherche.data.gouv.fr/citation?persistentId=doi:10.57745/WIRXIC,entrepot.recherche.data.gouv.fr,10.57745,rdg.prod,RMQS1 16S taxonomy,,
hal-01844377,https://institut-agro-dijon.hal.science/hal-01844377v1,Predictive model of soil molecular microbial biomass,ART,10.1016/j.ecolind.2015.12.004,relatedData_s,relatedData_s,True,False,10.57745/VLWJ51,doi,10.57745/VLWJ51,Recherche Data Gouv,dataset_repo,Recherche Data Gouv,https://entrepot.recherche.data.gouv.fr/citation?persistentId=doi:10.57745/VLWJ51,entrepot.recherche.data.gouv.fr,10.57745,rdg.prod,RMQS1 molecular microbial biomass,,
hal-01862342,https://institut-agro-dijon.hal.science/hal-01862342v1,Quantifying and modelling C and N mineralization kinetics of catch crop residues in soil: parameterization of the residue decomposition module of STICS model for mature and non mature residues,ART,10.1007/s11104-009-9966-4,relatedPublication_s,relatedData_s,False,False,10.15454/YWLPLN,doi,10.15454/YWLPLN,Recherche Data Gouv,other,,,,,,,not_found,
hal-01862342,https://institut-agro-dijon.hal.science/hal-01862342v1,Quantifying and modelling C and N mineralization kinetics of catch crop residues in soil: parameterization of the residue decomposition module of STICS model for mature and non mature residues,ART,10.1007/s11104-009-9966-4,seeAlso_s,relatedData_s,False,False,https://archives-publications.inrae.fr/29266.pdf,url,,,,,,,,,,,
hal-01862674,https://institut-agro-dijon.hal.science/hal-01862674v1,Biochemical Quality of Crop Residues and Carbon and Nitrogen Mineralization Kinetics under Nonlimiting Nitrogen Conditions,ART,10.2136/sssaj2000.643918x,relatedPublication_s,relatedData_s,False,False,10.15454/GSTA8V,doi,10.15454/GSTA8V,Recherche Data Gouv,other,,,,,,,not_found,
hal-01862674,https://institut-agro-dijon.hal.science/hal-01862674v1,Biochemical Quality of Crop Residues and Carbon and Nitrogen Mineralization Kinetics under Nonlimiting Nitrogen Conditions,ART,10.2136/sssaj2000.643918x,relatedPublication_s,relatedData_s,False,False,10.15454/RIC0ZJ,doi,10.15454/RIC0ZJ,Recherche Data Gouv,other,,,,,,,not_found,
hal-01900414,https://hal.science/hal-01900414v1,The Rapoport effect and the climatic variability hypothesis in Early Jurassic ammonites,ART,10.1111/pala.12389,relatedData_s,relatedData_s,True,False,10.5061/dryad.dh46139,doi,10.5061/dryad.dh46139,Dryad,dataset_repo,Dryad,https://datadryad.org/dataset/doi:10.5061/dryad.dh46139,datadryad.org,10.5061,dryad.dryad,Data from: The Rapoport effect and the climatic variability hypothesis in Early Jurassic ammonites,,
hal-01905729,https://hal.science/hal-01905729v1,Palaeobiogeographical distribution of Smithian (Early Triassic) ammonoid faunas within the western USA basin and its controlling parameters.,ART,10.1111/pala.12375,relatedData_s,relatedData_s,True,False,10.5061/dryad.m1h132h,doi,10.5061/dryad.m1h132h,Dryad,dataset_repo,Dryad,https://datadryad.org/dataset/doi:10.5061/dryad.m1h132h,datadryad.org,10.5061,dryad.dryad,Data from: Palaeobiogeographical structuration of Smithian (Early Triassic) ammonoid faunas within the western USA basin and its controlling parameters,,
hal-01905729,https://hal.science/hal-01905729v1,Palaeobiogeographical distribution of Smithian (Early Triassic) ammonoid faunas within the western USA basin and its controlling parameters.,ART,10.1111/pala.12375,seeAlso_s,relatedData_s,False,False,https://datadryad.org/stash/dataset/doi:10.5061/dryad.m1h132h,doi,10.5061/dryad.m1h132h,Dryad,dataset_repo,Dryad,https://datadryad.org/dataset/doi:10.5061/dryad.m1h132h,datadryad.org,10.5061,dryad.dryad,Data from: Palaeobiogeographical structuration of Smithian (Early Triassic) ammonoid faunas within the western USA basin and its controlling parameters,,
hal-01911071,https://hal.science/hal-01911071v1,Géoarchéologie du site antique de Molesme en vallée de Laigne (Côte-d’Or) : mise en évidence de l’impact anthropique sur la sédimentation alluviale,ART,10.3406/galia.2006.3298,relatedData_s,relatedData_s,True,False,10.25666/DATAUBFC-2019-07-09-07,doi,10.25666/DATAUBFC-2019-07-09-07,Laboratoire Chrono-environnement (UMR 6249),other,Laboratoire Chrono-environnement (UMR 6249),https://search-data.ubfc.fr/FR-18008901306731-2019-07-09-07_Pollen-analysis-Molesme-F-21-Marais-de.html,search-data.ubfc.fr,10.25666,inist.osutheta,"Pollen analysis - Molesme (F-21), Marais de l'Abîme",,
hal-01960851,https://ube.hal.science/hal-01960851v1,Effets secondaires thyroïdiens sous immunothérapie anti-PD1 : évaluation des facteurs de survenue,COMM,,relatedPublication_s,relatedData_s,False,False,10.1016/j.ando.2018.06.291,doi,10.1016/j.ando.2018.06.291,Journal DOI (10.1016),publication_landing,,,,,,,not_found,
hal-01960889,https://ube.hal.science/hal-01960889v1,Effet secondaire inattendu de la métyrapone : à propos d’un cas,COMM,,relatedPublication_s,relatedData_s,False,False,10.1016/j.ando.2018.06.399,doi,10.1016/j.ando.2018.06.399,Journal DOI (10.1016),publication_landing,,,,,,,not_found,
hal-02028459,https://hal.science/hal-02028459v1,Mutation du patient et construction d'un marché de la santé. L'expérience française,ART,,relatedPublication_s,relatedData_s,False,False,10.3917/rfse.001.0027,doi,10.3917/rfse.001.0027,Journal DOI (10.3917),publication_landing,,,,,,,not_found,
hal-02043246,https://agroparistech.hal.science/hal-02043246v1,"Relating transformation process, eco-design, composition and sensory quality in cheeses using PO2 ontology",ART,10.1016/j.idairyj.2019.01.003,relatedData_s,relatedData_s,True,False,10.15454/XSVVBW,doi,10.15454/XSVVBW,Recherche Data Gouv,dataset_repo,Recherche Data Gouv,https://entrepot.recherche.data.gouv.fr/citation?persistentId=doi:10.15454/XSVVBW,entrepot.recherche.data.gouv.fr,10.15454,rdg.prod,PO² Process and Observation Ontology,,
hal-02043246,https://agroparistech.hal.science/hal-02043246v1,"Relating transformation process, eco-design, composition and sensory quality in cheeses using PO2 ontology",ART,10.1016/j.idairyj.2019.01.003,seeAlso_s,relatedData_s,False,False,https://www.sciencedirect.com/science/article/pii/S0958694619300032,url,,,,,,,,,,,
hal-02087764,https://hal.science/hal-02087764v1,Défense du « Recueillement » face à l’ « Abandon » à travers le «Quatrième Abécédaire spirituel» de Francisco de Osuna (1530) : les contours de l’intimité spirituelle en débat,ART,10.4000/atlante.15458,relatedPublication_s,relatedData_s,False,False,10.4000/atlante.15432,doi,10.4000/atlante.15432,Journal DOI (10.4000),publication_landing,,,,,,,not_found,
hal-02181902,https://univ-reims.hal.science/hal-02181902v1,"Cytotoxicity of Labruscol, a New Resveratrol Dimer Produced by Grapevine Cell Suspensions, on Human Skin Melanoma Cancer Cell Line HT-144",ART,10.3390/molecules22111940,relatedData_s,relatedData_s,True,False,10.57745/HBRMRX,doi,10.57745/HBRMRX,Recherche Data Gouv,dataset_repo,Recherche Data Gouv,https://entrepot.recherche.data.gouv.fr/citation?persistentId=doi:10.57745/HBRMRX,entrepot.recherche.data.gouv.fr,10.57745,rdg.prod,Glycosylated Stilbenes Biobased Production for Cosmetic Applications,,
hal-02278272,https://hal.science/hal-02278272v1,A reference genome for pea provides insight into legume genome evolution,ART,10.1038/s41588-019-0480-1,relatedData_s,relatedData_s,True,False,10.57745/5MDE99,doi,10.57745/5MDE99,Recherche Data Gouv,dataset_repo,Recherche Data Gouv,https://entrepot.recherche.data.gouv.fr/citation?persistentId=doi:10.57745/5MDE99,entrepot.recherche.data.gouv.fr,10.57745,rdg.prod,"Dataset from ""A new genome assembly of the pea cultivar Cameor provides resources for functional genomics and genetics""",,
hal-02380684,https://ube.hal.science/hal-02380684v1,"Les expéditions athéniennes en Sicile, ou la difficulté pour une marine de garder sa supériorité",COUV,10.1017/9781782049081.037,relatedPublication_s,relatedData_s,False,False,10.1017/9781782049081.037,doi,10.1017/9781782049081.037,Journal DOI (10.1017),publication_landing,,,,,,,not_found,
hal-02416411,https://hal.science/hal-02416411v1,Peer-Reviewed Literature on Grain Legume Species in the WoS (1980–2018): A Comparative Analysis of Soybean and Pulses,ART,10.3390/su11236833,relatedData_s,relatedData_s,True,False,10.15454/VP7PRI,doi,10.15454/VP7PRI,Portail Data Inra,dataset_repo,Portail Data Inra,https://data.inra.fr/citation?persistentId=doi:10.15454/VP7PRI,data.inra.fr,10.15454,rdg.prod,Processing and Grain-Legumes WoS DataSet 1980-2018,,
hal-02416411,https://hal.science/hal-02416411v1,Peer-Reviewed Literature on Grain Legume Species in the WoS (1980–2018): A Comparative Analysis of Soybean and Pulses,ART,10.3390/su11236833,relatedData_s,relatedData_s,True,False,10.15454/5MI04S,doi,10.15454/5MI04S,Portail Data Inra,dataset_repo,Portail Data Inra,https://data.inra.fr/citation?persistentId=doi:10.15454/5MI04S,data.inra.fr,10.15454,rdg.prod,Nutrition and Grain-Legumes WoS DataSet 1980-2018,,
hal-02416411,https://hal.science/hal-02416411v1,Peer-Reviewed Literature on Grain Legume Species in the WoS (1980–2018): A Comparative Analysis of Soybean and Pulses,ART,10.3390/su11236833,relatedData_s,relatedData_s,True,False,10.15454/BNKFVC,doi,10.15454/BNKFVC,Portail Data Inra,dataset_repo,Portail Data Inra,https://data.inra.fr/citation?persistentId=doi:10.15454/BNKFVC,data.inra.fr,10.15454,rdg.prod,Feeding and Grain-Legumes WoS DataSet 1980-2018,,
hal-02416411,https://hal.science/hal-02416411v1,Peer-Reviewed Literature on Grain Legume Species in the WoS (1980–2018): A Comparative Analysis of Soybean and Pulses,ART,10.3390/su11236833,relatedData_s,relatedData_s,True,False,10.15454/BZG0R7,doi,10.15454/BZG0R7,Portail Data Inra,dataset_repo,Portail Data Inra,https://data.inra.fr/citation?persistentId=doi:10.15454/BZG0R7,data.inra.fr,10.15454,rdg.prod,Allergy and Grain-Legumes WoS DataSet 1980-2018,,
hal-02416411,https://hal.science/hal-02416411v1,Peer-Reviewed Literature on Grain Legume Species in the WoS (1980–2018): A Comparative Analysis of Soybean and Pulses,ART,10.3390/su11236833,relatedData_s,relatedData_s,True,False,10.15454/F0CNNS,doi,10.15454/F0CNNS,Portail Data Inra,dataset_repo,Portail Data Inra,https://data.inra.fr/citation?persistentId=doi:10.15454/F0CNNS,data.inra.fr,10.15454,rdg.prod,Ecophysiology and Grain-Legumes WoS DataSet 1980-2018,,
hal-02416411,https://hal.science/hal-02416411v1,Peer-Reviewed Literature on Grain Legume Species in the WoS (1980–2018): A Comparative Analysis of Soybean and Pulses,ART,10.3390/su11236833,relatedData_s,relatedData_s,True,False,10.15454/JNIPX5,doi,10.15454/JNIPX5,Portail Data Inra,dataset_repo,Portail Data Inra,https://data.inra.fr/citation?persistentId=doi:10.15454/JNIPX5,data.inra.fr,10.15454,rdg.prod,Socioeconomics and Grain-Legumes WoS DataSet 1980-2018,,
hal-02416411,https://hal.science/hal-02416411v1,Peer-Reviewed Literature on Grain Legume Species in the WoS (1980–2018): A Comparative Analysis of Soybean and Pulses,ART,10.3390/su11236833,relatedData_s,relatedData_s,True,False,10.15454/L79X2K,doi,10.15454/L79X2K,Portail Data Inra,dataset_repo,Portail Data Inra,https://data.inra.fr/citation?persistentId=doi:10.15454/L79X2K,data.inra.fr,10.15454,rdg.prod,Biotic Stress and Grain-Legumes WoS DataSet 1980-2018,,
hal-02416411,https://hal.science/hal-02416411v1,Peer-Reviewed Literature on Grain Legume Species in the WoS (1980–2018): A Comparative Analysis of Soybean and Pulses,ART,10.3390/su11236833,relatedData_s,relatedData_s,True,False,10.15454/PDXRYM,doi,10.15454/PDXRYM,Portail Data Inra,dataset_repo,Portail Data Inra,https://data.inra.fr/citation?persistentId=doi:10.15454/PDXRYM,data.inra.fr,10.15454,rdg.prod,Acceptability and Grain-Legumes WoS DataSet 1980-2018,,
hal-02416411,https://hal.science/hal-02416411v1,Peer-Reviewed Literature on Grain Legume Species in the WoS (1980–2018): A Comparative Analysis of Soybean and Pulses,ART,10.3390/su11236833,relatedData_s,relatedData_s,True,False,10.15454/PFV9JK,doi,10.15454/PFV9JK,Portail Data Inra,dataset_repo,Portail Data Inra,https://data.inra.fr/citation?persistentId=doi:10.15454/PFV9JK,data.inra.fr,10.15454,rdg.prod,Genetics and Grain-Legumes WoS DataSet 1980-2018,,
hal-02416411,https://hal.science/hal-02416411v1,Peer-Reviewed Literature on Grain Legume Species in the WoS (1980–2018): A Comparative Analysis of Soybean and Pulses,ART,10.3390/su11236833,relatedData_s,relatedData_s,True,False,10.15454/QBQFCX,doi,10.15454/QBQFCX,Portail Data Inra,dataset_repo,Portail Data Inra,https://data.inra.fr/citation?persistentId=doi:10.15454/QBQFCX,data.inra.fr,10.15454,rdg.prod,Grain-Legumes Species WoS DataSet 1980-2018,,
hal-02416411,https://hal.science/hal-02416411v1,Peer-Reviewed Literature on Grain Legume Species in the WoS (1980–2018): A Comparative Analysis of Soybean and Pulses,ART,10.3390/su11236833,relatedData_s,relatedData_s,True,False,10.15454/W6BAUG,doi,10.15454/W6BAUG,Portail Data Inra,dataset_repo,Portail Data Inra,https://data.inra.fr/citation?persistentId=doi:10.15454/W6BAUG,data.inra.fr,10.15454,rdg.prod,Agronomy and Grain-Legumes WoS DataSet 1980-2018,,
hal-02499730,https://institut-agro-dijon.hal.science/hal-02499730v1,Two-step multi-spectral registration via key-point detector and gradient similarity. Application to agronomic scenes for proxy-sensing,COMM,10.5220/0009169301030110,relatedData_s,relatedData_s,True,False,10.15454/DSQC8N,doi,10.15454/DSQC8N,Recherche Data Gouv,dataset_repo,Recherche Data Gouv,https://entrepot.recherche.data.gouv.fr/citation?persistentId=doi:10.15454/DSQC8N,entrepot.recherche.data.gouv.fr,10.15454,rdg.prod,Dataset used in DeepIndices,,
hal-02499886,https://hal.science/hal-02499886v1,An ecological measure of rapid and automatic face-sex categorization,ART,10.1016/j.cortex.2020.02.007,relatedData_s,relatedData_s,True,False,10.17632/p3zzk5kmc6.1,doi,10.17632/p3zzk5kmc6.1,Mendeley Data,dataset_repo,Mendeley,https://data.mendeley.com/datasets/p3zzk5kmc6/1,data.mendeley.com,10.17632,bl.mendeley,An ecological measure of rapid and automatic face-sex categorization - Data,,
hal-02517350,https://hal.inrae.fr/hal-02517350v1,Composition nutritionnelle des plats complets végétariens et non-végétariens proposés en restauration scolaire : une étude du collectif EnScol,UNDEFINED,,relatedData_s,relatedData_s,True,False,10.15454/YRD4JC,doi,10.15454/YRD4JC,Recherche Data Gouv,dataset_repo,Recherche Data Gouv,https://entrepot.recherche.data.gouv.fr/citation?persistentId=doi:10.15454/YRD4JC,entrepot.recherche.data.gouv.fr,10.15454,rdg.prod,Composition nutritionnelle et impacts environnementaux de plats servis en restauration scolaire en France,,
hal-02532765,https://hal.science/hal-02532765v1,Une curieuse inscription découverte à Avgvstodvnvm (Autun – Saône-et-Loire),ART,10.4000/jgo3,relatedPublication_s,relatedData_s,False,False,10.4000/jgqb,doi,10.4000/jgqb,Journal DOI (10.4000),publication_landing,,,,,,,not_found,
hal-02537801,https://institut-agro-dijon.hal.science/hal-02537801v1,Reduced microbial diversity induces larger volatile organic compound emissions from soils,ART,10.1038/s41598-020-63091-8,relatedData_s,relatedData_s,True,False,10.15454/4W9DM2,doi,10.15454/4W9DM2,Recherche Data Gouv,dataset_repo,Portail Data INRAE,https://data.inrae.fr/citation?persistentId=doi:10.15454/4W9DM2,data.inrae.fr,10.15454,rdg.prod,Données de réplication pour : Reduced microbial diversity induces larger volatile organic compound emissions from soils.,,
hal-02608781,https://hal.inrae.fr/hal-02608781v1,Volatile compounds profiling by using proton transfer reaction-time of flight-mass spectrometry (PTR-ToF-MS). The case study of dark chocolates organoleptic differences,ART,10.1002/jms.4317,relatedPublication_s,relatedData_s,False,False,10.1002/jms.4214,doi,10.1002/jms.4214,Journal DOI (10.1002),publication_landing,,,,,,,not_found,
hal-02608781,https://hal.inrae.fr/hal-02608781v1,Volatile compounds profiling by using proton transfer reaction-time of flight-mass spectrometry (PTR-ToF-MS). The case study of dark chocolates organoleptic differences,ART,10.1002/jms.4317,seeAlso_s,relatedData_s,False,False,https://archives-publications.inrae.fr/pub00060423.pdf,url,,,,,,,,,,,
hal-02627230,https://hal.inrae.fr/hal-02627230v1,Water stress combined with sulfur deficiency in pea affects yield components but mitigates the effect of deficiency on seed globulin composition,ART,10.1093/jxb/erz114,relatedData_s,relatedData_s,True,False,10.57745/5MDE99,doi,10.57745/5MDE99,Recherche Data Gouv,dataset_repo,Recherche Data Gouv,https://entrepot.recherche.data.gouv.fr/citation?persistentId=doi:10.57745/5MDE99,entrepot.recherche.data.gouv.fr,10.57745,rdg.prod,"Dataset from ""A new genome assembly of the pea cultivar Cameor provides resources for functional genomics and genetics""",,
hal-02627230,https://hal.inrae.fr/hal-02627230v1,Water stress combined with sulfur deficiency in pea affects yield components but mitigates the effect of deficiency on seed globulin composition,ART,10.1093/jxb/erz114,seeAlso_s,relatedData_s,False,False,http://dx.doi.org/10.1093/jxb/erz114,doi,10.1093/jxb/erz114,Journal DOI (10.1093),publication_landing,,,,,,,not_found,
hal-02627344,https://hal.inrae.fr/hal-02627344v1,Bioinformatics matters: The accuracy of plant and soil fungal community data is highly dependent on the metabarcoding pipeline,ART,10.1016/j.funeco.2019.03.005,relatedData_s,relatedData_s,True,False,10.15454/8CVWRR,doi,10.15454/8CVWRR,Recherche Data Gouv,dataset_repo,Recherche Data Gouv,https://entrepot.recherche.data.gouv.fr/citation?persistentId=doi:10.15454/8CVWRR,entrepot.recherche.data.gouv.fr,10.15454,rdg.prod,DNA metabarcoding of a mock community of 189 fungal strains associated to plants and soils.,,
hal-02627344,https://hal.inrae.fr/hal-02627344v1,Bioinformatics matters: The accuracy of plant and soil fungal community data is highly dependent on the metabarcoding pipeline,ART,10.1016/j.funeco.2019.03.005,seeAlso_s,relatedData_s,False,False,https://www.sciencedirect.com/science/article/pii/S1754504818302800,url,,,,,,,,,,,
hal-02631162,https://hal.inrae.fr/hal-02631162v1,Full-length <em>de novo</em> assembly of RNA-seq data in pea (<em>Pisum sativum</em> L.) provides a gene expression atlas and gives insights into root nodulation in this species,ART,10.1111/tpj.12967,relatedData_s,relatedData_s,True,False,10.57745/5MDE99,doi,10.57745/5MDE99,Recherche Data Gouv,dataset_repo,Recherche Data Gouv,https://entrepot.recherche.data.gouv.fr/citation?persistentId=doi:10.57745/5MDE99,entrepot.recherche.data.gouv.fr,10.57745,rdg.prod,"Dataset from ""A new genome assembly of the pea cultivar Cameor provides resources for functional genomics and genetics""",,
hal-02631162,https://hal.inrae.fr/hal-02631162v1,Full-length <em>de novo</em> assembly of RNA-seq data in pea (<em>Pisum sativum</em> L.) provides a gene expression atlas and gives insights into root nodulation in this species,ART,10.1111/tpj.12967,seeAlso_s,relatedData_s,False,False,https://archives-publications.inrae.fr/343201.pdf,url,,,,,,,,,,,
hal-02636359,https://hal.inrae.fr/hal-02636359v1,Temporal differentiation of soil communities in response to arable crop management strategies,ART,10.1016/j.agee.2016.03.029,relatedData_s,relatedData_s,True,False,10.57745/TJRSVH,doi,10.57745/TJRSVH,Recherche Data Gouv,dataset_repo,Recherche Data Gouv,https://entrepot.recherche.data.gouv.fr/citation?persistentId=doi:10.57745/TJRSVH,entrepot.recherche.data.gouv.fr,10.57745,rdg.prod,Temporal monitoring of soil macroinvertebrate communities at ACBB-Mons trial,,
hal-02636359,https://hal.inrae.fr/hal-02636359v1,Temporal differentiation of soil communities in response to arable crop management strategies,ART,10.1016/j.agee.2016.03.029,seeAlso_s,relatedData_s,False,False,https://archives-publications.inrae.fr/352036,url,,,,,,,,,,,
hal-02665366,https://hal.inrae.fr/hal-02665366v1,A microcosm experiment to evaluate the influence of location and quality of plant residues on residue decomposition and genetic structure of soil microbial communities,ART,10.1016/j.soilbio.2007.01.012,relatedPublication_s,relatedData_s,False,False,10.15454/OXRS55,doi,10.15454/OXRS55,Recherche Data Gouv,other,,,,,,,not_found,
hal-02665366,https://hal.inrae.fr/hal-02665366v1,A microcosm experiment to evaluate the influence of location and quality of plant residues on residue decomposition and genetic structure of soil microbial communities,ART,10.1016/j.soilbio.2007.01.012,seeAlso_s,relatedData_s,False,False,http://gateway.isiknowledge.com/gateway/Gateway.cgi?&GWVersion=2&SrcAuth=INRA&SrcApp=INRA&DestLinkType=FullRecord&DestApp=WOS&KeyUT=000246633700023,url,,,,,,,,,,,
hal-02791157,https://hal.inrae.fr/hal-02791157v1,UE Epoisses cartograhie des sols et de la réserve utile - Approche pédologique raisonnée par une prospection géophysique,REPORT,,relatedData_s,relatedData_s,True,False,10.57745/2V46MF,doi,10.57745/2V46MF,Recherche Data Gouv,dataset_repo,Recherche Data Gouv,https://entrepot.recherche.data.gouv.fr/citation?persistentId=doi:10.57745/2V46MF,entrepot.recherche.data.gouv.fr,10.57745,rdg.prod,Unité Expérimentale d'Epoisses : Données collectées dans le cadre des études de sol du réseau CAREX,,
hal-02791157,https://hal.inrae.fr/hal-02791157v1,UE Epoisses cartograhie des sols et de la réserve utile - Approche pédologique raisonnée par une prospection géophysique,REPORT,,seeAlso_s,relatedData_s,False,False,https://archives-publications.inrae.fr/415313.docx,url,,,,,,,,,,,
hal-02871222,https://hal.inrae.fr/hal-02871222v1,Willingness-to-Pay for Reshuffling Geographical Indications,ART,10.1017/jwe.2020.5,relatedData_s,relatedData_s,True,False,10.15454/5ICGGD,doi,10.15454/5ICGGD,Recherche Data Gouv,dataset_repo,Portail Data INRAE,https://data.inrae.fr/citation?persistentId=doi:10.15454/5ICGGD,data.inrae.fr,10.15454,rdg.prod,Willingness-To-Pay for Reshuffling Geographical Indications,,
hal-02880526,https://hal.inrae.fr/hal-02880526v1,Pleasantness of Binary Odor Mixtures: Rules and Prediction,ART,10.1093/chemse/bjaa020,relatedData_s,relatedData_s,True,False,10.15454/51OVY6,doi,10.15454/51OVY6,Recherche Data Gouv,dataset_repo,Portail Data INRAE,https://data.inrae.fr/citation?persistentId=doi:10.15454/51OVY6,data.inrae.fr,10.15454,rdg.prod,A dataset on odor intensity and odor pleasantness of 222 binary mixtures of 72 key food odorants rated by a sensory panel of 30 trained assessors,,
hal-02908523,https://hal.science/hal-02908523v1,"Toward a better understanding of in-field weed regulation by carabid beetles, and their functional characteristics, in European arable landscapes",COMM,,relatedPublication_s,relatedData_s,False,False,10.3897/aca.2.e38379,doi,10.3897/aca.2.e38379,DOI prefix 10.3897,unresolved,,,,,,,not_found,
hal-02945217,https://hal.univ-lorraine.fr/hal-02945217v1,Human Systems Design: Towards an Integrative Conceptual Framework,COMM,,relatedPublication_s,relatedData_s,False,False,10.1007/978-3-030-51369-6_38,doi,10.1007/978-3-030-51369-6_38,Journal DOI (10.1007),publication_landing,,,,,,,not_found,
hal-02991508,https://ube.hal.science/hal-02991508v1,"The Protohistoric sword from Le Gué-de-Velluire (Vendée, France): a pasticcio's history unveiled by archaeometrical research",ART,10.1016/j.jasrep.2020.102645,relatedData_s,relatedData_s,True,False,10.25666/DATAUBFC-2024-03-06,doi,10.25666/DATAUBFC-2024-03-06,dataUBFC - Atelier de la donnée de Bourgogne-Franche-Comté,other,dataUBFC - Atelier de la donnée de Bourgogne-Franche-Comté,https://search-data.ubfc.fr/FR-13002091000019-2024-03-06_Bronze-Age-solid-hilted-swords.html,search-data.ubfc.fr,10.25666,inist.osutheta,Bronze Age solid-hilted swords,,
hal-02994997,https://univ-reims.hal.science/hal-02994997v1,Le modèle au Moyen Âge,COUV,10.4000/books.psorbonne.26934,relatedPublication_s,relatedData_s,False,False,10.4000/books.psorbonne.26910,doi,10.4000/books.psorbonne.26910,Journal DOI (10.4000),publication_landing,,,,,,,not_found,
hal-03014310,https://institut-agro-dijon.hal.science/hal-03014310v1,Biogeography of soil microbial habitats across France,ART,10.1111/geb.13118,relatedData_s,relatedData_s,True,False,10.57745/JK5WCD,doi,10.57745/JK5WCD,Recherche Data Gouv,dataset_repo,Recherche Data Gouv,https://entrepot.recherche.data.gouv.fr/citation?persistentId=doi:10.57745/JK5WCD,entrepot.recherche.data.gouv.fr,10.57745,rdg.prod,RMQS1 16S microbial habitat,,
hal-03049733,https://hal.science/hal-03049733v1,Microbial networks inferred from environmental DNA data for biomonitoring ecosystem change: strengths and pitfalls,ART,10.1111/1755-0998.13302,relatedData_s,relatedData_s,True,False,10.15454/3DPFNJ,doi,10.15454/3DPFNJ,Portail Data Inra,dataset_repo,Portail Data Inra,https://data.inra.fr/citation?persistentId=doi:10.15454/3DPFNJ,data.inra.fr,10.15454,rdg.prod,DNA metabarcoding of foliar fungal communities in conventional and organic vineyards,,
hal-03049733,https://hal.science/hal-03049733v1,Microbial networks inferred from environmental DNA data for biomonitoring ecosystem change: strengths and pitfalls,ART,10.1111/1755-0998.13302,relatedData_s,relatedData_s,True,False,10.15454/WOICSE,doi,10.15454/WOICSE,Portail Data Inra,dataset_repo,Portail Data Inra,https://data.inra.fr/citation?persistentId=doi:10.15454/WOICSE,data.inra.fr,10.15454,rdg.prod,Amplicon Sequence Variant (ASV) table obtained by metabarcoding foliar fungal communities in conventional and organic vineyards,,
hal-03073961,https://ube.hal.science/hal-03073961v1,L’Auto et la défense de l’amateurisme,COUV,,relatedPublication_s,relatedData_s,False,False,10.34929/79sj-t281,doi,10.34929/79sj-t281,Editions et presses universitaires de Reims,other,Editions et presses universitaires de Reims,https://library.oapen.org/handle/20.500.12657/53139,library.oapen.org,10.34929,inist.epure,La fabrique de l'information sportive : L'Auto (1900-1944),,
hal-03125982,https://hal.science/hal-03125982v1,Animation et gestion des communautés en ligne : quelles rationalisations du social ? Une introduction,ART,10.4000/communiquer.2133,relatedPublication_s,relatedData_s,False,False,10.4000/communiquer.1605,doi,10.4000/communiquer.1605,Journal DOI (10.4000),publication_landing,,,,,,,not_found,
hal-03126619,https://hal.inrae.fr/hal-03126619v1,Weed Management in the Transition to Conservation Agriculture: Farmers’ Response,ART,10.3390/agronomy10060843,relatedData_s,relatedData_s,True,False,10.15454/WABMVG,doi,10.15454/WABMVG,Recherche Data Gouv,dataset_repo,Portail Data INRAE,https://data.inrae.fr/citation?persistentId=doi:10.15454/WABMVG,data.inrae.fr,10.15454,rdg.prod,"Données de réplication pour: Article ""Weed Management in the Transition to Conservation Agriculture: Farmers' Response"" (Derrouch et al., 2020).",,
hal-03126619,https://hal.inrae.fr/hal-03126619v1,Weed Management in the Transition to Conservation Agriculture: Farmers’ Response,ART,10.3390/agronomy10060843,seeAlso_s,relatedData_s,False,False,https://www.mdpi.com/2073-4395/10/6/843 http://dx.doi.org/10.3390/agronomy10060843,doi,10.3390/agronomy10060843,DOI prefix 10.3390,unresolved,,,,,,,not_found,
hal-03129732,https://hal.inrae.fr/hal-03129732v1,ReClustOR: a re‐clustering tool using an open‐reference method that improves operational taxonomic unit definition,ART,10.1111/2041-210x.13316,relatedData_s,relatedData_s,True,False,10.57745/ZZWKGQ,doi,10.57745/ZZWKGQ,Recherche Data Gouv,dataset_repo,Recherche Data Gouv,https://entrepot.recherche.data.gouv.fr/citation?persistentId=doi:10.57745/ZZWKGQ,entrepot.recherche.data.gouv.fr,10.57745,rdg.prod,RMQS1 16S operational taxonomic units,,
hal-03129732,https://hal.inrae.fr/hal-03129732v1,ReClustOR: a re‐clustering tool using an open‐reference method that improves operational taxonomic unit definition,ART,10.1111/2041-210x.13316,seeAlso_s,relatedData_s,False,False,https://besjournals.onlinelibrary.wiley.com/doi/abs/10.1111/2041-210X.13316 https://doi.org/10.1111/2041-210X.13316,doi,10.1111/2041-210X.13316,DOI prefix 10.1111,unresolved,,,,,,,not_found,
hal-03130628,https://hal.science/hal-03130628v1,Analysing landscape effects on dispersal networks and gene flow with genetic graphs,ART,10.1111/1755-0998.13333,relatedData_s,relatedData_s,True,False,10.5061/dryad.6q573n5xr,doi,10.5061/dryad.6q573n5xr,Dryad,dataset_repo,Dryad,https://datadryad.org/dataset/doi:10.5061/dryad.6q573n5xr,datadryad.org,10.5061,dryad.dryad,Analysing landscape effects on dispersal networks and gene flow with genetic graphs,,
hal-03142530,https://hal.science/hal-03142530v1,« Hénaurmité » graphique et dystopie critique dans les dessins de Miguel Brieva,ART,10.4000/atlante.902,relatedPublication_s,relatedData_s,False,False,10.4000/atlante.809,doi,10.4000/atlante.809,Journal DOI (10.4000),publication_landing,,,,,,,not_found,
hal-03144754,https://hal.science/hal-03144754v1,"BRC4Env, a network of Biological Resource Centres for environmental resources",POSTER,10.15454/TRBJTB,relatedData_s,relatedData_s,True,False,10.15454/D6XAKL,doi,10.15454/D6XAKL,Recherche Data Gouv,dataset_repo,Recherche Data Gouv,https://entrepot.recherche.data.gouv.fr/citation?persistentId=doi:10.15454/D6XAKL,entrepot.recherche.data.gouv.fr,10.15454,rdg.prod,CBGP - Continental Arthropod Collection,,
hal-03146377,https://hal.inrae.fr/hal-03146377v1,"A dataset on above- and below-ground traits of 21 species found in banana cropping systems, cultivated individually",ART,10.1016/j.dib.2020.105890,relatedData_s,relatedData_s,True,False,10.18167/DVN1/HIEXNF,doi,10.18167/DVN1/HIEXNF,CIRAD Dataverse,dataset_repo,CIRAD Dataverse,https://dataverse.cirad.fr/citation?persistentId=doi:10.18167/DVN1/HIEXNF,dataverse.cirad.fr,10.18167,inist.cirad,"A dataset on above- and below-ground traits of 17 cover crops, two wild plant species and two banana cultivars, cultivated individually",,
hal-03146377,https://hal.inrae.fr/hal-03146377v1,"A dataset on above- and below-ground traits of 21 species found in banana cropping systems, cultivated individually",ART,10.1016/j.dib.2020.105890,seeAlso_s,relatedData_s,False,False,http://www.sciencedirect.com/science/article/pii/S2352340920307848 https://doi.org/10.1016/j.dib.2020.105890,doi,10.1016/j.dib.2020.105890,Journal DOI (10.1016),publication_landing,,,,,,,not_found,
hal-03157260,https://hal.inrae.fr/hal-03157260v1,Populations of arable weed species show intra-specific variability in germination base temperature but not in early growth rate,ART,10.1371/journal.pone.0240538,relatedPublication_s,relatedData_s,False,True,10.57745/AJNXEN,doi,10.57745/AJNXEN,Recherche Data Gouv,dataset_repo,Recherche Data Gouv,https://entrepot.recherche.data.gouv.fr/citation?persistentId=doi:10.57745/AJNXEN,entrepot.recherche.data.gouv.fr,10.57745,rdg.prod,CLIMATIK : système d'information pour les données du réseau agroclimatique INRAE,,Dataset DOI found only in relatedPublication_s; expected HAL field is relatedData_s.
hal-03157260,https://hal.inrae.fr/hal-03157260v1,Populations of arable weed species show intra-specific variability in germination base temperature but not in early growth rate,ART,10.1371/journal.pone.0240538,seeAlso_s,relatedData_s,False,False,http://dx.doi.org/10.1371/journal.pone.0240538,doi,10.1371/journal.pone.0240538,Journal DOI (10.1371),publication_landing,,,,,,,not_found,
hal-03158319,https://hal.science/hal-03158319v1,A next-generation of biomonitoring to detect global ecosystem change,OUV,10.3389/978-2-88966-027-8,relatedData_s,relatedData_s,True,False,10.15454/HYRVUH,doi,10.15454/HYRVUH,Recherche Data Gouv,dataset_repo,Recherche Data Gouv,https://entrepot.recherche.data.gouv.fr/citation?persistentId=doi:10.15454/HYRVUH,entrepot.recherche.data.gouv.fr,10.15454,rdg.prod,Rsyst::diatom_rbcl_align_312bp database: a database adapted to DNA metabarcoding (version v7: 23-02-2018),,
hal-03171983,https://hal.science/hal-03171983v1,Dietary switch to Western diet induces hypothalamic adaptation associated with gut microbiota dysbiosis in rats,ART,10.1038/s41366-021-00796-4,relatedData_s,relatedData_s,True,False,10.15454/XETXQU,doi,10.15454/XETXQU,Recherche Data Gouv,dataset_repo,Portail Data INRAE,https://data.inrae.fr/citation?persistentId=doi:10.15454/XETXQU,data.inrae.fr,10.15454,rdg.prod,Hypothalamic and caecal microbiota and metabolomic data,,
hal-03197788,https://hal.inrae.fr/hal-03197788v1,"Relationships between cheese composition, rheological and sensory properties highlighted using the BaGaTel database",ART,10.1016/j.idairyj.2021.105039,relatedData_s,relatedData_s,True,False,10.15454/F40EXP,doi,10.15454/F40EXP,Recherche Data Gouv,dataset_repo,Portail Data INRAE,https://data.inrae.fr/citation?persistentId=doi:10.15454/F40EXP,data.inrae.fr,10.15454,rdg.prod,"Dataset on model cheeses composition, rheological and sensory properties, from six different projects exported from BaGaTel database.",,
hal-03218256,https://hal.science/hal-03218256v1,Microbial association networks give relevant insights into plant pathobiomes,UNDEFINED,10.1101/2020.02.21.958033,relatedData_s,relatedData_s,True,False,10.15454/5WD6P6,doi,10.15454/5WD6P6,Recherche Data Gouv,dataset_repo,Portail Data INRAE,https://data.inrae.fr/citation?persistentId=doi:10.15454/5WD6P6,data.inrae.fr,10.15454,rdg.prod,"R scripts for ""Pauvert et al. 2019. Microbial association networks give relevant insights into plant pathobiomes. BioRxiv, https://doi.org/10.1101/2020.02.21.958033""",,
hal-03218256,https://hal.science/hal-03218256v1,Microbial association networks give relevant insights into plant pathobiomes,UNDEFINED,10.1101/2020.02.21.958033,relatedData_s,relatedData_s,True,False,10.15454/A24N4C,doi,10.15454/A24N4C,Portail Data INRAE,dataset_repo,Portail Data INRAE,https://data.inra.fr/citation?persistentId=doi:10.15454/A24N4C,data.inra.fr,10.15454,rdg.prod,DNA metabarcoding of foliar fungal communities in an untreated vineyard,,
hal-03233437,https://hal.science/hal-03233437v1,Qu’est-ce qu’un conte pour enfant ? Les Casse-noisette de Hoffmann et Dumas,ART,10.15122/isbn.978-2-406-09220-9.p.0123,relatedPublication_s,relatedData_s,False,False,10.15122/isbn.978-2-406-09220-9.p.0123,doi,10.15122/isbn.978-2-406-09220-9.p.0123,Classiques Garnier,other,Classiques Garnier,https://classiques-garnier.com/doi/garnier?article=EnoMS06_123,classiques-garnier.com,10.15122,inist.garnier,Qu’est-ce qu’un conte pour enfant ?,,
hal-03233437,https://hal.science/hal-03233437v1,Qu’est-ce qu’un conte pour enfant ? Les Casse-noisette de Hoffmann et Dumas,ART,10.15122/isbn.978-2-406-09220-9.p.0123,relatedPublication_s,relatedData_s,False,False,hal-02615028,hal_id,,,,,,,,,,,
hal-03233437,https://hal.science/hal-03233437v1,Qu’est-ce qu’un conte pour enfant ? Les Casse-noisette de Hoffmann et Dumas,ART,10.15122/isbn.978-2-406-09220-9.p.0123,seeAlso_s,relatedData_s,False,False,https://classiques-garnier.com/cahiers-d-etudes-nodieristes-2019-2-n-8-litterature-de-jeunesse-et-europe-romantique-qu-est-ce-qu-un-conte-pour-enfant.html,url,,,,,,,,,,,
hal-03257098,https://hal.inrae.fr/hal-03257098v1,A dataset on odor intensity and odor pleasantness of 222 binary mixtures of 72 key food odorants rated by a sensory panel of 30 trained assessors,ART,10.1016/j.dib.2021.107143,relatedData_s,relatedData_s,True,False,10.15454/51OVY6,doi,10.15454/51OVY6,Recherche Data Gouv,dataset_repo,Portail Data INRAE,https://data.inrae.fr/citation?persistentId=doi:10.15454/51OVY6,data.inrae.fr,10.15454,rdg.prod,A dataset on odor intensity and odor pleasantness of 222 binary mixtures of 72 key food odorants rated by a sensory panel of 30 trained assessors,,
hal-03329588,https://hal.science/hal-03329588v1,Quantifying and simulating carbon and nitrogen mineralization from diverse exogenous organic matters,ART,10.1111/sum.12745,relatedData_s,relatedData_s,True,False,10.57745/JGHVYV,doi,10.57745/JGHVYV,Recherche Data Gouv,dataset_repo,Recherche Data Gouv,https://entrepot.recherche.data.gouv.fr/citation?persistentId=doi:10.57745/JGHVYV,entrepot.recherche.data.gouv.fr,10.57745,rdg.prod,Carbon and nitrogen mineralization data of various exogenous organic matter (EOM) under controlled conditions,,
hal-03376001,https://ube.hal.science/hal-03376001v1,Inquiétants dépaysements. Les voyages mélancoliques de Germaine de Staël (1803-1814),ART,,relatedPublication_s,relatedData_s,False,False,10.52497/viatica565,doi,10.52497/viatica565,DOI prefix 10.52497,unresolved,,,,,,,not_found,
hal-03426763,https://hal.inrae.fr/hal-03426763v1,Identifying drivers of liking and characterizing the ideal product thanks to Free-Comment,ART,10.1016/j.foodqual.2021.104389,relatedData_s,relatedData_s,True,False,10.57745/GA5R6S,doi,10.57745/GA5R6S,Recherche Data Gouv,dataset_repo,Recherche Data Gouv,https://entrepot.recherche.data.gouv.fr/citation?persistentId=doi:10.57745/GA5R6S,entrepot.recherche.data.gouv.fr,10.57745,rdg.prod,A dataset of perception and preferences of French consumers for commercial cooked hams sampled according to their nutritional values and claims.,,
hal-03532509,https://ube.hal.science/hal-03532509v1,"A Unique Case of ‘Counting Marks’ Revealed by Tomography on a Middle Bronze Age Sword from Champagneux (France, Savoie)",ART,10.1163/16000390-12340001,relatedData_s,relatedData_s,True,False,10.25666/DATAUBFC-2024-03-06,doi,10.25666/DATAUBFC-2024-03-06,dataUBFC - Atelier de la donnée de Bourgogne-Franche-Comté,other,dataUBFC - Atelier de la donnée de Bourgogne-Franche-Comté,https://search-data.ubfc.fr/FR-13002091000019-2024-03-06_Bronze-Age-solid-hilted-swords.html,search-data.ubfc.fr,10.25666,inist.osutheta,Bronze Age solid-hilted swords,,
hal-03534007,https://hal.inrae.fr/hal-03534007v1,Key questions for next-generation of biomonitoring,COUV,10.3389/978-2-88966-027-8,relatedData_s,relatedData_s,True,False,10.15454/HYRVUH,doi,10.15454/HYRVUH,Recherche Data Gouv,dataset_repo,Recherche Data Gouv,https://entrepot.recherche.data.gouv.fr/citation?persistentId=doi:10.15454/HYRVUH,entrepot.recherche.data.gouv.fr,10.15454,rdg.prod,Rsyst::diatom_rbcl_align_312bp database: a database adapted to DNA metabarcoding (version v7: 23-02-2018),,
hal-03534007,https://hal.inrae.fr/hal-03534007v1,Key questions for next-generation of biomonitoring,COUV,10.3389/978-2-88966-027-8,seeAlso_s,relatedData_s,False,False,https://www.frontiersin.org/research-topics/8325/a-next-generation-of-biomonitoring-to-detect-global-ecosystem-change,url,,,,,,,,,,,
hal-03534007,https://hal.inrae.fr/hal-03534007v1,Key questions for next-generation of biomonitoring,COUV,10.3389/978-2-88966-027-8,seeAlso_s,relatedData_s,False,False,https://doi.org/10.3389/978-2-88966-027-8,doi,10.3389/978-2-88966-027-8,DOI prefix 10.3389,unresolved,,,,,,,not_found,
hal-03583862,https://hal.inrae.fr/hal-03583862v1,La diversité des vignobles français face au changement climatique : simulations climatiques et prospective participative,ART,10.1051/climat/202118003,relatedData_s,relatedData_s,True,False,10.57745/4SAZUO,doi,10.57745/4SAZUO,Recherche Data Gouv,dataset_repo,Recherche Data Gouv,https://entrepot.recherche.data.gouv.fr/citation?persistentId=doi:10.57745/4SAZUO,entrepot.recherche.data.gouv.fr,10.57745,rdg.prod,Faisabilité climatique de la vigne en France : indicateurs agro/écoclimatiques.,,
hal-03599614,https://hal.science/hal-03599614v1,Campagne de fouille 2021 sur le système de fortification de Blis à Eymet (Dordogne),REPORT,10.34847/nkl.d59a61c2,relatedData_s,relatedData_s,True,False,10.34847/nkl.1b988e6g,doi,10.34847/nkl.1b988e6g,NAKALA,dataset_repo,NAKALA - https://nakala.fr (Huma-Num - CNRS),https://nakala.fr/10.34847/nkl.1b988e6g,nakala.fr,10.34847,inist.humanum,"Fouille du plateau de Blis 2021, jeu de données",,
hal-03599614,https://hal.science/hal-03599614v1,Campagne de fouille 2021 sur le système de fortification de Blis à Eymet (Dordogne),REPORT,10.34847/nkl.d59a61c2,seeAlso_s,relatedData_s,False,True,https://nakala.fr/10.34847/nkl.d59a61c2,doi,10.34847/nkl.d59a61c2,NAKALA,dataset_repo,NAKALA - https://nakala.fr (Huma-Num - CNRS),https://nakala.fr/10.34847/nkl.d59a61c2,nakala.fr,10.34847,inist.humanum,"Fouille du plateau de Blis 2021, rapport final d'opération",,Dataset DOI found only in seeAlso_s; expected HAL field is relatedData_s.
hal-03599614,https://hal.science/hal-03599614v1,Campagne de fouille 2021 sur le système de fortification de Blis à Eymet (Dordogne),REPORT,10.34847/nkl.d59a61c2,seeAlso_s,relatedData_s,False,False,https://nakala.fr/10.34847/nkl.1b988e6g,doi,10.34847/nkl.1b988e6g,NAKALA,dataset_repo,NAKALA - https://nakala.fr (Huma-Num - CNRS),https://nakala.fr/10.34847/nkl.1b988e6g,nakala.fr,10.34847,inist.humanum,"Fouille du plateau de Blis 2021, jeu de données",,
hal-03625761,https://hal.science/hal-03625761v1,Service Level Management in the Cloud,COUV,10.1002/9781119818359.ch2,relatedPublication_s,relatedData_s,False,False,10.1002/9781119818359,doi,10.1002/9781119818359,Journal DOI (10.1002),publication_landing,,,,,,,not_found,
hal-03625769,https://hal.science/hal-03625769v1,Quality of Service Management in Wireless Mesh Networks,COUV,10.1002/9781119818359.ch5,relatedPublication_s,relatedData_s,False,False,10.1002/9781119818359,doi,10.1002/9781119818359,Journal DOI (10.1002),publication_landing,,,,,,,not_found,
hal-03641417,https://institut-agro-dijon.hal.science/hal-03641417v1,Weed suppression in cover crop mixtures under contrasted levels of resource availability,ART,10.1016/j.eja.2022.126499,relatedData_s,relatedData_s,True,False,10.57745/P4G16N,doi,10.57745/P4G16N,Recherche Data Gouv,dataset_repo,Recherche Data Gouv,https://entrepot.recherche.data.gouv.fr/citation?persistentId=doi:10.57745/P4G16N,entrepot.recherche.data.gouv.fr,10.57745,rdg.prod,"Cover crop and weed biomass with their nitrogen and carbon content sampled in cover crop mixture according to mixture, irriguation and nitrogen fertilisation at sowing",,
hal-03671515,https://hal.inrae.fr/hal-03671515v1,New Decision-making Tools for sustainable Weed Control,ART,,relatedPublication_s,relatedData_s,False,False,10.34776/afs12-78g,doi,10.34776/afs12-78g,Agroscope,other,Agroscope,https://ira.agroscope.ch/de/publication/46464,ira.agroscope.ch,10.34776,ethz.agroscope,Neue Entscheidungshilfen für eine nachhaltige Unkrautbekämpfung,,
hal-03671515,https://hal.inrae.fr/hal-03671515v1,New Decision-making Tools for sustainable Weed Control,ART,,seeAlso_s,relatedData_s,False,False,https://doi.org/10.34776/afs12-78g,doi,10.34776/afs12-78g,Agroscope,other,Agroscope,https://ira.agroscope.ch/de/publication/46464,ira.agroscope.ch,10.34776,ethz.agroscope,Neue Entscheidungshilfen für eine nachhaltige Unkrautbekämpfung,,
hal-03671515,https://hal.inrae.fr/hal-03671515v1,New Decision-making Tools for sustainable Weed Control,ART,,seeAlso_s,relatedData_s,False,False,https://ira.agroscope.ch/de/publication/46464,url,,,,,,,,,,,
hal-03685745,https://hal.science/hal-03685745v1,"Adieu ! de Balzac, un texte qui soigne ou un texte qui tue",ART,10.4000/episteme.904,relatedPublication_s,relatedData_s,False,False,10.4000/episteme.904,doi,10.4000/episteme.904,Journal DOI (10.4000),publication_landing,,,,,,,not_found,
hal-03700820,https://hal.science/hal-03700820v1,Parcel Manager: a parcel reshaping model incorporating design rules of residential development,ART,10.1111/tgis.12970,relatedData_s,relatedData_s,True,False,10.17632/zscjbdvr9v.3,doi,10.17632/zscjbdvr9v.3,Mendeley Data,dataset_repo,Mendeley,https://data.mendeley.com/datasets/zscjbdvr9v/3,data.mendeley.com,10.17632,bl.mendeley,Parcel Manager Data set,,
hal-03711804,https://hal.inrae.fr/hal-03711804v1,Prevalence of Undernutrition and Risk of Undernutrition in Overweight and Obese Older People,ART,10.3389/fnut.2022.892675,relatedData_s,relatedData_s,True,False,10.15454/MJTRXM,doi,10.15454/MJTRXM,Recherche Data Gouv,dataset_repo,Portail Data INRAE,https://data.inrae.fr/citation?persistentId=doi:10.15454/MJTRXM,data.inrae.fr,10.15454,rdg.prod,Nutritional status according to weight status in French older adults,,
hal-03718549,https://hal.science/hal-03718549v1,Improving the performances of Diffusive Gradient in Thin-films (DGT) technique to measure the labile uranyl concentration in environmental waters by employing the chelating properties of siderochelates,COMM,,relatedPublication_s,relatedData_s,False,False,10.57876/4tpy-0638,doi,10.57876/4tpy-0638,Autorité de sûreté nucléaire et de radioprotection,other,Autorité de sûreté nucléaire et de radioprotection,https://irsn.spherik.com/tours/j2x02b/,irsn.spherik.com,10.57876,irsn.prod,LUTECE,,
hal-03729303,https://hal.inrae.fr/hal-03729303v1,A dataset on concurrent and immediate retrospective methods for measuring sensory perception and preferences of lemon-flavoured carbonated alcoholic drinks.,ART,10.1016/j.dib.2022.108346,relatedData_s,relatedData_s,True,False,10.17632/729tsts8ng.1,doi,10.17632/729tsts8ng.1,Mendeley Data,dataset_repo,Mendeley,https://data.mendeley.com/datasets/729tsts8ng/1,data.mendeley.com,10.17632,bl.mendeley,A dataset on concurrent and retrospective methods for measuring sensory perception and preferences of lemon-flavoured carbonated alcoholic drinks.,,
hal-03744281,https://hal.inrae.fr/hal-03744281v1,Multi-attribute temporal descriptive methods in sensory analysis applied in food science: Protocol for a scoping review,ART,10.1371/journal.pone.0270969,relatedPublication_s,relatedData_s,False,True,10.57745/JUJRTJ,doi,10.57745/JUJRTJ,Recherche Data Gouv,dataset_repo,Recherche Data Gouv,https://entrepot.recherche.data.gouv.fr/citation?persistentId=doi:10.57745/JUJRTJ,entrepot.recherche.data.gouv.fr,10.57745,rdg.prod,Checklist for reporting research involving descriptive sensory evaluation methods,,Dataset DOI found only in relatedPublication_s; expected HAL field is relatedData_s.
hal-03788372,https://hal.science/hal-03788372v1,Sortants du supérieur : le niveau de diplôme ne résume pas les trajectoires d'insertion,ART,,relatedData_s,relatedData_s,True,False,10.13144/lil-1649,doi,10.13144/lil-1649,Progedo-Adisp,dataset_repo,Progedo-Adisp,https://data.progedo.fr/studies/doi/10.13144/lil-1649,data.progedo.fr,10.13144,inist.adisp,Génération 2017 - Interrogation à 3 ans - 2020,,
hal-03829832,https://hal.science/hal-03829832v4,On the space of subgroups of Baumslag-Solitar groups I: perfect kernel and phenotype,ART,10.4171/RMI/1549,relatedPublication_s,relatedData_s,False,True,10.5281/zenodo.7225585,doi,10.5281/zenodo.7225585,Zenodo,dataset_repo,Zenodo,https://zenodo.org/record/7225585,zenodo.org,10.5281,cern.zenodo,"How to build (m,n)-graphs",,Dataset DOI found only in relatedPublication_s; expected HAL field is relatedData_s.
hal-03856017,https://ehesp.hal.science/hal-03856017v1,High-spatial resolution epidemic surveillance of bacterial meningitis in the African meningitis belt in Burkina Faso,ART,10.1038/s41598-022-23279-6,relatedPublication_s,relatedData_s,False,True,10.5281/zenodo.4925795,doi,10.5281/zenodo.4925795,Zenodo,dataset_repo,Zenodo,https://zenodo.org/record/4925795,zenodo.org,10.5281,cern.zenodo,MaximeMaW/MeningitisDynamics: Fixed typos,,Dataset DOI found only in relatedPublication_s; expected HAL field is relatedData_s.
hal-03882929,https://hal.inrae.fr/hal-03882929v1,"OOPS, the Ontology for Odor Perceptual Space: From Molecular Composition to Sensory Attributes of Odor Objects",ART,10.3390/molecules27227888,relatedData_s,relatedData_s,True,False,10.57745/KLHMJ4,doi,10.57745/KLHMJ4,Recherche Data Gouv,dataset_repo,Recherche Data Gouv,https://entrepot.recherche.data.gouv.fr/citation?persistentId=doi:10.57745/KLHMJ4,entrepot.recherche.data.gouv.fr,10.57745,rdg.prod,Dataset study Roche et al. Ontologie OOPS OD&gt;OQ CSGA,,
hal-03887946,https://hal.inrae.fr/hal-03887946v1,First steps towards FAIRization of product-focused sensory data,ART,10.1016/j.foodqual.2022.104765,relatedData_s,relatedData_s,True,False,10.57745/B35XCS,doi,10.57745/B35XCS,Recherche Data Gouv,dataset_repo,Recherche Data Gouv,https://entrepot.recherche.data.gouv.fr/citation?persistentId=doi:10.57745/B35XCS,entrepot.recherche.data.gouv.fr,10.57745,rdg.prod,Template to share sensory evaluation data,,
hal-03896769,https://hal.science/hal-03896769v1,Le complexe chasséen dans l’Yonne,ART,10.4000/books.artehis.13905,relatedPublication_s,relatedData_s,False,False,10.4000/books.artehis.13809,doi,10.4000/books.artehis.13809,Journal DOI (10.4000),publication_landing,,,,,,,not_found,
hal-03910388,https://hal.science/hal-03910388v1,"Botrytis cinerea strains infecting grapevine and tomato display contrasted repertoires of accessory chromosomes, transposons and small RNAs",ART,10.24072/pcjournal.211,relatedData_s,relatedData_s,True,False,10.57745/HYWRNM,doi,10.57745/HYWRNM,Recherche Data Gouv,dataset_repo,Recherche Data Gouv,https://entrepot.recherche.data.gouv.fr/citation?persistentId=doi:10.57745/HYWRNM,entrepot.recherche.data.gouv.fr,10.57745,rdg.prod,Transposable element annotation of Botrytis cinerea Sl3 and Vvl3,,
hal-03967717,https://hal.inrae.fr/hal-03967717v1,Carabid beetles have hump‐shaped responses to disturbance and resource gradients within agricultural landscapes,ART,10.1111/1365-2664.14357,relatedData_s,relatedData_s,True,False,10.15454/BMLIQI,doi,10.15454/BMLIQI,Recherche Data Gouv,dataset_repo,Recherche Data Gouv,https://entrepot.recherche.data.gouv.fr/citation?persistentId=doi:10.15454/BMLIQI,entrepot.recherche.data.gouv.fr,10.15454,rdg.prod,Carabid beetles have hump-shaped responses to disturbance and resource gradients within agricultural landscapes - Dataset,,
hal-03985366,https://hal.inrae.fr/hal-03985366v1,A dataset on the sensory and affective perception of Bordeaux and Rioja red wines collected from French and Spanish consumers at home and international wine students in the lab,ART,10.1016/j.dib.2022.108873,relatedData_s,relatedData_s,True,False,10.17632/f9wtj7s9b8.1,doi,10.17632/f9wtj7s9b8.1,Mendeley Data,dataset_repo,Mendeley,https://data.mendeley.com/datasets/f9wtj7s9b8/1,data.mendeley.com,10.17632,bl.mendeley,A dataset on the sensory and affective perception of Bordeaux and Rioja red wines collected from French and Spanish consumers at home and international wine students in the lab.,,
hal-03986408,https://hal.inrae.fr/hal-03986408v1,Socioeconomic position and the effect of energy labelling on consumer behaviour: a systematic review and meta-analysis,ART,10.1186/s12966-023-01418-0,relatedPublication_s,relatedData_s,False,True,10.17605/OSF.IO/W7RDB,doi,10.17605/OSF.IO/W7RDB,OSF,dataset_repo,OSF,https://osf.io/w7rdb/,osf.io,10.17605,cos.osf,Does the impact of calorie (energy) labelling of food and drink products on consumer behaviour differ by socioeconomic status?,,Dataset DOI found only in relatedPublication_s; expected HAL field is relatedData_s.
hal-04011829,https://hal.inrae.fr/hal-04011829v1,Horses discriminate human body odors between fear and joy contexts in a habituation-discrimination protocol,ART,10.1038/s41598-023-30119-8,relatedData_s,relatedData_s,True,False,10.57745/SLUKIO,doi,10.57745/SLUKIO,Recherche Data Gouv,dataset_repo,Recherche Data Gouv,https://entrepot.recherche.data.gouv.fr/citation?persistentId=doi:10.57745/SLUKIO,entrepot.recherche.data.gouv.fr,10.57745,rdg.prod,Horses discriminate human body odours between fear and joy contexts in a habituation-discrimination protocol.,,
hal-04052344,https://hal.inrae.fr/hal-04052344v1,Carry-over effects of cover crops on weeds and crop productivity in no-till systems,ART,10.1016/j.fcr.2023.108899,relatedData_s,relatedData_s,True,False,10.57745/P4G16N,doi,10.57745/P4G16N,Recherche Data Gouv,dataset_repo,Recherche Data Gouv,https://entrepot.recherche.data.gouv.fr/citation?persistentId=doi:10.57745/P4G16N,entrepot.recherche.data.gouv.fr,10.57745,rdg.prod,"Cover crop and weed biomass with their nitrogen and carbon content sampled in cover crop mixture according to mixture, irriguation and nitrogen fertilisation at sowing",,
hal-04059014,https://hal.science/hal-04059014v1,Leaf microbiome data for European cultivated grapevine (Vitis vinifera L.) during downy mildew (Plasmopara viticola) epidemics in three wine-producing regions in France,ART,10.1094/PHYTOFR-11-22-0138-A,relatedData_s,relatedData_s,True,False,10.15454/2YDSBL,doi,10.15454/2YDSBL,Recherche Data Gouv,dataset_repo,Recherche Data Gouv,https://entrepot.recherche.data.gouv.fr/citation?persistentId=doi:10.15454/2YDSBL,entrepot.recherche.data.gouv.fr,10.15454,rdg.prod,Leaf microbiome data for European cultivated grapevine (Vitis vinifera L.) during downy mildew (Plasmopara viticola) epidemics in three wine-producing regions in France,,
hal-04066550,https://hal.science/hal-04066550v1,Music and the aging brain,COUV,10.1093/oxfordhb/9780198804123.013.25,relatedPublication_s,relatedData_s,False,False,10.1093/oxfordhb/9780198804123.001.0001,doi,10.1093/oxfordhb/9780198804123.001.0001,Journal DOI (10.1093),publication_landing,,,,,,,not_found,
hal-04133593,https://hal.inrae.fr/hal-04133593v2,Reduction in PLANT DEFENSIN 1 expression in Arabidopsis thaliana results in increased resistance to pathogens and zinc toxicity,ART,10.1093/jxb/erad228,relatedData_s,relatedData_s,True,False,10.15454/AXY7FV,doi,10.15454/AXY7FV,Recherche Data Gouv,dataset_repo,Recherche Data Gouv,https://entrepot.recherche.data.gouv.fr/citation?persistentId=doi:10.15454/AXY7FV,entrepot.recherche.data.gouv.fr,10.15454,rdg.prod,Replication Data for: Nguyen et al. Reduction in PLANT DEFENSIN 1 results in increased resistance to pathogens and zinc toxicity,,
hal-04139578,https://hal.science/hal-04139578v1,Safety Net Detection by Optic Flow Processing,COMM,10.1109/ICUAS57906.2023.10156597,relatedData_s,relatedData_s,True,False,10.57745/5VJQHM,doi,10.57745/5VJQHM,Recherche Data Gouv,dataset_repo,Recherche Data Gouv,https://entrepot.recherche.data.gouv.fr/citation?persistentId=doi:10.57745/5VJQHM,entrepot.recherche.data.gouv.fr,10.57745,rdg.prod,Camera Underwater images in front of underwater nettings at Lake Guerlédan,,
hal-04164225,https://u-picardie.hal.science/hal-04164225v1,An inter-laboratory multi-centre evaluation of the performance of Mucorales PCR assays when testing serum specimens: A study by the ISHAM Fungal PCR Initiative and the ModiMucor study group -FPCRI Mucor Laboratory Working group,COMM,,relatedPublication_s,relatedData_s,False,False,10.3390/jof5040095,doi,10.3390/jof5040095,DOI prefix 10.3390,unresolved,,,,,,,not_found,
hal-04192260,https://hal.science/hal-04192260v1,"The 1949 Atlas of French peat deposits, a starting point for a National Inventory of peatlands",ART,10.1111/sum.12919,relatedData_s,relatedData_s,True,False,10.25666/DATAOSU-2021-03-01,doi,10.25666/DATAOSU-2021-03-01,Laboratoire Chrono-environnement,other,Laboratoire Chrono-environnement,https://search-data.ubfc.fr/FR-18008901306731-2021-03-01_Digitized-inventory-of-the-French-peatlands-of.html,search-data.ubfc.fr,10.25666,inist.osutheta,Digitized inventory of the French peatlands of 1949,,
hal-04197470,https://hal.science/hal-04197470v1,Structure of deformed $w_{1+\infty}$ symmetry and topological generalization in Celestial CFT,ART,10.1016/j.physletb.2023.138272,relatedPublication_s,relatedData_s,False,False,10.48550/arXiv.2306.11693,doi,10.48550/arXiv.2306.11693,arXiv,publication_landing,arXiv,https://arxiv.org/abs/2306.11693,arxiv.org,10.48550,arxiv.content,Structure of deformed $w_{1+\infty}$ symmetry and topological generalization in Celestial CFT,,
hal-04197618,https://hal.inrae.fr/hal-04197618v1,"PO2/TransformON, an ontology for data integration on food, feed, bioproducts and biowaste engineering",ART,10.1038/s41538-023-00221-2,relatedData_s,relatedData_s,True,False,10.57745/DWX7W6,doi,10.57745/DWX7W6,Recherche Data Gouv,dataset_repo,Recherche Data Gouv,https://entrepot.recherche.data.gouv.fr/citation?persistentId=doi:10.57745/DWX7W6,entrepot.recherche.data.gouv.fr,10.57745,rdg.prod,TransformON,,
hal-04197618,https://hal.inrae.fr/hal-04197618v1,"PO2/TransformON, an ontology for data integration on food, feed, bioproducts and biowaste engineering",ART,10.1038/s41538-023-00221-2,relatedData_s,relatedData_s,True,False,10.15454/XSVVBW,doi,10.15454/XSVVBW,Recherche Data Gouv,dataset_repo,Recherche Data Gouv,https://entrepot.recherche.data.gouv.fr/citation?persistentId=doi:10.15454/XSVVBW,entrepot.recherche.data.gouv.fr,10.15454,rdg.prod,PO² Process and Observation Ontology,,
hal-04233962,https://hal.inrae.fr/hal-04233962v1,Direct and indirect estimates of dispersal support strong juvenile philopatry and male‐biased dispersal in a freshwater turtle species (<i>Emys orbicularis</i>),ART,10.1111/fwb.14171,relatedData_s,relatedData_s,True,False,10.5061/dryad.qv9s4mwkv,doi,10.5061/dryad.qv9s4mwkv,Dryad,dataset_repo,Dryad,https://datadryad.org/dataset/doi:10.5061/dryad.qv9s4mwkv,datadryad.org,10.5061,dryad.dryad,Direct and indirect estimates of dispersal support strong juvenile philopatry and male-biased dispersal in a freshwater turtle species (Emys orbicularis),,
hal-04248976,https://hal.science/hal-04248976v1,"Comment on Manna et al. SARS-CoV-2 Inactivation in Aerosol by Means of Radiated Microwaves. Viruses 2023, 15, 1443",ART,10.3390/v15102110,relatedPublication_s,relatedData_s,False,True,10.5281/zenodo.8387335,doi,10.5281/zenodo.8387335,Zenodo,dataset_repo,Zenodo,https://zenodo.org/record/8387335,zenodo.org,10.5281,cern.zenodo,"Comment on Manna et al. SARS-CoV-2 Inactivation in Aerosol by Means of Radiated Microwaves. Viruses 2023, 15, 1443",,Dataset DOI found only in relatedPublication_s; expected HAL field is relatedData_s.
hal-04253590,https://hal.science/hal-04253590v1,Images et sons des géopolitiques urbaines / Imágenes y sonidos de las geopolíticas urbanas,ISSUE,10.24310/Fotocinema.2022.vi24,relatedPublication_s,relatedData_s,False,False,10.24310/Fotocinema,doi,10.24310/Fotocinema,DOI prefix 10.24310,unresolved,,,,,,,not_found,
hal-04254641,https://hal.inrae.fr/hal-04254641v1,Agricultural drivers of field margin plant communities are scale-dependent,ART,10.1016/j.baae.2023.08.003,relatedData_s,relatedData_s,True,False,10.57745/NMIPCY,doi,10.57745/NMIPCY,Recherche Data Gouv,dataset_repo,Recherche Data Gouv,https://entrepot.recherche.data.gouv.fr/citation?persistentId=doi:10.57745/NMIPCY,entrepot.recherche.data.gouv.fr,10.57745,rdg.prod,"Data associated to the paper ""Scale dependence in agricultural drivers of field margin plant communities: influence of spatial resolution and extent""",,
hal-04254641,https://hal.inrae.fr/hal-04254641v1,Agricultural drivers of field margin plant communities are scale-dependent,ART,10.1016/j.baae.2023.08.003,seeAlso_s,relatedData_s,False,False,https://ars.els-cdn.com/content/image/1-s2.0-S1439179123000476-mmc1.docx,url,,,,,,,,,,,
hal-04266661,https://hal.science/hal-04266661v1,The short-term response of soil microbial communities to digestate application depends on the characteristics of the digestate and soil type,ART,10.1016/j.apsoil.2023.105105,relatedPublication_s,relatedData_s,False,True,10.57745/DFGUGB,doi,10.57745/DFGUGB,Recherche Data Gouv,dataset_repo,Recherche Data Gouv,https://entrepot.recherche.data.gouv.fr/citation?persistentId=doi:10.57745/DFGUGB,entrepot.recherche.data.gouv.fr,10.57745,rdg.prod,Impact des digestats de méthanisation sur la qualité biologique des sols : Evaluation d’impact à court terme en conditions contrôlées (Microcosmes),,Dataset DOI found only in relatedPublication_s; expected HAL field is relatedData_s.
hal-04267953,https://hal.inrae.fr/hal-04267953v1,SNP discovery by exome capture and resequencing in a pea genetic resource collection,ART,10.24072/pci.genomics.100237,relatedData_s,relatedData_s,True,False,10.57745/5MDE99,doi,10.57745/5MDE99,Recherche Data Gouv,dataset_repo,Recherche Data Gouv,https://entrepot.recherche.data.gouv.fr/citation?persistentId=doi:10.57745/5MDE99,entrepot.recherche.data.gouv.fr,10.57745,rdg.prod,"Dataset from ""A new genome assembly of the pea cultivar Cameor provides resources for functional genomics and genetics""",,
hal-04273989,https://hal.inrae.fr/hal-04273989v1,Biogeographical patterns of the soil fungal:bacterial ratio across France,ART,10.1128/msphere.00365-23,relatedData_s,relatedData_s,True,False,10.57745/AKSR1A,doi,10.57745/AKSR1A,Recherche Data Gouv,dataset_repo,Recherche Data Gouv,https://entrepot.recherche.data.gouv.fr/citation?persistentId=doi:10.57745/AKSR1A,entrepot.recherche.data.gouv.fr,10.57745,rdg.prod,Biogeographical patterns of the soil fungal:bacterial ratio across France,,
hal-04298953,https://hal.science/hal-04298953v1,Rapport final du projet INTERFACE (2022-2023) : Modélisation de réseaux multi-habitats pour la conservation intégrée des milieux d'interface,REPORT,10.13140/RG.2.2.24102.09288,relatedPublication_s,relatedData_s,False,False,10.20870/Revue-SET.2023.43.7642,doi,10.20870/Revue-SET.2023.43.7642,DOI prefix 10.20870,unresolved,,,,,,,not_found,
hal-04423592,https://hal.inrae.fr/hal-04423592v1,Reducing pest pressure and insecticide use by increasing hedgerows in the landscape,ART,10.1016/j.scitotenv.2024.170182,relatedData_s,relatedData_s,True,False,10.57745/MLZFRO,doi,10.57745/MLZFRO,Recherche Data Gouv,dataset_repo,Recherche Data Gouv,https://entrepot.recherche.data.gouv.fr/citation?persistentId=doi:10.57745/MLZFRO,entrepot.recherche.data.gouv.fr,10.57745,rdg.prod,Reducing pest pressure and insecticide use by increasing hedgerows in the landscape - dataset,,
hal-04423592,https://hal.inrae.fr/hal-04423592v1,Reducing pest pressure and insecticide use by increasing hedgerows in the landscape,ART,10.1016/j.scitotenv.2024.170182,seeAlso_s,relatedData_s,False,False,https://ars.els-cdn.com/content/image/1-s2.0-S0048969724003176-mmc1.docx,url,,,,,,,,,,,
hal-04432508,https://amu.hal.science/hal-04432508v1,Republication de : recommandations formalisées d’experts. Prise en charge de la patiente avec une pré-éclampsie sévère,ART,10.1016/j.anrea.2023.07.002,relatedPublication_s,relatedData_s,False,False,10.1016/j.accpm.2021.100901,doi,10.1016/j.accpm.2021.100901,Journal DOI (10.1016),publication_landing,,,,,,,not_found,
hal-04432508,https://amu.hal.science/hal-04432508v1,Republication de : recommandations formalisées d’experts. Prise en charge de la patiente avec une pré-éclampsie sévère,ART,10.1016/j.anrea.2023.07.002,relatedPublication_s,relatedData_s,False,False,hal-03554179,hal_id,,,,,,,,,,,
hal-04498495,https://hal.science/hal-04498495v1,Efficient multimode vectorial nonlinear propagation solver beyond the weak guidance approximation,ART,10.48550/arXiv.2402.16492,relatedPublication_s,relatedData_s,False,False,10.1364/JOSAB.521161,doi,10.1364/JOSAB.521161,DOI prefix 10.1364,unresolved,,,,,,,not_found,
hal-04513209,https://hal.inrae.fr/hal-04513209v1,Blocking then stinging as a case of two-step evolution of defensive cage architectures in herbivore-driven ecosystems,ART,10.1038/s41477-024-01649-4,relatedData_s,relatedData_s,True,False,10.6084/m9.figshare.24454609,doi,10.6084/m9.figshare.24454609,Figshare,dataset_repo,figshare,https://figshare.com/articles/dataset/Supplementary_material_b_Branch_then_sting_the_two_step_evolution_of_defensive_cage_architectures_in_herbivore-driven_ecosystems_b_/24454609,figshare.com,10.6084,figshare.ars,Supplementary material: <b>Branch then sting: the two step evolution of defensive cage architectures in herbivore-driven ecosystems</b>,,
hal-04529211,https://hal.science/hal-04529211v1,L’habitat groupé laténien de Verdun-sur-le-Doubs : rapport de fouille programmée 2023 dans le cadre du PCR «La confluence Saône/Doubs à l’âge du fer»,REPORT,,relatedData_s,relatedData_s,True,False,10.34847/nkl.929ax2kn,doi,10.34847/nkl.929ax2kn,NAKALA,dataset_repo,,,,,,,not_found,
hal-04529211,https://hal.science/hal-04529211v1,L’habitat groupé laténien de Verdun-sur-le-Doubs : rapport de fouille programmée 2023 dans le cadre du PCR «La confluence Saône/Doubs à l’âge du fer»,REPORT,,seeAlso_s,relatedData_s,False,False,https://www.chronocarto.eu/spip.php?article79&lang=fr,url,,,,,,,,,,,
hal-04547704,https://hal.inrae.fr/hal-04547704v1,French low-input winegrowing demonstration farms: a dataset of their operations traceability and sustainability performances.,ART,10.1016/j.dib.2024.110415,relatedData_s,relatedData_s,True,False,10.57745/2HITDV,doi,10.57745/2HITDV,Recherche Data Gouv,dataset_repo,Recherche Data Gouv,https://entrepot.recherche.data.gouv.fr/citation?persistentId=doi:10.57745/2HITDV,entrepot.recherche.data.gouv.fr,10.57745,rdg.prod,DEPHY FERME network's low input winegrowing systems: performances and traceability,,
hal-04553063,https://hal.inrae.fr/hal-04553063v1,Are high-throughput root phenotyping platforms suitable for informing root system architecture models with genotype-specific parameters? An evaluation based on the root model ArchiSimple and a small panel of wheat cultivars,ART,10.1093/jxb/erae009,relatedData_s,relatedData_s,True,False,10.5281/zenodo.10597854,doi,10.5281/zenodo.10597854,Zenodo,dataset_repo,Zenodo,https://zenodo.org/doi/10.5281/zenodo.10597854,zenodo.org,10.5281,cern.zenodo,Data supporting: Are high-throughput root-phenotyping platforms suitable for informing root-system architecture models with genotype-specific parameters? An evaluation based on the root model ArchiSimple and a small panel of wheat cultivars,,
hal-04581536,https://hal.inrae.fr/hal-04581536v1,To what extent can a phase-out of pesticides in viticulture be achieved? Learning from the efforts of a large farm network after 10 years,ART,10.20870/oeno-one.2024.58.2.7885,relatedData_s,relatedData_s,True,False,10.57745/2HITDV,doi,10.57745/2HITDV,Recherche Data Gouv,dataset_repo,Recherche Data Gouv,https://entrepot.recherche.data.gouv.fr/citation?persistentId=doi:10.57745/2HITDV,entrepot.recherche.data.gouv.fr,10.57745,rdg.prod,DEPHY FERME network's low input winegrowing systems: performances and traceability,,
hal-04589525,https://hal.science/hal-04589525v1,EPoMAB. European Bronze Age solid-hilted swords database,SOFTWARE,10.5281/zenodo.10913139,relatedData_s,relatedData_s,True,False,10.25666/DATAUBFC-2024-03-06,doi,10.25666/DATAUBFC-2024-03-06,dataUBFC - Atelier de la donnée de Bourgogne-Franche-Comté,other,dataUBFC - Atelier de la donnée de Bourgogne-Franche-Comté,https://search-data.ubfc.fr/FR-13002091000019-2024-03-06_Bronze-Age-solid-hilted-swords.html,search-data.ubfc.fr,10.25666,inist.osutheta,Bronze Age solid-hilted swords,,
hal-04589525,https://hal.science/hal-04589525v1,EPoMAB. European Bronze Age solid-hilted swords database,SOFTWARE,10.5281/zenodo.10913139,relatedPublication_s,relatedData_s,False,False,tel-03815132,hal_id,,,,,,,,,,,
hal-04589525,https://hal.science/hal-04589525v1,EPoMAB. European Bronze Age solid-hilted swords database,SOFTWARE,10.5281/zenodo.10913139,seeAlso_s,relatedData_s,False,False,https://analytics.huma-num.fr/Leonard.Dumont/EPoMAB/,url,,,,,,,,,,,
hal-04593965,https://hal.inrae.fr/hal-04593965v1,A dataset of perception and preferences of French consumers for commercial cooked hams sampled according to their nutritional values and claims,ART,10.1016/j.dib.2024.110549,relatedData_s,relatedData_s,True,False,10.57745/GA5R6S,doi,10.57745/GA5R6S,Recherche Data Gouv,dataset_repo,Recherche Data Gouv,https://entrepot.recherche.data.gouv.fr/citation?persistentId=doi:10.57745/GA5R6S,entrepot.recherche.data.gouv.fr,10.57745,rdg.prod,A dataset of perception and preferences of French consumers for commercial cooked hams sampled according to their nutritional values and claims.,,
hal-04612748,https://hal.inrae.fr/hal-04612748v1,Wheat dwarfing reshapes plant and fungal development in arbuscular mycorrhizal symbiosis,ART,10.1007/s00572-024-01150-y,relatedPublication_s,relatedData_s,False,True,10.57745/R1QHIL,doi,10.57745/R1QHIL,Recherche Data Gouv,dataset_repo,,,,,,,not_found,Dataset DOI found only in relatedPublication_s; expected HAL field is relatedData_s.
hal-04635083,https://hal.science/hal-04635083v3,Imaging Bajocian coral ridges in the Paris Basin and deciphering their origin,ART,10.1111/bre.70034,relatedData_s,relatedData_s,True,False,10.57745/TMB0HR,doi,10.57745/TMB0HR,Recherche Data Gouv,dataset_repo,Recherche Data Gouv,https://entrepot.recherche.data.gouv.fr/citation?persistentId=doi:10.57745/TMB0HR,entrepot.recherche.data.gouv.fr,10.57745,rdg.prod,Near surface geophysics dataset from Bajocian limestones outcropping in 4 quarries of the eastern Paris Basin,,
hal-04641814,https://hal.science/hal-04641814v1,CDMiA: Revealing Impacts of Data Migrations on Schemas in Multi-model Systems,COMM,10.1007/978-3-031-61000-4_14,relatedPublication_s,relatedData_s,False,False,10.1007/978-3-031-61000-4,doi,10.1007/978-3-031-61000-4,Journal DOI (10.1007),publication_landing,,,,,,,not_found,
hal-04647451,https://hal.science/hal-04647451v1,Du menu «laïque » au menu «écolo»,ART,10.4000/mots.32646,relatedPublication_s,relatedData_s,False,False,10.4000/mots.32321,doi,10.4000/mots.32321,Journal DOI (10.4000),publication_landing,,,,,,,not_found,
hal-04647456,https://hal.science/hal-04647456v1,L’alimentation durable en France : enjeux de politisation et de communication,ART,10.4000/communiquer.10945,relatedPublication_s,relatedData_s,False,False,10.4000/communiquer.10563,doi,10.4000/communiquer.10563,Journal DOI (10.4000),publication_landing,,,,,,,not_found,
hal-04676601,https://hal.inrae.fr/hal-04676601v1,Development and validation of a web application to collect food supply data associated with their nutritional composition and environmental impacts,ART,10.1016/j.mex.2024.102891,relatedPublication_s,relatedData_s,False,True,10.57745/GPDV7F,doi,10.57745/GPDV7F,Recherche Data Gouv,dataset_repo,Recherche Data Gouv,https://entrepot.recherche.data.gouv.fr/citation?persistentId=doi:10.57745/GPDV7F,entrepot.recherche.data.gouv.fr,10.57745,rdg.prod,A dataset of food supplies and preferences of French university students,,Dataset DOI found only in relatedPublication_s; expected HAL field is relatedData_s.
hal-04750951,https://hal.science/hal-04750951v1,"Données de l'étude TORCAD : goût métallique avant, pendant et après traitement d'un cancer des voies aérodigestives supérieures + notice d'explication",UNDEFINED,,relatedPublication_s,relatedData_s,False,False,10.1111/joss.70023,doi,10.1111/joss.70023,DOI prefix 10.1111,unresolved,,,,,,,not_found,
hal-04759332,https://hal.science/hal-04759332v1,Seed morphometrics unravels the evolutionary history of grapevine in France,ART,10.1038/s41598-024-72692-6,relatedData_s,relatedData_s,True,False,10.6084/m9.figshare.25907659.v2,doi,10.6084/m9.figshare.25907659.v2,Figshare,dataset_repo,figshare,https://figshare.com/articles/dataset/Viniculture_archaeological_and_modern_datasets/25907659/2,figshare.com,10.6084,figshare.ars,Viniculture archaeological and modern datasets,,
hal-04764077,https://hal.science/hal-04764077v1,Introduction,COUV,10.4000/books.efr.54098,relatedPublication_s,relatedData_s,False,False,10.4000/books.efr.53708,doi,10.4000/books.efr.53708,Journal DOI (10.4000),publication_landing,,,,,,,not_found,
hal-04827822,https://hal.inrae.fr/hal-04827822v1,Quantitative assessment and spatial distribution of Plasmopara viticola oospores in vineyard soil,UNDEFINED,10.1101/2024.07.29.605284,relatedData_s,relatedData_s,True,False,10.57745/Z4HXOQ,doi,10.57745/Z4HXOQ,Recherche Data Gouv,dataset_repo,Recherche Data Gouv,https://entrepot.recherche.data.gouv.fr/citation?persistentId=doi:10.57745/Z4HXOQ,entrepot.recherche.data.gouv.fr,10.57745,rdg.prod,Quantification of Plasmopara viticola oospores in soil and their spatial distribution in a vineyard,,
hal-04831195,https://hal.science/hal-04831195v1,Agrosyst : Indicateurs de performance v2.0,REPORT,,relatedData_s,relatedData_s,True,False,10.57745/CCG8OO,doi,10.57745/CCG8OO,Recherche Data Gouv → HAL notice,publication_landing,Recherche Data Gouv,https://hal.inrae.fr/hal-05733705,hal.inrae.fr,10.57745,rdg.prod,Datagrosyst : Plateforme d'accès aux données issues d'Agrosyst,,
hal-04848244,https://hal.science/hal-04848244v1,Temporal reversibility of reactive systems out of equilibrium: A strange paradox,UNDEFINED,,relatedPublication_s,relatedData_s,False,False,10.48550/arXiv.2410.19578,doi,10.48550/arXiv.2410.19578,arXiv,publication_landing,arXiv,https://arxiv.org/abs/2410.19578,arxiv.org,10.48550,arxiv.content,Temporal reversibility of reactive systems out of equilibrium: Molecular dynamics simulation,,
hal-04874922,https://hal.inrae.fr/hal-04874922v1,Unraveling biogeographical patterns and environmental drivers of soil fungal diversity at the French national scale,ART,10.5194/soil-10-251-2024,relatedPublication_s,relatedData_s,False,False,10.5194/soil-10-251-2024-supplement,doi,10.5194/soil-10-251-2024-supplement,DOI prefix 10.5194,unresolved,,,,,,,not_found,
hal-04874922,https://hal.inrae.fr/hal-04874922v1,Unraveling biogeographical patterns and environmental drivers of soil fungal diversity at the French national scale,ART,10.5194/soil-10-251-2024,seeAlso_s,relatedData_s,False,False,https://www.ebi.ac.uk/ena/browser/api/xml/PRJEB57875,url,,,,,,,,,,,
hal-04874922,https://hal.inrae.fr/hal-04874922v1,Unraveling biogeographical patterns and environmental drivers of soil fungal diversity at the French national scale,ART,10.5194/soil-10-251-2024,seeAlso_s,relatedData_s,False,False,https://doi.org/10.15454/L7QN45,doi,10.15454/L7QN45,INRAE (prefix 10.15454),other,INRAE,https://www2.dijon.inrae.fr/plateforme_genosol/,www2.dijon.inrae.fr,10.15454,rdg.prod,Soil Microbial Metagenomics Facility,,
hal-04901396,https://ube.hal.science/hal-04901396v1,How Null Vector Performs in a Rational Bézier Curve with Mass Points,ART,10.3390/geometry2010001,relatedPublication_s,relatedData_s,False,False,10.3390/geometry2010001,doi,10.3390/geometry2010001,DOI prefix 10.3390,unresolved,,,,,,,not_found,
hal-04906304,https://ube.hal.science/hal-04906304v1,Mobi-Switch : un jeu de société sur la durabilité de la mobilité urbaine,OTHER,,relatedData_s,relatedData_s,True,False,10.57745/3VMB3Y,doi,10.57745/3VMB3Y,Recherche Data Gouv,dataset_repo,Recherche Data Gouv,https://entrepot.recherche.data.gouv.fr/citation?persistentId=doi:10.57745/3VMB3Y,entrepot.recherche.data.gouv.fr,10.57745,rdg.prod,Mobi-Switch : a boardgame about urban mobility sustainability,,
hal-04906304,https://ube.hal.science/hal-04906304v1,Mobi-Switch : un jeu de société sur la durabilité de la mobilité urbaine,OTHER,,seeAlso_s,relatedData_s,False,False,https://www6.inrae.fr/switch,url,,,,,,,,,,,
hal-04906415,https://agroparistech.hal.science/hal-04906415v1,Do semi-natural habitats enhance overwintering of generalist predators in arable cropping systems? A meta-analysis,ART,10.1016/j.biocontrol.2025.105700,relatedData_s,relatedData_s,True,False,10.57745/5BU8MG,doi,10.57745/5BU8MG,Recherche Data Gouv,dataset_repo,Recherche Data Gouv,https://entrepot.recherche.data.gouv.fr/citation?persistentId=doi:10.57745/5BU8MG,entrepot.recherche.data.gouv.fr,10.57745,rdg.prod,"Dataset and R script from ""Do semi-natural habitats enhance overwintering of generalist predators in arable cropping systems? A meta-analysis""",,
hal-04934468,https://hal.inrae.fr/hal-04934468v1,Triplex real-time PCR ZKIR-T assay for simultaneous detection of the Klebsiella pneumoniae species complex and identification of K. pneumoniae sensu stricto,ART,10.1128/spectrum.00336-24,relatedPublication_s,relatedData_s,False,False,10.17504/protocols.io.b4s5qwg6,doi,10.17504/protocols.io.b4s5qwg6,DOI prefix 10.17504,unresolved,,,,,,,not_found,
hal-04934468,https://hal.inrae.fr/hal-04934468v1,Triplex real-time PCR ZKIR-T assay for simultaneous detection of the Klebsiella pneumoniae species complex and identification of K. pneumoniae sensu stricto,ART,10.1128/spectrum.00336-24,seeAlso_s,relatedData_s,False,False,https://doi.org/10.1128/spectrum.00336-24,doi,10.1128/spectrum.00336-24,DOI prefix 10.1128,unresolved,,,,,,,not_found,
hal-04934468,https://hal.inrae.fr/hal-04934468v1,Triplex real-time PCR ZKIR-T assay for simultaneous detection of the Klebsiella pneumoniae species complex and identification of K. pneumoniae sensu stricto,ART,10.1128/spectrum.00336-24,seeAlso_s,relatedData_s,False,False,https://bigsdb.pasteur.fr/cgi-bin/bigsdb/bigsdb.pl?db=pubmlst_klebsiella_isolates&page=query&project_list=81&submit=1,url,,,,,,,,,,,
hal-04948867,https://ube.hal.science/hal-04948867v1,EuPPollNet : a European database of Plant‐Pollinator Networks,ART,10.1111/geb.70000,relatedPublication_s,relatedData_s,False,True,10.5281/zenodo.14747448,doi,10.5281/zenodo.14747448,Zenodo,dataset_repo,Zenodo,https://zenodo.org/doi/10.5281/zenodo.14747448,zenodo.org,10.5281,cern.zenodo,JoseBSL/EuPPollNet: EuPPollNet: A European database of plant-pollinator networks,,Dataset DOI found only in relatedPublication_s; expected HAL field is relatedData_s.
hal-04959610,https://hal.science/hal-04959610v1,Relationship between seed predation and activity-density of carabid beetles in farmland: A meta-regression,ART,10.1016/j.agee.2025.109551,relatedData_s,relatedData_s,True,False,10.5281/zenodo.14884485,doi,10.5281/zenodo.14884485,Zenodo,dataset_repo,Zenodo,https://zenodo.org/doi/10.5281/zenodo.14884485,zenodo.org,10.5281,cern.zenodo,Relationship between seed predation and activity-density of carabid beetles in farmland; a meta-regression (dataset and code),,
hal-04959610,https://hal.science/hal-04959610v1,Relationship between seed predation and activity-density of carabid beetles in farmland: A meta-regression,ART,10.1016/j.agee.2025.109551,seeAlso_s,relatedData_s,False,False,https://ars.els-cdn.com/content/image/1-s2.0-S0167880925000830-mmc1.docx,url,,,,,,,,,,,
hal-04966013,https://hal.science/hal-04966013v3,Netting and Background Distinction with In-Flight Optic Flow,ART,10.1007/s42235-025-00677-w,relatedData_s,relatedData_s,True,False,10.57745/DZIM2L,doi,10.57745/DZIM2L,Recherche Data Gouv,dataset_repo,Recherche Data Gouv,https://entrepot.recherche.data.gouv.fr/citation?persistentId=doi:10.57745/DZIM2L,entrepot.recherche.data.gouv.fr,10.57745,rdg.prod,Camera images from embedded Camera on a drone flying in front of walls and nettings in simulation and experimental data,,
hal-05008717,https://hal.science/hal-05008717v1,The Use of Human Surrogate for the Assessment of Ballistic Impacts on the Thorax,COUV,10.1007/978-3-031-50646-8_18,relatedPublication_s,relatedData_s,False,False,10.1007/978-3-031-50646-8,doi,10.1007/978-3-031-50646-8,Journal DOI (10.1007),publication_landing,,,,,,,not_found,
hal-05031388,https://hal.science/hal-05031388v1,Rapport intermédiaire 2024 du programme de recherche archéologique 2022-2025 sur le mont Beuvray,REPORT,,relatedData_s,relatedData_s,True,False,10.34847/nkl.aadfk393,doi,10.34847/nkl.aadfk393,NAKALA,dataset_repo,NAKALA - https://nakala.fr (Huma-Num - CNRS),https://nakala.fr/10.34847/nkl.aadfk393,nakala.fr,10.34847,inist.humanum,"Rapport intermédiaire 2024 du programme de recherche archéologique 2022-2025 sur le mont Beuvray, Référentiel",,
hal-05031388,https://hal.science/hal-05031388v1,Rapport intermédiaire 2024 du programme de recherche archéologique 2022-2025 sur le mont Beuvray,REPORT,,seeAlso_s,relatedData_s,False,False,http://www.bibracte.fr,url,,,,,,,,,,,
hal-05034702,https://hal.science/hal-05034702v1,Rapport intermédiaire 2023 du programme de recherche archéologique 2022-2025 sur le mont Beuvray,REPORT,,relatedData_s,relatedData_s,True,False,10.34847/nkl.dbffy9lu,doi,10.34847/nkl.dbffy9lu,NAKALA,dataset_repo,NAKALA - https://nakala.fr (Huma-Num - CNRS),https://nakala.fr/10.34847/nkl.dbffy9lu,nakala.fr,10.34847,inist.humanum,"Rapport intermédiaire 2023 du programme de recherche archéologique 2022-2025 sur le mont Beuvray, Référentiel",,
hal-05034734,https://hal.science/hal-05034734v1,Rapport intermédiaire 2022 du programme de recherche archéologique 2022-2025 sur le mont Beuvray,REPORT,,relatedData_s,relatedData_s,True,False,10.34847/nkl.ffc45fsr,doi,10.34847/nkl.ffc45fsr,NAKALA,dataset_repo,NAKALA - https://nakala.fr (Huma-Num - CNRS),https://nakala.fr/10.34847/nkl.ffc45fsr,nakala.fr,10.34847,inist.humanum,"Rapport intermédiaire 2022 du programme de recherche archéologique 2022-2025 sur le mont Beuvray, Référentiel",,
hal-05051650,https://hal.inrae.fr/hal-05051650v1,Impact of salting practices on sodium distribution in carrots assessed by quantitative MRI,ART,10.1016/j.foodres.2025.116351,relatedData_s,relatedData_s,True,False,10.57745/EOAKKA,doi,10.57745/EOAKKA,Recherche Data Gouv,dataset_repo,Recherche Data Gouv,https://entrepot.recherche.data.gouv.fr/citation?persistentId=doi:10.57745/EOAKKA,entrepot.recherche.data.gouv.fr,10.57745,rdg.prod,Quantitative sodium MRI in carrots,,
hal-05051650,https://hal.inrae.fr/hal-05051650v1,Impact of salting practices on sodium distribution in carrots assessed by quantitative MRI,ART,10.1016/j.foodres.2025.116351,seeAlso_s,relatedData_s,False,False,https://doi.org/10.57745/EOAKKA,doi,10.57745/EOAKKA,Recherche Data Gouv,dataset_repo,Recherche Data Gouv,https://entrepot.recherche.data.gouv.fr/citation?persistentId=doi:10.57745/EOAKKA,entrepot.recherche.data.gouv.fr,10.57745,rdg.prod,Quantitative sodium MRI in carrots,,
hal-05051655,https://hal.inrae.fr/hal-05051655v1,Spatiotemporal quantification of sodium concentration in food using magnetic resonance imaging,ART,10.1016/j.foodres.2025.116416,relatedData_s,relatedData_s,True,False,10.57745/BRGZNJ,doi,10.57745/BRGZNJ,Recherche Data Gouv,dataset_repo,Recherche Data Gouv,https://entrepot.recherche.data.gouv.fr/citation?persistentId=doi:10.57745/BRGZNJ,entrepot.recherche.data.gouv.fr,10.57745,rdg.prod,Spatiotemporal quantification of sodium concentration in carrot,,
hal-05055552,https://ube.hal.science/hal-05055552v1,Coastal hydrodynamics at the sub-Antarctic Possession Island (Crozet archipelago) inferred from bedform structures and sediment properties,ART,10.1016/j.margeo.2025.107559,relatedData_s,relatedData_s,True,False,10.25666/DATAUBFC-2024-03-15,doi,10.25666/DATAUBFC-2024-03-15,dataUBFC - Atelier de la donnée de Bourgogne-Franche-Comté,other,dataUBFC - Atelier de la donnée de Bourgogne-Franche-Comté,https://search-data.ubfc.fr/FR-13002091000019-2024-03-15_MEDUSA-Marine-benthic-Ecological-Data-from.html,search-data.ubfc.fr,10.25666,inist.osutheta,MEDUSA: Marine benthic Ecological Data from Underwater imagery Surveys of sub-Antarctic Crozet environments,,
hal-05070613,https://hal.inrae.fr/hal-05070613v1,Metagenomics reveals contrasted responses of microbial communities to wheat straw amendment in cropland and grassland soils,ART,10.1038/s41598-025-98903-2,relatedData_s,relatedData_s,True,False,10.57745/OMJUXC,doi,10.57745/OMJUXC,Recherche Data Gouv,dataset_repo,Recherche Data Gouv,https://entrepot.recherche.data.gouv.fr/citation?persistentId=doi:10.57745/OMJUXC,entrepot.recherche.data.gouv.fr,10.57745,rdg.prod,Data for Metagenomics reveals contrasted responses of microbial communities to wheat straw amendment in cropland and grassland soils,,
hal-05070613,https://hal.inrae.fr/hal-05070613v1,Metagenomics reveals contrasted responses of microbial communities to wheat straw amendment in cropland and grassland soils,ART,10.1038/s41598-025-98903-2,relatedData_s,relatedData_s,True,False,10.57745/HXN1XT,doi,10.57745/HXN1XT,Recherche Data Gouv,dataset_repo,Recherche Data Gouv,https://entrepot.recherche.data.gouv.fr/citation?persistentId=doi:10.57745/HXN1XT,entrepot.recherche.data.gouv.fr,10.57745,rdg.prod,Analysis report and associated Rmarkdown for Metagenomics reveals contrasted responses of microbial communities to wheat straw amendment in cropland and grassland soils,,
hal-05070613,https://hal.inrae.fr/hal-05070613v1,Metagenomics reveals contrasted responses of microbial communities to wheat straw amendment in cropland and grassland soils,ART,10.1038/s41598-025-98903-2,relatedData_s,relatedData_s,True,False,10.57745/RXJXHW,doi,10.57745/RXJXHW,Recherche Data Gouv,dataset_repo,Recherche Data Gouv,https://entrepot.recherche.data.gouv.fr/citation?persistentId=doi:10.57745/RXJXHW,entrepot.recherche.data.gouv.fr,10.57745,rdg.prod,Additional figures for analysis report,,
hal-05120194,https://hal.science/hal-05120194v1,Subjective Quality Assessment of Foveated Omnidirectional Images in Virtual Reality,ART,10.1109/OJID.2025.3556364,relatedData_s,relatedData_s,True,False,10.5281/zenodo.14009106,doi,10.5281/zenodo.14009106,Zenodo,dataset_repo,Zenodo,https://zenodo.org/doi/10.5281/zenodo.14009106,zenodo.org,10.5281,cern.zenodo,Subjective Quality Assessment of Foveated Omnidirectional Images in Virtual Reality (FOIQA),,
hal-05120194,https://hal.science/hal-05120194v1,Subjective Quality Assessment of Foveated Omnidirectional Images in Virtual Reality,ART,10.1109/OJID.2025.3556364,seeAlso_s,relatedData_s,False,False,https://doi.org/10.5281/zenodo.14009106,doi,10.5281/zenodo.14009106,Zenodo,dataset_repo,Zenodo,https://zenodo.org/doi/10.5281/zenodo.14009106,zenodo.org,10.5281,cern.zenodo,Subjective Quality Assessment of Foveated Omnidirectional Images in Virtual Reality (FOIQA),,
hal-05120953,https://hal.science/hal-05120953v1,Underwater Netting Detection and Distance Estimation using Optic Flow,UNDEFINED,,relatedData_s,relatedData_s,True,False,10.57745/5VJQHM,doi,10.57745/5VJQHM,Recherche Data Gouv,dataset_repo,Recherche Data Gouv,https://entrepot.recherche.data.gouv.fr/citation?persistentId=doi:10.57745/5VJQHM,entrepot.recherche.data.gouv.fr,10.57745,rdg.prod,Camera Underwater images in front of underwater nettings at Lake Guerlédan,,
hal-05120953,https://hal.science/hal-05120953v1,Underwater Netting Detection and Distance Estimation using Optic Flow,UNDEFINED,,seeAlso_s,relatedData_s,False,False,https://amubox.univ-amu.fr/s/FSCfNRt6Q5ifW33,url,,,,,,,,,,,
hal-05127963,https://hal.science/hal-05127963v1,Greening Scenarios for Urban Parcels,SOFTWARE,,relatedData_s,relatedData_s,True,False,10.25666/DATAUBFC-2025-07-04,doi,10.25666/DATAUBFC-2025-07-04,DOI prefix 10.25666,unresolved,,,,,,,not_found,
hal-05143887,https://hal.inrae.fr/hal-05143887v1,"Agriculture, aquaculture et pêche : impacts des modes de production labellisés sur la biodiversité. Rapport scientifique de l'étude",REPORT,10.17180/ayg4-0b92,relatedData_s,relatedData_s,True,False,10.57745/3NAHSN,doi,10.57745/3NAHSN,Recherche Data Gouv,dataset_repo,Recherche Data Gouv,https://entrepot.recherche.data.gouv.fr/citation?persistentId=doi:10.57745/3NAHSN,entrepot.recherche.data.gouv.fr,10.57745,rdg.prod,"Annexe pour : Agriculture, aquaculture et pêche : impacts des modes de production labellisés sur la biodiversité. Rapport scientifique de l'étude",,
hal-05162792,https://ube.hal.science/hal-05162792v1,The dry‐season low‐level cloud cover over western equatorial Africa: a case study with a mesoscale atmospheric model.,ART,10.1002/qj.4962,relatedData_s,relatedData_s,True,False,10.5445/IR/1000150635,doi,10.5445/IR/1000150635,KIT publications,publication_landing,Karlsruher Institut für Technologie (KIT),https://publikationen.bibliothek.kit.edu/1000150635,publikationen.bibliothek.kit.edu,10.5445,tib.kit,Cloud observing data of 85 stations in western Central Africa,,
hal-05166702,https://hal.inrae.fr/hal-05166702v1,Fingerprinting and chemotyping approaches reveal a wide genetic and metabolic diversity among wild hops (Humulus lupulus L.),ART,10.1371/journal.pone.0322330,relatedData_s,relatedData_s,True,False,10.57745/CBSTP0,doi,10.57745/CBSTP0,Recherche Data Gouv,dataset_repo,Recherche Data Gouv,https://entrepot.recherche.data.gouv.fr/citation?persistentId=doi:10.57745/CBSTP0,entrepot.recherche.data.gouv.fr,10.57745,rdg.prod,Wild hop bacterial microbiota (Humulus lupulus L.),,
hal-05168055,https://univ-rennes.hal.science/hal-05168055v1,Human contributions to global soundscapes are less predictable than the acoustic rhythms of wildlife,ART,10.1038/s41559-025-02786-5,relatedData_s,relatedData_s,True,False,10.5281/zenodo.15369637,doi,10.5281/zenodo.15369637,Zenodo,dataset_repo,Zenodo,https://zenodo.org/doi/10.5281/zenodo.15369637,zenodo.org,10.5281,cern.zenodo,Data for Less predictable global rhythms in human than wildlife contributions to soundscapes,,
hal-05168055,https://univ-rennes.hal.science/hal-05168055v1,Human contributions to global soundscapes are less predictable than the acoustic rhythms of wildlife,ART,10.1038/s41559-025-02786-5,relatedPublication_s,relatedData_s,False,True,10.5281/zenodo.15372067,doi,10.5281/zenodo.15372067,Zenodo,dataset_repo,Zenodo,https://zenodo.org/doi/10.5281/zenodo.15372067,zenodo.org,10.5281,cern.zenodo,Soundscape analysis scripts,,Dataset DOI found only in relatedPublication_s; expected HAL field is relatedData_s.
hal-05170289,https://hal.science/hal-05170289v1,Être archiviste et militante ? La construction d'une mémoire lesbienne à partir d'archives du web,COMM,,relatedPublication_s,relatedData_s,False,True,10.34847/nkl.9effky97,doi,10.34847/nkl.9effky97,NAKALA,dataset_repo,NAKALA - https://nakala.fr (Huma-Num - CNRS),https://nakala.fr/10.34847/nkl.9effky97,nakala.fr,10.34847,inist.humanum,Sites web militants lesbiens francophones et analyse de la qualité de leur archivage,,Dataset DOI found only in relatedPublication_s; expected HAL field is relatedData_s.
hal-05170289,https://hal.science/hal-05170289v1,Être archiviste et militante ? La construction d'une mémoire lesbienne à partir d'archives du web,COMM,,seeAlso_s,relatedData_s,False,False,https://calenda.org/1011202,url,,,,,,,,,,,
hal-05177152,https://hal.science/hal-05177152v1,Qui a peur du changement climatique ?,COMM,,relatedData_s,relatedData_s,True,False,10.18167/DVN1/ZRTW02,doi,10.18167/DVN1/ZRTW02,CIRAD Dataverse,dataset_repo,CIRAD Dataverse,https://dataverse.cirad.fr/citation?persistentId=doi:10.18167/DVN1/ZRTW02,dataverse.cirad.fr,10.18167,inist.cirad,Grand Débat National - Données enrichies,,
hal-05177152,https://hal.science/hal-05177152v1,Qui a peur du changement climatique ?,COMM,,seeAlso_s,relatedData_s,False,False,https://agritrop.cirad.fr/597839/,url,,,,,,,,,,,
hal-05177152,https://hal.science/hal-05177152v1,Qui a peur du changement climatique ?,COMM,,seeAlso_s,relatedData_s,False,False,Jeux de données associés : https://doi.org/10.18167/DVN1/ZRTW02,doi,10.18167/DVN1/ZRTW02,CIRAD Dataverse,dataset_repo,CIRAD Dataverse,https://dataverse.cirad.fr/citation?persistentId=doi:10.18167/DVN1/ZRTW02,dataverse.cirad.fr,10.18167,inist.cirad,Grand Débat National - Données enrichies,,
hal-05181242,https://ube.hal.science/hal-05181242v1,L’Auto et le sport ouvrier (1918-1939) : une prétention apolitique mise à l’épreuve,COUV,,relatedPublication_s,relatedData_s,False,False,10.34929/79sj-t281,doi,10.34929/79sj-t281,Editions et presses universitaires de Reims,other,Editions et presses universitaires de Reims,https://library.oapen.org/handle/20.500.12657/53139,library.oapen.org,10.34929,inist.epure,La fabrique de l'information sportive : L'Auto (1900-1944),,
hal-05212119,https://hal.science/hal-05212119v1,A composite gradient index lens for wideband elastic waves focusing: Design approach and experimental validation at constant thickness,ART,10.1016/j.compstruct.2025.119500,relatedPublication_s,relatedData_s,False,True,10.5281/zenodo.16895987,doi,10.5281/zenodo.16895987,Zenodo,dataset_repo,Zenodo,https://zenodo.org/doi/10.5281/zenodo.16895987,zenodo.org,10.5281,cern.zenodo,A composite gradient index lens for wideband elastic waves focusing: Design approach and experimental validation at constant thickness,,Dataset DOI found only in relatedPublication_s; expected HAL field is relatedData_s.
hal-05215288,https://hal.science/hal-05215288v1,La atención diferenciada para discentes de octavo año de Educación Básica con dificultades en lectoescritura,ART,10.37431/conectividad.v6i1.174,relatedPublication_s,relatedData_s,False,False,10.37811/cl_rcm.v8i1.10047,doi,10.37811/cl_rcm.v8i1.10047,DOI prefix 10.37811,unresolved,,,,,,,not_found,
hal-05215288,https://hal.science/hal-05215288v1,La atención diferenciada para discentes de octavo año de Educación Básica con dificultades en lectoescritura,ART,10.37431/conectividad.v6i1.174,relatedPublication_s,relatedData_s,False,False,10.33996/alternancia.v3i4.327,doi,10.33996/alternancia.v3i4.327,DOI prefix 10.33996,unresolved,,,,,,,not_found,
hal-05215288,https://hal.science/hal-05215288v1,La atención diferenciada para discentes de octavo año de Educación Básica con dificultades en lectoescritura,ART,10.37431/conectividad.v6i1.174,relatedPublication_s,relatedData_s,False,False,10.26820/recimundo/4.(3).julio.2020.163-173,doi,10.26820/recimundo/4.(3,DOI prefix 10.26820,unresolved,,,,,,,not_found,
hal-05215288,https://hal.science/hal-05215288v1,La atención diferenciada para discentes de octavo año de Educación Básica con dificultades en lectoescritura,ART,10.37431/conectividad.v6i1.174,relatedPublication_s,relatedData_s,False,False,10.33386/593dp.2023.1-1.1658,doi,10.33386/593dp.2023.1-1.1658,DOI prefix 10.33386,unresolved,,,,,,,not_found,
hal-05215288,https://hal.science/hal-05215288v1,La atención diferenciada para discentes de octavo año de Educación Básica con dificultades en lectoescritura,ART,10.37431/conectividad.v6i1.174,relatedPublication_s,relatedData_s,False,False,10.35381/cm.v6i11.327,doi,10.35381/cm.v6i11.327,DOI prefix 10.35381,unresolved,,,,,,,not_found,
hal-05215288,https://hal.science/hal-05215288v1,La atención diferenciada para discentes de octavo año de Educación Básica con dificultades en lectoescritura,ART,10.37431/conectividad.v6i1.174,relatedPublication_s,relatedData_s,False,False,10.37811/cl_rcm.v7i2.5942,doi,10.37811/cl_rcm.v7i2.5942,DOI prefix 10.37811,unresolved,,,,,,,not_found,
hal-05221870,https://hal.science/hal-05221870v2,Enquête sur l'implication des structures documentaires dans l'accompagnement sur les données de recherche,REPORT,,relatedData_s,relatedData_s,True,False,10.57745/JYWUIY,doi,10.57745/JYWUIY,Recherche Data Gouv,dataset_repo,Recherche Data Gouv,https://entrepot.recherche.data.gouv.fr/citation?persistentId=doi:10.57745/JYWUIY,entrepot.recherche.data.gouv.fr,10.57745,rdg.prod,Données de l'enquête ADBU sur l'implication des structures documentaires dans l'accompagnement sur les données de recherche,,
hal-05222699,https://ube.hal.science/hal-05222699v1,Multi-model assessment of the deglacial climatic evolution at high southern latitudes.,ART,10.5194/cp-21-1443-2025,relatedData_s,relatedData_s,True,False,10.5281/zenodo.15428747,doi,10.5281/zenodo.15428747,Zenodo,dataset_repo,Zenodo,https://zenodo.org/doi/10.5281/zenodo.15428747,zenodo.org,10.5281,cern.zenodo,"Model data for the figures of Obase et al. entitled ""Multi-model assessment of the deglacial climatic evolution at high southern latitudes""",,
hal-05231498,https://hal.inrae.fr/hal-05231498v1,"BRC4Env, le pilier environnement de l’infrastructure RARe",POSTER,,relatedData_s,relatedData_s,True,False,10.15454/TRBJTB,doi,10.15454/TRBJTB,Recherche Data Gouv,dataset_repo,Portail Data INRAE,https://data.inrae.fr/citation?persistentId=doi:10.15454/TRBJTB,data.inrae.fr,10.15454,rdg.prod,"BRC4Env, the Biological Resource Centre for the Environment",,
hal-05233118,https://hal.science/hal-05233118v1,Author Correction: Crizotinib-induced immunogenic cell death in non-small cell lung cancer,ART,10.1038/s41467-019-09838-y,relatedPublication_s,relatedData_s,False,False,10.1038/s41467-019-09415-3,doi,10.1038/s41467-019-09415-3,Journal DOI (10.1038),publication_landing,,,,,,,not_found,
hal-05242519,https://hal.inrae.fr/hal-05242519v1,Monitoring the nitrogen status of a cereal in intercropping by semantic segmentation of RGB images,COMM,10.1163/9789004725232_060,relatedData_s,relatedData_s,True,False,10.57745/F0SIEX,doi,10.57745/F0SIEX,Recherche Data Gouv,dataset_repo,Recherche Data Gouv,https://entrepot.recherche.data.gouv.fr/citation?persistentId=doi:10.57745/F0SIEX,entrepot.recherche.data.gouv.fr,10.57745,rdg.prod,Integration DeepLabv3+ applied to RGB images and vegetation indices for nitrogen status in cereal-legume inter-cropping system,,
hal-05246574,https://hal.science/hal-05246574v1,6. Bibracte et la civilisation des oppida,COUV,10.4000/12j2v,relatedPublication_s,relatedData_s,False,False,10.4000/12j33,doi,10.4000/12j33,Journal DOI (10.4000),publication_landing,,,,,,,not_found,
hal-05248793,https://hal.inrae.fr/hal-05248793v1,"Dataset of 111 metagenome-assembled genomes from cattle manure, soil and manured soil samples",ART,10.1016/j.dib.2025.111748,relatedData_s,relatedData_s,True,False,10.5281/zenodo.15309541,doi,10.5281/zenodo.15309541,Zenodo,dataset_repo,Zenodo,https://zenodo.org/doi/10.5281/zenodo.15309541,zenodo.org,10.5281,cern.zenodo,"Dataset of 111 metagenome-assembled genomes from cattle manure, soil and manured soil samples",,
hal-05269143,https://ube.hal.science/hal-05269143v1,Substituent Effect on the Nucleophilic Aromatic Substitution of Thiophenes With Pyrrolidine: Theoretical Mechanistic and Reactivity Study,ART,10.1002/jcc.70169,relatedData_s,relatedData_s,True,False,10.6084/m9.figshare.29473952,doi,10.6084/m9.figshare.29473952,Figshare,dataset_repo,figshare,https://figshare.com/articles/dataset/Cartesian_coordinates/29473952,figshare.com,10.6084,figshare.ars,Cartesian coordinates for SEAr Pyrroline + Thiophenes,,
hal-05279443,https://hal.science/hal-05279443v2,Human emotional odours influence horses’ behaviour and physiology,ART,10.1371/journal.pone.0337948,relatedData_s,relatedData_s,True,False,10.57745/T2RTDR,doi,10.57745/T2RTDR,Recherche Data Gouv,dataset_repo,Recherche Data Gouv,https://entrepot.recherche.data.gouv.fr/citation?persistentId=doi:10.57745/T2RTDR,entrepot.recherche.data.gouv.fr,10.57745,rdg.prod,Human emotional odours influence horses’ behaviour and physiology,,
hal-05286789,https://hal.science/hal-05286789v1,Unravelling the drivers of marine biodiversity across the Phanerozoic,ART,10.1038/s41467-025-63428-9,relatedData_s,relatedData_s,True,False,10.6084/m9.figshare.27201498,doi,10.6084/m9.figshare.27201498,Figshare,dataset_repo,figshare,https://figshare.com/articles/dataset/Code_and_data_repository_for_b_Niche-environment_interaction_controlled_marine_biodiversity_and_its_spatial_arrangement_during_the_Phanerozoic_b_Balembois_et_al_2024_/27201498,figshare.com,10.6084,figshare.ars,"Code and data repository for <b>Unravelling</b><b> the drivers of marine biodiversity across the Phanerozoic</b> (Balembois et al., 2025)",,
hal-05299715,https://hal.inrae.fr/hal-05299715v1,A genotype-by-sequencing dataset and identity-by-state matrix of genetic variation in 821 Pinus radiata trees from 16 counties,ART,10.1016/j.dib.2025.112123,relatedData_s,relatedData_s,True,False,10.5061/dryad.bzkh189pc,doi,10.5061/dryad.bzkh189pc,Dryad,dataset_repo,Dryad,https://datadryad.org/dataset/doi:10.5061/dryad.bzkh189pc,datadryad.org,10.5061,dryad.dryad,A genotype-by-sequencing dataset and identity-by-state matrix of genetic variation in Pinus radiata from 16 counties,,
hal-05325852,https://ube.hal.science/hal-05325852v1,Liability for environmental crimes : A comparative study of laws on ecocide and the prevention of oil discharge into the sea,COUV,10.1515/9783111332543-004,relatedPublication_s,relatedData_s,False,False,10.1515/9783111332543,doi,10.1515/9783111332543,DOI prefix 10.1515,unresolved,,,,,,,not_found,
hal-05325931,https://ube.hal.science/hal-05325931v1,Disqualifier sans voir : spécificités et effets du boycott dans les polémiques théâtrales,COUV,10.3917/puv.cervu.2024.01.0121,relatedPublication_s,relatedData_s,False,False,10.3917/puv.cervu.2024.01,doi,10.3917/puv.cervu.2024.01,Journal DOI (10.3917),publication_landing,,,,,,,not_found,
hal-05325943,https://ube.hal.science/hal-05325943v1,« La lecture même tient quelque chose de la force de la représentation ». Lecture et théâtrophobie en France au XVIIe siècle,COUV,10.4000/books.pus.37726,relatedPublication_s,relatedData_s,False,False,10.4000/books.pus.37626,doi,10.4000/books.pus.37626,Journal DOI (10.4000),publication_landing,,,,,,,not_found,
hal-05326015,https://ube.hal.science/hal-05326015v1,L’énonciation comme force créatrice de cas d’ambiguïté,COUV,10.18485/efa.2024.15.ch9,relatedPublication_s,relatedData_s,False,False,10.18485/efa.2024.15,doi,10.18485/efa.2024.15,DOI prefix 10.18485,unresolved,,,,,,,not_found,
hal-05326454,https://ube.hal.science/hal-05326454v1,"Penser la relation en migration : poétique, relais et chaînes de voix. ""Stardustd""e Leonora Miaño et ""Silence du Chœurde"" Mohamed Mbougar Sarr",COUV,10.3917/pres.brink.2025.01.0191,relatedPublication_s,relatedData_s,False,False,10.3917/pres.brink.2025.01,doi,10.3917/pres.brink.2025.01,Journal DOI (10.3917),publication_landing,,,,,,,not_found,
hal-05326518,https://ube.hal.science/hal-05326518v1,La figure littéraire du réfugié dans le recueil Bienvenue !,COUV,10.1515/9782763753324-010,relatedPublication_s,relatedData_s,False,False,10.1515/9782763753324,doi,10.1515/9782763753324,DOI prefix 10.1515,unresolved,,,,,,,not_found,
hal-05326585,https://ube.hal.science/hal-05326585v1,"Héritage du merveilleux dans le roman postmoderne : vers un renouvellement des catégories todoroviennes (Toni Morrison, Marie NDiaye)",COUV,10.4000/books.apu.11626,relatedPublication_s,relatedData_s,False,False,10.4000/books.apu.11466,doi,10.4000/books.apu.11466,Journal DOI (10.4000),publication_landing,,,,,,,not_found,
hal-05326633,https://ube.hal.science/hal-05326633v1,"Unité et profusion du savoir, l’exemple de Gabriel Peignot",COUV,10.4000/books.pupvd.32372,relatedPublication_s,relatedData_s,False,False,10.4000/books.pupvd.32297,doi,10.4000/books.pupvd.32297,Journal DOI (10.4000),publication_landing,,,,,,,not_found,
hal-05326687,https://ube.hal.science/hal-05326687v1,Lire Migrants d’Issa Watanabe en classe pour briser le silence,COUV,10.3917/pres.brink.2025.01.0139,relatedPublication_s,relatedData_s,False,False,10.3917/pres.brink.2025.01,doi,10.3917/pres.brink.2025.01,Journal DOI (10.3917),publication_landing,,,,,,,not_found,
hal-05326693,https://ube.hal.science/hal-05326693v1,Le voyage et l’aventure en classe de 5e : quels enjeux axiologiques pour la (con)quête de l’ailleurs ?,COUV,10.4000/13fgv,relatedPublication_s,relatedData_s,False,False,10.4000/13fhp,doi,10.4000/13fhp,Journal DOI (10.4000),publication_landing,,,,,,,not_found,
hal-05329408,https://hal.inrae.fr/hal-05329408v1,Critical habitat thresholds for effective pollinator conservation in agricultural landscapes,ART,10.1126/science.adr2146,relatedData_s,relatedData_s,True,False,10.5061/dryad.nk98sf82b,doi,10.5061/dryad.nk98sf82b,Dryad,dataset_repo,Dryad,https://datadryad.org/dataset/doi:10.5061/dryad.nk98sf82b,datadryad.org,10.5061,dryad.dryad,Data for: Critical habitat thresholds for effective pollinator conservation in agricultural landscapes,,
hal-05329408,https://hal.inrae.fr/hal-05329408v1,Critical habitat thresholds for effective pollinator conservation in agricultural landscapes,ART,10.1126/science.adr2146,relatedData_s,relatedData_s,True,False,10.5281/zenodo.15497132,doi,10.5281/zenodo.15497132,Zenodo,dataset_repo,Zenodo,https://zenodo.org/doi/10.5281/zenodo.15497132,zenodo.org,10.5281,cern.zenodo,"Location data from: ""Critical habitat thresholds for effective pollinator conservation in agricultural landscapes""",,
hal-05345853,https://ube.hal.science/hal-05345853v1,From Health Responsibility to Ethical Responsibility: The Legitimization of New Vegetable Experts in France,COUV,10.1002/9781119476252.ch4,relatedPublication_s,relatedData_s,False,False,10.1002/9781119476252,doi,10.1002/9781119476252,Journal DOI (10.1002),publication_landing,,,,,,,not_found,
hal-05346182,https://ube.hal.science/hal-05346182v1,The Conversion of Former Industrial Spaces into Museums: Memory of Places and Exhibition Practices,COUV,10.1007/978-3-031-41921-8_11,relatedPublication_s,relatedData_s,False,False,10.1007/978-3-031-41921-8,doi,10.1007/978-3-031-41921-8,Journal DOI (10.1007),publication_landing,,,,,,,not_found,
hal-05348991,https://ube.hal.science/hal-05348991v1,Communication scientifique et science ouverte,COMM,10.3917/dbu.annai.2023.01.0121,relatedPublication_s,relatedData_s,False,False,10.3917/dbu.annai.2023.01,doi,10.3917/dbu.annai.2023.01,Journal DOI (10.3917),publication_landing,,,,,,,not_found,
hal-05349040,https://ube.hal.science/hal-05349040v1,Paradoxical Changes and Injunctions in an Implementation Project of the Digital Patient Record,COUV,10.1002/9781119842651.ch1,relatedPublication_s,relatedData_s,False,False,10.1002/9781119842651,doi,10.1002/9781119842651,Journal DOI (10.1002),publication_landing,,,,,,,not_found,
hal-05349778,https://ube.hal.science/hal-05349778v1,Ethical Positions Arising from Research on Online Communities in the Health Sector,COUV,10.1002/9781119779933.ch5,relatedPublication_s,relatedData_s,False,False,10.1002/9781119779933,doi,10.1002/9781119779933,Journal DOI (10.1002),publication_landing,,,,,,,not_found,
hal-05355188,https://ube.hal.science/hal-05355188v1,Le caché et le visible : enjeux chez le sujet hémodialysé,COUV,10.3917/eres.ancet.2023.01.0119,relatedPublication_s,relatedData_s,False,False,10.3917/eres.ancet.2023.01,doi,10.3917/eres.ancet.2023.01,Journal DOI (10.3917),publication_landing,,,,,,,not_found,
hal-05371151,https://hal.science/hal-05371151v1,Life cycle inventories and environmental impact datasets for the semi-industrial processing of food Faba bean or Pea protein ingredients,ART,10.1016/j.dib.2025.112247,relatedData_s,relatedData_s,True,False,10.57745/0G65L7,doi,10.57745/0G65L7,Recherche Data Gouv,dataset_repo,Recherche Data Gouv,https://entrepot.recherche.data.gouv.fr/citation?persistentId=doi:10.57745/0G65L7,entrepot.recherche.data.gouv.fr,10.57745,rdg.prod,Task 3.4 - Deliverable 1 - Life cycle assessment of the LETSPROSEED pulse protein ingredients,,
hal-05374840,https://hal.science/hal-05374840v2,Heading Toward Apertures Using Panoramic Optic Flow for Aerial Exploration,ART,10.1080/01691864.2026.2667369,relatedData_s,relatedData_s,True,False,10.57745/MEV4FF,doi,10.57745/MEV4FF,Recherche Data Gouv,dataset_repo,Recherche Data Gouv,https://entrepot.recherche.data.gouv.fr/citation?persistentId=doi:10.57745/MEV4FF,entrepot.recherche.data.gouv.fr,10.57745,rdg.prod,Simulated exploration of unknown environment by OF-shape based regulation on fully actuated hexarotor,,
hal-05376427,https://hal.science/hal-05376427v1,La topographie de Sens et de Troyes durant l’Antiquité tardive,ART,10.4000/15h4c,relatedData_s,relatedData_s,True,False,10.34847/nkl.b95e19i1,doi,10.34847/nkl.b95e19i1,NAKALA,dataset_repo,NAKALA - https://nakala.fr (Huma-Num - CNRS),https://nakala.fr/10.34847/nkl.b95e19i1,nakala.fr,10.34847,inist.humanum,"Annexe 1 – Sens (Yonne, France) : liste des occupations et indices d’occupation du Haut-Empire et de l’Antiquité tardive",,
hal-05376427,https://hal.science/hal-05376427v1,La topographie de Sens et de Troyes durant l’Antiquité tardive,ART,10.4000/15h4c,relatedData_s,relatedData_s,True,False,10.34847/nkl.c63e7q0t,doi,10.34847/nkl.c63e7q0t,NAKALA,dataset_repo,NAKALA - https://nakala.fr (Huma-Num - CNRS),https://nakala.fr/10.34847/nkl.c63e7q0t,nakala.fr,10.34847,inist.humanum,"Annexe 2 – Troyes (Aube, Grand Est) : inventaire des occupations et indices d’occupation du Haut-Empire et de l’Antiquité tardive",,
hal-05376427,https://hal.science/hal-05376427v1,La topographie de Sens et de Troyes durant l’Antiquité tardive,ART,10.4000/15h4c,relatedPublication_s,relatedData_s,False,False,halshs-05376316,hal_id,,,,,,,,,,,
hal-05391220,https://hal.science/hal-05391220v2,Weed management modifies functional properties of both weeds and microbial nitrogen-cycling communities in Mediterranean vineyards,ART,10.1111/1365-2664.14833,relatedData_s,relatedData_s,True,False,10.5061/dryad.t4b8gtjb1,doi,10.5061/dryad.t4b8gtjb1,Dryad,dataset_repo,Dryad,https://datadryad.org/dataset/doi:10.5061/dryad.t4b8gtjb1,datadryad.org,10.5061,dryad.dryad,Data from: Weed management modifies functional properties of both weeds and microbial nitrogen-cycling communities in Mediterranean vineyards,,
hal-05394759,https://ube.hal.science/hal-05394759v1,Le Songe d’une Nuit d’été par la Compagnie Point Zéro : la voix marionnettique de Shakespeare dans un spectacle pour enfants,ART,10.4000/14yox,relatedPublication_s,relatedData_s,False,False,10.4000/14yo6,doi,10.4000/14yo6,Journal DOI (10.4000),publication_landing,,,,,,,not_found,
hal-05399236,https://asnr.hal.science/hal-05399236v1,Promising in vitro results from bioinspired polyhydroxamic and picolinic chelators for actinide decorporation,COMM,,relatedPublication_s,relatedData_s,False,False,10.57876/8HJP-4744,doi,10.57876/8HJP-4744,Autorité de sûreté nucléaire et de radioprotection,other,Autorité de sûreté nucléaire et de radioprotection,https://irsn.spherik.com/tours/VdnMqx/?sceneUid=4a336fef-d57b-439b-91ed-9aa4a31abe2a&initialView=%7B%22fov%22%3A86.93996246643083%2C%22yaw%22%3A-0.2856484043927445%2C%22roll%22%3A0%2C%22pitch%22%3A-2.3005288812573137%7D,irsn.spherik.com,10.57876,irsn.prod,PATERSON,,
hal-05399236,https://asnr.hal.science/hal-05399236v1,Promising in vitro results from bioinspired polyhydroxamic and picolinic chelators for actinide decorporation,COMM,,seeAlso_s,relatedData_s,False,False,https://ftp.ameetingbydesign.com/ambddrop/RRS2025_ExhibitorProspectus.pdf,url,,,,,,,,,,,
hal-05399236,https://asnr.hal.science/hal-05399236v1,Promising in vitro results from bioinspired polyhydroxamic and picolinic chelators for actinide decorporation,COMM,,seeAlso_s,relatedData_s,False,False,https://www.radres.org/events/EventDetails.aspx?id=1992357,url,,,,,,,,,,,
hal-05409059,https://hal.science/hal-05409059v1,Bilan scientifique annuel : L’habitat de l’âge du Bronze à La Tène ancienne en Hauts-de-France,REPORT,10.34847/nkl.8f0a0nm9,relatedPublication_s,relatedData_s,False,True,10.34847/nkl.8f0a0nm9,doi,10.34847/nkl.8f0a0nm9,NAKALA,dataset_repo,NAKALA - https://nakala.fr (Huma-Num - CNRS),https://nakala.fr/10.34847/nkl.8f0a0nm9,nakala.fr,10.34847,inist.humanum,Bilan scientifique 2024 : L’habitat de l’âge du Bronze à La Tène ancienne en Hauts-de-France,,Dataset DOI found only in relatedPublication_s; expected HAL field is relatedData_s.
hal-05409059,https://hal.science/hal-05409059v1,Bilan scientifique annuel : L’habitat de l’âge du Bronze à La Tène ancienne en Hauts-de-France,REPORT,10.34847/nkl.8f0a0nm9,seeAlso_s,relatedData_s,False,True,https://api.nakala.fr/embed/10.34847/nkl.8f0a0nm9/70868f81bfe0cfeee0dbd086ceb428ad913551e3,doi,10.34847/nkl.8f0a0nm9/70868f81bfe0cfeee0dbd086ceb428ad913551e3,NAKALA,dataset_repo,,,,,,,not_found,Dataset DOI found only in seeAlso_s; expected HAL field is relatedData_s.
hal-05444500,https://inria.hal.science/hal-05444500v1,Gaussian Splatting Map Registration with Orthographic Bird's-Eye-View Renderings,COMM,,relatedData_s,relatedData_s,True,False,10.57745/ESBF7R,doi,10.57745/ESBF7R,Recherche Data Gouv,dataset_repo,Recherche Data Gouv,https://entrepot.recherche.data.gouv.fr/citation?persistentId=doi:10.57745/ESBF7R,entrepot.recherche.data.gouv.fr,10.57745,rdg.prod,Gaussian Splatting Map Registration with Orthographic Bird’s-Eye-View Renderings,,
hal-05446068,https://hal.science/hal-05446068v1,Intensive management negatively impacts field margin ecosystem service indicators at both field and landscape levels,ART,10.1002/eap.70161,relatedPublication_s,relatedData_s,False,True,10.5281/zenodo.13737015,doi,10.5281/zenodo.13737015,Zenodo,dataset_repo,Zenodo,https://zenodo.org/doi/10.5281/zenodo.13737015,zenodo.org,10.5281,cern.zenodo,leagenty/dataset_Genty_et_al_2025_margin_services: final_version_first_submission_license_added,,Dataset DOI found only in relatedPublication_s; expected HAL field is relatedData_s.
hal-05446068,https://hal.science/hal-05446068v1,Intensive management negatively impacts field margin ecosystem service indicators at both field and landscape levels,ART,10.1002/eap.70161,seeAlso_s,relatedData_s,False,False,https://pmc.ncbi.nlm.nih.gov/articles/instance/12823288/bin/EAP-36-e70161-s001.pdf,url,,,,,,,,,,,
hal-05446093,https://hal.science/hal-05446093v1,"Assessing the non-target effects of herbicides on field margin plant communities after controlling for soil, climate, local context and landscape metrics",ART,10.1016/j.agee.2025.110190,relatedData_s,relatedData_s,True,False,10.57745/HORXAJ,doi,10.57745/HORXAJ,Recherche Data Gouv,dataset_repo,Recherche Data Gouv,https://entrepot.recherche.data.gouv.fr/citation?persistentId=doi:10.57745/HORXAJ,entrepot.recherche.data.gouv.fr,10.57745,rdg.prod,"Assessing the non-target effects of herbicides on field margin plant communities after controlling for soil, climate, local context and landscape metrics",,
hal-05446093,https://hal.science/hal-05446093v1,"Assessing the non-target effects of herbicides on field margin plant communities after controlling for soil, climate, local context and landscape metrics",ART,10.1016/j.agee.2025.110190,seeAlso_s,relatedData_s,False,False,https://ars.els-cdn.com/content/image/1-s2.0-S0167880925007224-mmc1.pdf,url,,,,,,,,,,,
hal-05465845,https://hal.science/hal-05465845v1,Experimental ASP Database of Gas and Vapor Adsorption on Solids,UNDEFINED,,relatedData_s,relatedData_s,True,False,10.25666/DATAUBFC-2026-01-07,doi,10.25666/DATAUBFC-2026-01-07,dataUBFC - Atelier de la donnée de Bourgogne-Franche-Comté,other,dataUBFC - Atelier de la donnée de Bourgogne-Franche-Comté,https://search-data.ubfc.fr/FR-13002091000019-2026-01-07_Adsorption-Data-Base-ASP.html,search-data.ubfc.fr,10.25666,inist.osutheta,Adsorption Data Base - ASP,,
hal-05492047,https://hal.science/hal-05492047v1,Feature points evaluation on omnidirectional vision with a photorealistic fisheye sequence -- A report on experiments done in 2014,REPORT,,relatedData_s,relatedData_s,True,False,10.57745/DYIVVU,doi,10.57745/DYIVVU,Recherche Data Gouv,dataset_repo,Recherche Data Gouv,https://entrepot.recherche.data.gouv.fr/citation?persistentId=doi:10.57745/DYIVVU,entrepot.recherche.data.gouv.fr,10.57745,rdg.prod,PFSeq: Photorealistic Fisheye Sequence,,
hal-05492047,https://hal.science/hal-05492047v1,Feature points evaluation on omnidirectional vision with a photorealistic fisheye sequence -- A report on experiments done in 2014,REPORT,,relatedPublication_s,relatedData_s,False,False,tel-01417996,hal_id,,,,,,,,,,,
hal-05498176,https://cnrs.hal.science/hal-05498176v1,Evaluating and Understanding the Geocoding of City Directories of Paris (1787-1914): Data-Driven Geography of Urban Sprawl and Densification,ART,10.63744/eh2pbu98sxve,relatedPublication_s,relatedData_s,False,True,10.5281/zenodo.16994482,doi,10.5281/zenodo.16994482,Zenodo,dataset_repo,Zenodo,https://zenodo.org/doi/10.5281/zenodo.16994482,zenodo.org,10.5281,cern.zenodo,Datasets and code of Evaluating and Understanding the Geocoding of City Directories of Paris (1787-1914),,Dataset DOI found only in relatedPublication_s; expected HAL field is relatedData_s.
hal-05504216,https://hal.inrae.fr/hal-05504216v1,"How does low-input crop management perform? Economic, environmental and social assessment data on different arable crop management strategies in France",ART,10.1016/j.dib.2025.112316,relatedData_s,relatedData_s,True,False,10.57745/LCA116,doi,10.57745/LCA116,Recherche Data Gouv,dataset_repo,Recherche Data Gouv,https://entrepot.recherche.data.gouv.fr/citation?persistentId=doi:10.57745/LCA116,entrepot.recherche.data.gouv.fr,10.57745,rdg.prod,"Référentiel de performances économiques, environnementales et sociales de pratiques culturales économes en intrants",,
hal-05512215,https://hal.science/hal-05512215v1,Herbicide-induced metabolic changes in a plant-aphid system: how soil bacteria drive the fate and impact of a residual dose of Isoproturon?,ART,10.1111/nph.70891,relatedData_s,relatedData_s,True,False,10.48579/PRO/TRX6VQ,doi,10.48579/PRO/TRX6VQ,data.InDoRES,dataset_repo,data.InDoRES,https://data.indores.fr:443/citation?persistentId=doi:10.48579/PRO/TRX6VQ,data.indores.fr:443,10.48579,jbru.bbees,Herbicide-induced metabolic changes in a plant-aphid system: How soil bacteria drive the fate and impact of an environmental dose of Isoproturon,,
hal-05526495,https://hal.inrae.fr/hal-05526495v1,Colonization and spatiotemporal distribution of bruchid pests in lentil and faba bean fields,ART,10.1002/ps.70679,relatedData_s,relatedData_s,True,False,10.57745/HPEMYW,doi,10.57745/HPEMYW,Recherche Data Gouv,dataset_repo,Recherche Data Gouv,https://entrepot.recherche.data.gouv.fr/citation?persistentId=doi:10.57745/HPEMYW,entrepot.recherche.data.gouv.fr,10.57745,rdg.prod,"Spatio-temporal field, landscape and meteorological datasets describing bruchid beetle populations, grain damage and parasitism in faba bean and lentil fields in France",,
hal-05554596,https://ube.hal.science/hal-05554596v1,Étudier l’exceptionnel pour mieux saisir l’ordinaire : ce que l’analyse de la « continuité pédagogique » permet de dire de la forme scolaire comme mode de socialisation,COUV,10.4000/154n7,relatedPublication_s,relatedData_s,False,False,10.4000/154na,doi,10.4000/154na,Journal DOI (10.4000),publication_landing,,,,,,,not_found,
hal-05570365,https://ube.hal.science/hal-05570365v1,Enhanced carbonate production model for temperate stratified lakes.,ART,10.1002/lno.70334,relatedData_s,relatedData_s,True,False,10.57760/sciencedb.33386,doi,10.57760/sciencedb.33386,Science Data Bank,other,Science Data Bank,https://www.scidb.cn/detail?dataSetId=9d623faf3f0944208c5ca0e6006776bc,scidb.cn,10.57760,cnic.sciencedb,Data base Lake Ilay Water Column,,
hal-05573128,https://hal.science/hal-05573128v1,Essaimer des graines de création au cœur de la communication,ART,10.4000/154e8,relatedPublication_s,relatedData_s,False,False,10.4000/154en,doi,10.4000/154en,Journal DOI (10.4000),publication_landing,,,,,,,not_found,
hal-05575977,https://hal.science/hal-05575977v1,"Pygocephalid pancrustaceans from the late Carboniferous of Nova Scotia, Canada, with comments on the cuticular microstructures of Pygocephalamorpha",ART,10.4138/atlgeo.2026.001,relatedData_s,relatedData_s,True,False,10.5281/zenodo.17020328,doi,10.5281/zenodo.17020328,Zenodo,dataset_repo,Zenodo,https://zenodo.org/doi/10.5281/zenodo.17020328,zenodo.org,10.5281,cern.zenodo,"Data from ""Pygocephalids pancrustaceans from the Carboniferous of Nova Scotia, Canada, with comments on the cuticular micro-structures of Pygocephalamorpha""",,
hal-05594176,https://hal.science/hal-05594176v1,Inventaire des capteurs et protocoles pour le projet BIODICAPT,REPORT,10.5281/zenodo.19609812,relatedPublication_s,relatedData_s,False,True,10.5281/zenodo.20523512,doi,10.5281/zenodo.20523512,Zenodo,dataset_repo,Zenodo,https://zenodo.org/doi/10.5281/zenodo.20523512,zenodo.org,10.5281,cern.zenodo,Inventaire des capteurs et protocoles pour le projet BIODICAPT,,Dataset DOI found only in relatedPublication_s; expected HAL field is relatedData_s.
hal-05607316,https://hal.science/hal-05607316v1,Deep Learning for Enhanced 3D Landmark Positioning: Addressing Biases in Traditional Registration Methods,ART,10.1007/s11692-026-09669-y,relatedData_s,relatedData_s,True,False,10.25666/DATAUBFC-2026-04-08,doi,10.25666/DATAUBFC-2026-04-08,dataUBFC - Atelier de la donnée de Bourgogne-Franche-Comté,other,dataUBFC - Atelier de la donnée de Bourgogne-Franche-Comté,https://search-data.ubfc.fr/FR-13002091000019-2026-04-08_Deep-Learning-for-enhanced-3D-landmark.html,search-data.ubfc.fr,10.25666,inist.osutheta,Deep Learning for enhanced 3D landmark positioning: addressing biases in traditional registration methods,,
hal-05624738,https://hal.science/hal-05624738v1,Weather Regimes Preclude the Observation of a Southern Annular Mode Signal in Two Coastal East Antarctic Ice Cores,ART,10.1029/2025JD045013,relatedData_s,relatedData_s,True,False,10.4225/15/58eedf00d78fe,doi,10.4225/15/58eedf00d78fe,Australian Antarctic Data Centre,dataset_repo,Australian Antarctic Data Centre,https://data.aad.gov.au/metadata/AAS_4537_z500_SynopticTyping_SouthernIndianOcean,data.aad.gov.au,10.4225,aad.repo,Daily synoptic weather types of southern Indian Ocean: January 1979-October 2018,,
hal-05624738,https://hal.science/hal-05624738v1,Weather Regimes Preclude the Observation of a Southern Annular Mode Signal in Two Coastal East Antarctic Ice Cores,ART,10.1029/2025JD045013,relatedData_s,relatedData_s,True,False,10.26179/5zm0-v192,doi,10.26179/5zm0-v192,Australian Antarctic Data Centre,dataset_repo,Australian Antarctic Data Centre,https://data.aad.gov.au/metadata/DSS_2k_data_compilation,data.aad.gov.au,10.26179,aad.repo,The Law Dome ice core 2000 year dataset collection.,,
hal-05624738,https://hal.science/hal-05624738v1,Weather Regimes Preclude the Observation of a Southern Annular Mode Signal in Two Coastal East Antarctic Ice Cores,ART,10.1029/2025JD045013,relatedData_s,relatedData_s,True,False,10.4225/15/58eedf6812621,doi,10.4225/15/58eedf6812621,"AU/AADC > Australian Antarctic Data Centre, Australia",dataset_repo,"AU/AADC > Australian Antarctic Data Centre, Australia",https://data.aad.gov.au/metadata/AAS_4414_MountBrownSouth_LawDome_icecores_seasalt_accumulation_2020,data.aad.gov.au,10.4225,aad.repo,"El Niño Southern Oscillation signal in a new East Antarctic ice core, Mount Brown South",,
hal-05624738,https://hal.science/hal-05624738v1,Weather Regimes Preclude the Observation of a Southern Annular Mode Signal in Two Coastal East Antarctic Ice Cores,ART,10.1029/2025JD045013,relatedData_s,relatedData_s,True,False,10.26179/372t-4q89,doi,10.26179/372t-4q89,Australian Antarctic Data Centre,dataset_repo,Australian Antarctic Data Centre,https://data.aad.gov.au/metadata/AAS_4414_MountBrownSouth_SurfaceCore_isotopes,data.aad.gov.au,10.26179,aad.repo,"The Mount Brown South surface core (MBS1718 'Alpha', 'Bravo', and 'Charlie') chronologies and stable water isotope records",,
hal-05624738,https://hal.science/hal-05624738v1,Weather Regimes Preclude the Observation of a Southern Annular Mode Signal in Two Coastal East Antarctic Ice Cores,ART,10.1029/2025JD045013,relatedData_s,relatedData_s,True,False,10.24381/cds.adbb2d47,doi,10.24381/cds.adbb2d47,Copernicus Climate Change Service (C3S) Climate Data Store (CDS),other,Copernicus Climate Change Service (C3S) Climate Data Store (CDS),https://cds.climate.copernicus.eu/doi/10.24381/cds.adbb2d47,cds.climate.copernicus.eu,10.24381,bl.ecmwf,ERA5 hourly data on single levels from 1940 to present,,
hal-05624738,https://hal.science/hal-05624738v1,Weather Regimes Preclude the Observation of a Southern Annular Mode Signal in Two Coastal East Antarctic Ice Cores,ART,10.1029/2025JD045013,relatedData_s,relatedData_s,True,False,10.5281/zenodo.4459259,doi,10.5281/zenodo.4459259,Zenodo,dataset_repo,Zenodo,https://zenodo.org/record/4459259,zenodo.org,10.5281,cern.zenodo,"Kittel et al. (2021), The Cryosphere : MAR and ESMs data",,
hal-05632707,https://ube.hal.science/hal-05632707v1,Wing shape evolution is not constrained by ancestral genetic covariances in the invasive Drosophila suzukii,ART,10.24072/pcjournal.707,relatedData_s,relatedData_s,True,False,10.5281/zenodo.10809586,doi,10.5281/zenodo.10809586,Zenodo,dataset_repo,Zenodo,https://zenodo.org/doi/10.5281/zenodo.10809586,zenodo.org,10.5281,cern.zenodo,"Data and R scripts supporting the article: ""Wing shape evolution is not constrained by ancestral genetic covariances in the invasive Drosophila suzukii """,,
hal-05639869,https://institut-agro-dijon.hal.science/hal-05639869v1,"Plant carbon inputs drive the stratification of soil organic carbon, microbial biomass and mineralizable nitrogen after reducing soil tillage",ART,10.1016/j.geoderma.2026.117874,relatedData_s,relatedData_s,True,False,10.57745/VWYUEB,doi,10.57745/VWYUEB,Recherche Data Gouv,dataset_repo,Recherche Data Gouv,https://entrepot.recherche.data.gouv.fr/citation?persistentId=doi:10.57745/VWYUEB,entrepot.recherche.data.gouv.fr,10.57745,rdg.prod,"Dataset from a long-term experiment on the effect of cropping systems and tillage on soil organic carbon, total nitrogen, microbial biomass carbon and nitrogen mineralization rate",,
hal-05644563,https://ube.hal.science/hal-05644563v1,Multi-channel CNN-based emotion recognition using recurrence plot representations of speech,COMM,10.1109/bibm58861.2023.10385734,relatedData_s,relatedData_s,True,False,10.5281/zenodo.7447302,doi,10.5281/zenodo.7447302,Zenodo,dataset_repo,Zenodo,https://zenodo.org/record/7447302,zenodo.org,10.5281,cern.zenodo,Berlin EmoDB,,
hal-05647751,https://hal.science/hal-05647751v1,Textual Molds for In-Context Learning at Sea,COUV,10.57088/978-3-7329-8690-3_10,relatedPublication_s,relatedData_s,False,False,10.57088/978-3-7329-8690-3,doi,10.57088/978-3-7329-8690-3,DOI prefix 10.57088,unresolved,,,,,,,not_found,
hal-05649009,https://hal.science/hal-05649009v1,Exploring Robot Trajectories in Panoramic Vision-Based Control Using Deep Reinforcement Learning,UNDEFINED,,relatedPublication_s,relatedData_s,False,False,10.1109/SII59315.2025,doi,10.1109/SII59315.2025,Journal DOI (10.1109),publication_landing,,,,,,,not_found,
hal-05649009,https://hal.science/hal-05649009v1,Exploring Robot Trajectories in Panoramic Vision-Based Control Using Deep Reinforcement Learning,UNDEFINED,,relatedPublication_s,relatedData_s,False,False,10.1109/SII59315.2025.10870926,doi,10.1109/SII59315.2025.10870926,Journal DOI (10.1109),publication_landing,,,,,,,not_found,
hal-05674166,https://institut-agro-dijon.hal.science/hal-05674166v1,A dataset of in vitro aroma release kinetics performed with Proton Transfer Reaction-Time of Flight- Mass Spectrometry (PTR-ToF-MS),ART,10.1016/j.dib.2026.112994,relatedData_s,relatedData_s,True,False,10.57745/GVXDND,doi,10.57745/GVXDND,Recherche Data Gouv,dataset_repo,Recherche Data Gouv,https://entrepot.recherche.data.gouv.fr/citation?persistentId=doi:10.57745/GVXDND,entrepot.recherche.data.gouv.fr,10.57745,rdg.prod,Dataset of aroma release in vitro (Digimouth),,
hal-05709987,https://hal.inrae.fr/hal-05709987v1,Field-scale and landscape-scale drivers of insecticide use in oilseed rape crops across France,ART,10.1016/j.agsy.2026.104770,relatedData_s,relatedData_s,True,False,10.57745/YGWKU2,doi,10.57745/YGWKU2,Recherche Data Gouv,dataset_repo,Recherche Data Gouv,https://entrepot.recherche.data.gouv.fr/citation?persistentId=doi:10.57745/YGWKU2,entrepot.recherche.data.gouv.fr,10.57745,rdg.prod,Field-scale and landscape-scale drivers of insecticide use in oilseed rape crops across France - dataset,,
hal-05724725,https://hal.science/hal-05724725v1,Specialized HTR vs Vision-Language Models: Evaluating DANIEL and Fine-Tuned Qwen on Historical Documents,COMM,10.1007/978-3-032-36033-5_41,relatedPublication_s,relatedData_s,False,False,10.1007/978-3-032-36033-5,doi,10.1007/978-3-032-36033-5,Journal DOI (10.1007),publication_landing,,,,,,,not_found,
hal-05750907,https://ube.hal.science/hal-05750907v1,Pontus de Tyard et sa demeure ancestrale : un lien indéfectible,COMM,,relatedPublication_s,relatedData_s,False,False,10.48611/isbn.978-2-406-13073-4.p.0013,doi,10.48611/isbn.978-2-406-13073-4.p.0013,Classiques Garnier,other,Classiques Garnier,https://classiques-garnier.com/doi/garnier?article=FruMS05_13,classiques-garnier.com,10.48611,jvzn.vcyxuk,Pontus de Tyard et sa demeure ancestrale,,
halshs-00006351,https://shs.hal.science/halshs-00006351v1,The Training of Physical-Education Teachers in France and China: A Comparative Analysis of Curricula and Attitudes,ART,,relatedPublication_s,relatedData_s,False,False,10.1007/s11159-005-0588-7,doi,10.1007/s11159-005-0588-7,Journal DOI (10.1007),publication_landing,,,,,,,not_found,
halshs-00006898,https://shs.hal.science/halshs-00006898v1,Les débuts dans la vie active des jeunes issus de l'immigration après des études supérieures,ART,,relatedData_s,relatedData_s,True,False,10.13144/lil-0167,doi,10.13144/lil-0167,Progedo-Adisp,dataset_repo,Progedo-Adisp,https://data.progedo.fr/studies/doi/10.13144/lil-0167,data.progedo.fr,10.13144,inist.adisp,Génération 1998 - Interrogation à 3 ans - 2001,,
halshs-00694452,https://shs.hal.science/halshs-00694452v1,L'effet de la qualité des stages sur l'insertion professionnelle des diplômés de l'enseignement supérieur,ART,10.4000/formationemploi.3514,relatedData_s,relatedData_s,True,False,10.13144/lil-0474,doi,10.13144/lil-0474,Progedo-Adisp,dataset_repo,Progedo-Adisp,https://data.progedo.fr/studies/doi/10.13144/lil-0474,data.progedo.fr,10.13144,inist.adisp,Génération 2004 - Interrogation à 3 ans - 2007,,
halshs-00768747,https://shs.hal.science/halshs-00768747v1,"Exercices spirituels, études de mots, expériences d'images : réflexions sur l'exemple du moyen âge",ART,,relatedPublication_s,relatedData_s,False,False,10.3917/eph.631.0048,doi,10.3917/eph.631.0048,Journal DOI (10.3917),publication_landing,,,,,,,not_found,
halshs-00816074,https://shs.hal.science/halshs-00816074v1,Recherches d'emploi et mobilités sur le marché du travail : une analyse comparée de l'enquête Génération et de l'enquête Emploi,COMM,,relatedData_s,relatedData_s,True,False,10.13144/lil-0474,doi,10.13144/lil-0474,Progedo-Adisp,dataset_repo,Progedo-Adisp,https://data.progedo.fr/studies/doi/10.13144/lil-0474,data.progedo.fr,10.13144,inist.adisp,Génération 2004 - Interrogation à 3 ans - 2007,,
halshs-00846352,https://shs.hal.science/halshs-00846352v1,Chapter 13 : Marshalling Resources and Dynamic Capabilities to Overcome Innovative Barriers and Foster Creativity in the Service Sector,COUV,,relatedPublication_s,relatedData_s,False,False,10.4324/9780203073414,doi,10.4324/9780203073414,DOI prefix 10.4324,unresolved,,,,,,,not_found,
halshs-00846352,https://shs.hal.science/halshs-00846352v1,Chapter 13 : Marshalling Resources and Dynamic Capabilities to Overcome Innovative Barriers and Foster Creativity in the Service Sector,COUV,,relatedPublication_s,relatedData_s,False,False,hal-02189772,hal_id,,,,,,,,,,,
halshs-00925219,https://shs.hal.science/halshs-00925219v1,"Sanctuaire de source, sanctuaire des eaux ou simple sanctuaire en milieu humide? Découverte d'un complexe cultuel antique à Magny-Cours (Nièvre)",ART,,relatedData_s,relatedData_s,True,False,10.25666/DATAOSU-2016-12-09,doi,10.25666/DATAOSU-2016-12-09,GitHub,other,GitHub,https://search-data.ubfc.fr/FR-18008901306731-2016-12-09_Water-sanctuaries-in-Eastern-Gaul-origin.html,search-data.ubfc.fr,10.25666,inist.osutheta,"Water sanctuaries in Eastern Gaul : origin, organization and evolution from first century B.C to fourth century A.D",,
halshs-01114949,https://shs.hal.science/halshs-01114949v1,Les « Hôtelleries Saint-Hugues » de l’abbaye de Cluny,ART,10.4000/cem.13655,relatedPublication_s,relatedData_s,False,False,10.4000/cem.13574,doi,10.4000/cem.13574,Journal DOI (10.4000),publication_landing,,,,,,,not_found,
halshs-01470279,https://shs.hal.science/halshs-01470279v1,"Maillot « Les Terres du Terrier » (Yonne), typo-chronologie d’un ensemble céramique du début du Bronze final",ART,10.4000/jges,relatedPublication_s,relatedData_s,False,False,10.4000/jgqc,doi,10.4000/jgqc,Journal DOI (10.4000),publication_landing,,,,,,,not_found,
halshs-01878128,https://shs.hal.science/halshs-01878128v1,"Expériences à l'étranger en cours d'études et insertion : des liens complexes, pour quelle plus-value ?",ART,10.4000/formationemploi.5411,relatedData_s,relatedData_s,True,False,10.13144/lil-1084,doi,10.13144/lil-1084,Progedo-Adisp,dataset_repo,Progedo-Adisp,https://data.progedo.fr/studies/doi/10.13144/lil-1084,data.progedo.fr,10.13144,inist.adisp,Génération 2010 - Interrogation à 3 ans - 2013,,
halshs-02043481,https://shs.hal.science/halshs-02043481v1,Les archives comme « arme de la classe ouvrière ». Utiliser et comprendre les fonds du Komintern (base Incomka) et les fonds rapatriés de Moscou à la lumière de l’histoire des archives en URSS,COUV,,relatedPublication_s,relatedData_s,False,False,10.4000/books.pan.60,doi,10.4000/books.pan.60,Journal DOI (10.4000),publication_landing,,,,,,,not_found,
halshs-03241700,https://shs.hal.science/halshs-03241700v1,"Débats, controverses et scandales : usages de l’intime à l’époque moderne. Avant-propos",ART,10.4000/atlante.15629,relatedPublication_s,relatedData_s,False,False,10.4000/atlante.15432,doi,10.4000/atlante.15432,Journal DOI (10.4000),publication_landing,,,,,,,not_found,
halshs-03482838,https://shs.hal.science/halshs-03482838v1,Jaws Vs. Blue ocean » : créer un « océan bleu » pour contrer la « crise requin » à l’île de La Réunion,ART,,relatedPublication_s,relatedData_s,False,False,10.3917/mav.123.0067,doi,10.3917/mav.123.0067,Journal DOI (10.3917),publication_landing,,,,,,,not_found,
halshs-04384334,https://shs.hal.science/halshs-04384334v1,"Compte-rendu. Annie Renoux, Château et pouvoirs en Champagne : Montfélix, un castrum comtal aux portes d’Épernay",ART,10.4000/vnxa,relatedPublication_s,relatedData_s,False,False,10.4000/vnxd,doi,10.4000/vnxd,Journal DOI (10.4000),publication_landing,,,,,,,not_found,
halshs-04826959,https://shs.hal.science/halshs-04826959v1,Se réaliser professionnellement dans un emploi déclassé : entre contexte familial et conditions de travail,COUV,10.4000/12q7h,relatedData_s,relatedData_s,True,False,10.13144/lil-1649,doi,10.13144/lil-1649,Progedo-Adisp,dataset_repo,Progedo-Adisp,https://data.progedo.fr/studies/doi/10.13144/lil-1649,data.progedo.fr,10.13144,inist.adisp,Génération 2017 - Interrogation à 3 ans - 2020,,
halshs-04826959,https://shs.hal.science/halshs-04826959v1,Se réaliser professionnellement dans un emploi déclassé : entre contexte familial et conditions de travail,COUV,10.4000/12q7h,relatedPublication_s,relatedData_s,False,False,halshs-04891851,hal_id,,,,,,,,,,,
halshs-05377217,https://shs.hal.science/halshs-05377217v1,Le CAP : entre rôle social et diplôme d'insertion,REPORT,,relatedData_s,relatedData_s,True,False,10.13144/lil-1084,doi,10.13144/lil-1084,Progedo-Adisp,dataset_repo,Progedo-Adisp,https://data.progedo.fr/studies/doi/10.13144/lil-1084,data.progedo.fr,10.13144,inist.adisp,Génération 2010 - Interrogation à 3 ans - 2013,,
halshs-05377217,https://shs.hal.science/halshs-05377217v1,Le CAP : entre rôle social et diplôme d'insertion,REPORT,,relatedData_s,relatedData_s,True,False,10.13144/lil-1649,doi,10.13144/lil-1649,Progedo-Adisp,dataset_repo,Progedo-Adisp,https://data.progedo.fr/studies/doi/10.13144/lil-1649,data.progedo.fr,10.13144,inist.adisp,Génération 2017 - Interrogation à 3 ans - 2020,,
halshs-05515437,https://shs.hal.science/halshs-05515437v1,Bénéficier de la Garantie jeunes : une plus-value pour l’insertion des jeunes en situation de vulnérabilité ?,COUV,10.4000/12q7e,relatedData_s,relatedData_s,True,False,10.13144/lil-1649,doi,10.13144/lil-1649,Progedo-Adisp,dataset_repo,Progedo-Adisp,https://data.progedo.fr/studies/doi/10.13144/lil-1649,data.progedo.fr,10.13144,inist.adisp,Génération 2017 - Interrogation à 3 ans - 2020,,
halshs-05515437,https://shs.hal.science/halshs-05515437v1,Bénéficier de la Garantie jeunes : une plus-value pour l’insertion des jeunes en situation de vulnérabilité ?,COUV,10.4000/12q7e,relatedPublication_s,relatedData_s,False,False,halshs-04891851,hal_id,,,,,,,,,,,
inserm-01113419,https://inserm.hal.science/inserm-01113419v1,Nanovectorization of TRAIL with single wall carbon nanotubes enhances tumor cell killing,ART,10.1021/nl503565t,relatedPublication_s,relatedData_s,False,False,10.1021/acs.nanolett.5b02056,doi,10.1021/acs.nanolett.5b02056,DOI prefix 10.1021,unresolved,,,,,,,not_found,
inserm-01113419,https://inserm.hal.science/inserm-01113419v1,Nanovectorization of TRAIL with single wall carbon nanotubes enhances tumor cell killing,ART,10.1021/nl503565t,seeAlso_s,relatedData_s,False,False,http://pubs.acs.org/journal/nalefd,url,,,,,,,,,,,
insu-05295444,https://insu.hal.science/insu-05295444v1,Hydrological and temperature controls on CO2 and CH4 exchange between a mid-altitude mountain peatland and the atmosphere,ART,10.19189/001c.143644,relatedData_s,relatedData_s,True,False,10.5281/ZENODO.3763766,doi,10.5281/ZENODO.3763766,Zenodo,dataset_repo,Zenodo,https://zenodo.org/record/3763766,zenodo.org,10.5281,cern.zenodo,"Water table depth dataset collected at Frasne peatland (192ha, Jura Mountains, France)",,
insu-05295444,https://insu.hal.science/insu-05295444v1,Hydrological and temperature controls on CO2 and CH4 exchange between a mid-altitude mountain peatland and the atmosphere,ART,10.19189/001c.143644,relatedData_s,relatedData_s,True,False,10.5281/ZENODO.3763342,doi,10.5281/ZENODO.3763342,Zenodo,dataset_repo,Zenodo,https://zenodo.org/record/3763342,zenodo.org,10.5281,cern.zenodo,"Soil-meteorological dataset collected at Frasne peatland (192ha, Jura Mountains, France)",,
tel-03133176,https://theses.hal.science/tel-03133176v1,Adoption de l’agriculture de conservation : adaptations agronomiques et réponses des communautés adventices,THESE,10.70675/25563e0ez9cbaz4892zb115z3c58fcd2f0ca,relatedData_s,relatedData_s,True,False,10.15454/10XUKC,doi,10.15454/10XUKC,Recherche Data Gouv,dataset_repo,Portail Data INRAE,https://data.inrae.fr/citation?persistentId=doi:10.15454/10XUKC,data.inrae.fr,10.15454,rdg.prod,Caractéristiques physico-chimiques des sols en semis direct sous couvert. Enquête sur un réseau d'agriculteurs en Bourgogne-Franche-Comté: 2018-2019,,
tel-03133176,https://theses.hal.science/tel-03133176v1,Adoption de l’agriculture de conservation : adaptations agronomiques et réponses des communautés adventices,THESE,10.70675/25563e0ez9cbaz4892zb115z3c58fcd2f0ca,relatedData_s,relatedData_s,True,False,10.15454/BBIWC9,doi,10.15454/BBIWC9,Recherche Data Gouv,dataset_repo,Portail Data INRAE,https://data.inrae.fr/citation?persistentId=doi:10.15454/BBIWC9,data.inrae.fr,10.15454,rdg.prod,Pratiques culturales et problèmes malherbologiques en semis direct sous couvert. Enquête sur un réseau d'agriculteurs en Bourgogne-Franche-Comté: 2018-2019,,
tel-03133176,https://theses.hal.science/tel-03133176v1,Adoption de l’agriculture de conservation : adaptations agronomiques et réponses des communautés adventices,THESE,10.70675/25563e0ez9cbaz4892zb115z3c58fcd2f0ca,relatedData_s,relatedData_s,True,False,10.15454/QEI1OO,doi,10.15454/QEI1OO,Recherche Data Gouv,dataset_repo,Portail Data INRAE,https://data.inrae.fr/citation?persistentId=doi:10.15454/QEI1OO,data.inrae.fr,10.15454,rdg.prod,Caractéristiques biologiques de 301 taxons observés dans la flore associée au semis direct sous couvert en région Bourgogne-Franche-Comté.,,
tel-03133176,https://theses.hal.science/tel-03133176v1,Adoption de l’agriculture de conservation : adaptations agronomiques et réponses des communautés adventices,THESE,10.70675/25563e0ez9cbaz4892zb115z3c58fcd2f0ca,relatedData_s,relatedData_s,True,False,10.15454/TEVEC3,doi,10.15454/TEVEC3,Recherche Data Gouv,dataset_repo,Portail Data INRAE,https://data.inrae.fr/citation?persistentId=doi:10.15454/TEVEC3,data.inrae.fr,10.15454,rdg.prod,La flore adventice associée au semis direct sous couvert. Enquête sur un réseau d'agriculteurs en Bourgogne-Franche-Comté: 2018-2019.,,
tel-03133176,https://theses.hal.science/tel-03133176v1,Adoption de l’agriculture de conservation : adaptations agronomiques et réponses des communautés adventices,THESE,10.70675/25563e0ez9cbaz4892zb115z3c58fcd2f0ca,relatedData_s,relatedData_s,True,False,10.15454/UDMKHL,doi,10.15454/UDMKHL,Recherche Data Gouv,dataset_repo,Portail Data INRAE,https://data.inrae.fr/citation?persistentId=doi:10.15454/UDMKHL,data.inrae.fr,10.15454,rdg.prod,Le semis direct sous couvert : pratiques culturales et problèmes malherbologiques. Enquête nationale auprès des agriculteurs.,,
tel-03299384,https://theses.hal.science/tel-03299384v1,"Modelling the response of marine Antarctic species to environmental changes: methods, applications and limits",THESE,,relatedData_s,relatedData_s,True,False,10.25666/DATAOSU-2021-11-09,doi,10.25666/DATAOSU-2021-11-09,GitHub,other,GitHub,https://search-data.ubfc.fr/FR-18008901306731-2021-11-09_Modelling-the-response-of-Antarctic-marine.html,search-data.ubfc.fr,10.25666,inist.osutheta,"Modelling the response of Antarctic marine species to environmental changes. Methods, applications and limitations",,
tel-03469970,https://theses.hal.science/tel-03469970v2,Polarization based urban scenes understanding,THESE,10.70675/9eb0b15bzd1bcz473bza318zfc8c58cc92f1,relatedData_s,relatedData_s,True,False,10.25666/DATAUBFC-2022-05-13-02,doi,10.25666/DATAUBFC-2022-05-13-02,Imagerie et Vision Artificielle,other,Imagerie et Vision Artificielle,https://search-data.ubfc.fr/FR-18008901306731-2022-05-13-02_PolaBot.html,search-data.ubfc.fr,10.25666,inist.osutheta,PolaBot,,
tel-03815132,https://theses.hal.science/tel-03815132v1,Production et circulation des épées à poignée métallique de l'âge du Bronze en Europe occidentale,THESE,10.70675/27ab3ddez4da0z4d17z816cz12fa08f321dc,relatedData_s,relatedData_s,True,False,10.25666/DATAUBFC-2024-03-06,doi,10.25666/DATAUBFC-2024-03-06,dataUBFC - Atelier de la donnée de Bourgogne-Franche-Comté,other,dataUBFC - Atelier de la donnée de Bourgogne-Franche-Comté,https://search-data.ubfc.fr/FR-13002091000019-2024-03-06_Bronze-Age-solid-hilted-swords.html,search-data.ubfc.fr,10.25666,inist.osutheta,Bronze Age solid-hilted swords,,
tel-03815132,https://theses.hal.science/tel-03815132v1,Production et circulation des épées à poignée métallique de l'âge du Bronze en Europe occidentale,THESE,10.70675/27ab3ddez4da0z4d17z816cz12fa08f321dc,relatedData_s,relatedData_s,True,False,10.34847/nkl.d39d9961,doi,10.34847/nkl.d39d9961,NAKALA,dataset_repo,NAKALA - https://nakala.fr (Huma-Num - CNRS),https://nakala.fr/10.34847/nkl.d39d9961,nakala.fr,10.34847,inist.humanum,"Reconstruction micro-tomographique de la poignée de l'épée du Bronze moyen d'Auray (Morbihan, France)",,
tel-03815132,https://theses.hal.science/tel-03815132v1,Production et circulation des épées à poignée métallique de l'âge du Bronze en Europe occidentale,THESE,10.70675/27ab3ddez4da0z4d17z816cz12fa08f321dc,relatedData_s,relatedData_s,True,False,10.34847/nkl.bc14e229,doi,10.34847/nkl.bc14e229,NAKALA,dataset_repo,NAKALA - https://nakala.fr (Huma-Num - CNRS),https://nakala.fr/10.34847/nkl.bc14e229,nakala.fr,10.34847,inist.humanum,"Reconstruction micro-tomographique de l'épée du Bronze final de Wessem (Limbourg, Pays-Bas)",,
tel-03815132,https://theses.hal.science/tel-03815132v1,Production et circulation des épées à poignée métallique de l'âge du Bronze en Europe occidentale,THESE,10.70675/27ab3ddez4da0z4d17z816cz12fa08f321dc,relatedData_s,relatedData_s,True,False,10.34847/nkl.ceb7wma5,doi,10.34847/nkl.ceb7wma5,NAKALA,dataset_repo,NAKALA - https://nakala.fr (Huma-Num - CNRS),https://nakala.fr/10.34847/nkl.ceb7wma5,nakala.fr,10.34847,inist.humanum,"Reconstruction micro-tomographique de l'épée du Bronze final de Vellexon-Queutey-et-Vaudey (Haute-Saône, France)",,
tel-03815132,https://theses.hal.science/tel-03815132v1,Production et circulation des épées à poignée métallique de l'âge du Bronze en Europe occidentale,THESE,10.70675/27ab3ddez4da0z4d17z816cz12fa08f321dc,relatedData_s,relatedData_s,True,False,10.34847/nkl.c3cb1u04,doi,10.34847/nkl.c3cb1u04,NAKALA,dataset_repo,NAKALA - https://nakala.fr (Huma-Num - CNRS),https://nakala.fr/10.34847/nkl.c3cb1u04,nakala.fr,10.34847,inist.humanum,"Reconstruction micro-tomographique de l'épée du Bronze final de Saint-Romain-de-Jalionas (Isère, France)",,
tel-03815132,https://theses.hal.science/tel-03815132v1,Production et circulation des épées à poignée métallique de l'âge du Bronze en Europe occidentale,THESE,10.70675/27ab3ddez4da0z4d17z816cz12fa08f321dc,relatedData_s,relatedData_s,True,False,10.34847/nkl.25a6053g,doi,10.34847/nkl.25a6053g,NAKALA,dataset_repo,NAKALA - https://nakala.fr (Huma-Num - CNRS),https://nakala.fr/10.34847/nkl.25a6053g,nakala.fr,10.34847,inist.humanum,"Reconstruction micro-tomographique de l'épée du Bronze final 896.444 de Grésine (Brison-Saint-Innocent, Savoie, France)",,
tel-03815132,https://theses.hal.science/tel-03815132v1,Production et circulation des épées à poignée métallique de l'âge du Bronze en Europe occidentale,THESE,10.70675/27ab3ddez4da0z4d17z816cz12fa08f321dc,relatedData_s,relatedData_s,True,False,10.34847/nkl.b89d1b31,doi,10.34847/nkl.b89d1b31,NAKALA,dataset_repo,NAKALA - https://nakala.fr (Huma-Num - CNRS),https://nakala.fr/10.34847/nkl.b89d1b31,nakala.fr,10.34847,inist.humanum,"Reconstruction micro-tomographique de l'épée du Bronze final 896.443 de Grésine (Brison-Saint-Innocent, Savoie, France)",,
tel-03815132,https://theses.hal.science/tel-03815132v1,Production et circulation des épées à poignée métallique de l'âge du Bronze en Europe occidentale,THESE,10.70675/27ab3ddez4da0z4d17z816cz12fa08f321dc,relatedData_s,relatedData_s,True,False,10.34847/nkl.57b97j11,doi,10.34847/nkl.57b97j11,NAKALA,dataset_repo,NAKALA - https://nakala.fr (Huma-Num - CNRS),https://nakala.fr/10.34847/nkl.57b97j11,nakala.fr,10.34847,inist.humanum,"Reconstruction micro-tomographique de l'épée du Bronze final Rh 81 de Grigny (métropole de Lyon, France)",,
tel-03815132,https://theses.hal.science/tel-03815132v1,Production et circulation des épées à poignée métallique de l'âge du Bronze en Europe occidentale,THESE,10.70675/27ab3ddez4da0z4d17z816cz12fa08f321dc,relatedData_s,relatedData_s,True,False,10.34847/nkl.d2e3st7r,doi,10.34847/nkl.d2e3st7r,NAKALA,dataset_repo,NAKALA - https://nakala.fr (Huma-Num - CNRS),https://nakala.fr/10.34847/nkl.d2e3st7r,nakala.fr,10.34847,inist.humanum,"Reconstruction micro-tomographique de l'épée du Bronze final Rh 74 de Grigny (métropole de Lyon, France)",,
tel-03815132,https://theses.hal.science/tel-03815132v1,Production et circulation des épées à poignée métallique de l'âge du Bronze en Europe occidentale,THESE,10.70675/27ab3ddez4da0z4d17z816cz12fa08f321dc,relatedData_s,relatedData_s,True,False,10.34847/nkl.43cfm658,doi,10.34847/nkl.43cfm658,NAKALA,dataset_repo,NAKALA - https://nakala.fr (Huma-Num - CNRS),https://nakala.fr/10.34847/nkl.43cfm658,nakala.fr,10.34847,inist.humanum,"Reconstruction micro-tomographique de l'épée du Bronze final Rh 62 de Grigny (métropole de Lyon, France)",,
tel-03815132,https://theses.hal.science/tel-03815132v1,Production et circulation des épées à poignée métallique de l'âge du Bronze en Europe occidentale,THESE,10.70675/27ab3ddez4da0z4d17z816cz12fa08f321dc,relatedData_s,relatedData_s,True,False,10.34847/nkl.bd85a75x,doi,10.34847/nkl.bd85a75x,NAKALA,dataset_repo,NAKALA - https://nakala.fr (Huma-Num - CNRS),https://nakala.fr/10.34847/nkl.bd85a75x,nakala.fr,10.34847,inist.humanum,"Reconstruction micro-tomographique de l'épée du Bronze final Rh 24 de Grigny (métropole de Lyon, France)",,
tel-03815132,https://theses.hal.science/tel-03815132v1,Production et circulation des épées à poignée métallique de l'âge du Bronze en Europe occidentale,THESE,10.70675/27ab3ddez4da0z4d17z816cz12fa08f321dc,relatedData_s,relatedData_s,True,False,10.34847/nkl.26edsxq7,doi,10.34847/nkl.26edsxq7,NAKALA,dataset_repo,NAKALA - https://nakala.fr (Huma-Num - CNRS),https://nakala.fr/10.34847/nkl.26edsxq7,nakala.fr,10.34847,inist.humanum,"Reconstruction micro-tomographique de l'épée du Bronze final Rh 3 de Grigny (métropole de Lyon, France)",,
tel-03815132,https://theses.hal.science/tel-03815132v1,Production et circulation des épées à poignée métallique de l'âge du Bronze en Europe occidentale,THESE,10.70675/27ab3ddez4da0z4d17z816cz12fa08f321dc,relatedData_s,relatedData_s,True,False,10.34847/nkl.0d0f3cfn,doi,10.34847/nkl.0d0f3cfn,NAKALA,dataset_repo,NAKALA - https://nakala.fr (Huma-Num - CNRS),https://nakala.fr/10.34847/nkl.0d0f3cfn,nakala.fr,10.34847,inist.humanum,"Reconstruction micro-tomographique de l'épée du Bronze final de Saint-Romain-en-Gal (Rhône, France)",,
tel-03815132,https://theses.hal.science/tel-03815132v1,Production et circulation des épées à poignée métallique de l'âge du Bronze en Europe occidentale,THESE,10.70675/27ab3ddez4da0z4d17z816cz12fa08f321dc,relatedData_s,relatedData_s,True,False,10.34847/nkl.283c14y2,doi,10.34847/nkl.283c14y2,NAKALA,dataset_repo,NAKALA - https://nakala.fr (Huma-Num - CNRS),https://nakala.fr/10.34847/nkl.283c14y2,nakala.fr,10.34847,inist.humanum,"Reconstruction micro-tomographique de l'épée du Bronze moyen de Champagneux (Savoie, France)",,
tel-03815132,https://theses.hal.science/tel-03815132v1,Production et circulation des épées à poignée métallique de l'âge du Bronze en Europe occidentale,THESE,10.70675/27ab3ddez4da0z4d17z816cz12fa08f321dc,relatedData_s,relatedData_s,True,False,10.34847/nkl.37c9dja7,doi,10.34847/nkl.37c9dja7,NAKALA,dataset_repo,NAKALA - https://nakala.fr (Huma-Num - CNRS),https://nakala.fr/10.34847/nkl.37c9dja7,nakala.fr,10.34847,inist.humanum,"Reconstruction tomographique de l'épée dite du Gué-de-Velluire (Vendée, France)",,
tel-03815132,https://theses.hal.science/tel-03815132v1,Production et circulation des épées à poignée métallique de l'âge du Bronze en Europe occidentale,THESE,10.70675/27ab3ddez4da0z4d17z816cz12fa08f321dc,relatedData_s,relatedData_s,True,False,10.34847/nkl.1fef36al,doi,10.34847/nkl.1fef36al,NAKALA,dataset_repo,NAKALA - https://nakala.fr (Huma-Num - CNRS),https://nakala.fr/10.34847/nkl.1fef36al,nakala.fr,10.34847,inist.humanum,Reconstruction micro-tomographique d'une épée du Bronze final de Belgique,,
tel-03815132,https://theses.hal.science/tel-03815132v1,Production et circulation des épées à poignée métallique de l'âge du Bronze en Europe occidentale,THESE,10.70675/27ab3ddez4da0z4d17z816cz12fa08f321dc,relatedData_s,relatedData_s,True,False,10.34847/nkl.b397xqmx,doi,10.34847/nkl.b397xqmx,NAKALA,dataset_repo,NAKALA - https://nakala.fr (Huma-Num - CNRS),https://nakala.fr/10.34847/nkl.b397xqmx,nakala.fr,10.34847,inist.humanum,"Reconstruction micro-tomographique de l'épée du Bronze final d'Asper (Gavere, Belgique)",,
tel-04551356,https://theses.hal.science/tel-04551356v1,Multi-isotopic study of the carbon and sulfur cycles in modern alkaline and stratified environments from Mexico and their microbialites,THESE,10.70675/b4fec8d0z2bb6z406dza904zf4091e5c602a,relatedData_s,relatedData_s,True,False,10.25666/DATAUBFC-2026-04-16,doi,10.25666/DATAUBFC-2026-04-16,dataUBFC - Atelier de la donnée de Bourgogne-Franche-Comté,other,dataUBFC - Atelier de la donnée de Bourgogne-Franche-Comté,https://search-data.ubfc.fr/FR-13002091000019-2026-04-16_Dissolved-Organic-Carbon-concentrations-and.html,search-data.ubfc.fr,10.25666,inist.osutheta,Dissolved Organic Carbon concentrations and isotopes in Mexican lakes and aquifers,,
tel-04610070,https://theses.hal.science/tel-04610070v1,Expression de la sensorialité dans le discours spécialisé construit autour du chocolat en contexte équatorien,THESE,10.70675/a1d1d60azffc8z4527zab9az5b182ebf03c1,relatedData_s,relatedData_s,True,False,10.25666/DATAUBFC-2024-05-07,doi,10.25666/DATAUBFC-2024-05-07,dataUBFC - Atelier de la donnée de Bourgogne-Franche-Comté,other,dataUBFC - Atelier de la donnée de Bourgogne-Franche-Comté,https://search-data.ubfc.fr/FR-13002091000019-2024-05-07_Ecuador-s-Pastaza-province-cocoa-farmers.html,search-data.ubfc.fr,10.25666,inist.osutheta,Ecuador's Pastaza province cocoa farmers interviews (in spanish),,
tel-04610070,https://theses.hal.science/tel-04610070v1,Expression de la sensorialité dans le discours spécialisé construit autour du chocolat en contexte équatorien,THESE,10.70675/a1d1d60azffc8z4527zab9az5b182ebf03c1,relatedData_s,relatedData_s,True,False,10.25666/DATAUBFC-2024-08-30-03,doi,10.25666/DATAUBFC-2024-08-30-03,"Centre interlangues : texte, image, langage",other,"Centre interlangues : texte, image, langage",https://search-data.ubfc.fr/FR-13002091000019-2024-08-30-03_Chocolate-producer-interview-in-spanish.html,search-data.ubfc.fr,10.25666,inist.osutheta,Chocolate producer interview (in spanish),,
tel-04610070,https://theses.hal.science/tel-04610070v1,Expression de la sensorialité dans le discours spécialisé construit autour du chocolat en contexte équatorien,THESE,10.70675/a1d1d60azffc8z4527zab9az5b182ebf03c1,relatedData_s,relatedData_s,True,False,10.25666/DATAUBFC-2024-08-30,doi,10.25666/DATAUBFC-2024-08-30,"Centre interlangues : texte, image, langage",other,"Centre interlangues : texte, image, langage",https://search-data.ubfc.fr/FR-13002091000019-2024-08-30_Chocolate-aficionados-questionnaire-in-spanish.html,search-data.ubfc.fr,10.25666,inist.osutheta,Chocolate aficionados questionnaire (in spanish),,
tel-04610070,https://theses.hal.science/tel-04610070v1,Expression de la sensorialité dans le discours spécialisé construit autour du chocolat en contexte équatorien,THESE,10.70675/a1d1d60azffc8z4527zab9az5b182ebf03c1,relatedData_s,relatedData_s,True,False,10.25666/DATAUBFC-2024-05-07-02,doi,10.25666/DATAUBFC-2024-05-07-02,dataUBFC - Atelier de la donnée de Bourgogne-Franche-Comté,other,dataUBFC - Atelier de la donnée de Bourgogne-Franche-Comté,https://search-data.ubfc.fr/FR-13002091000019-2024-05-07-02_Ecuador-s-Pastaza-province-cocoa-farmers.html,search-data.ubfc.fr,10.25666,inist.osutheta,Ecuador's Pastaza province cocoa farmers interviews (in kichwa),,
tel-04707965,https://theses.hal.science/tel-04707965v1,The early nitrogen biogeochemical cycle : insights into the temporality and routes of Earth's oxygenation,THESE,10.70675/145594f0z2f3ez4d40z8b26zbd02bbe77ecf,relatedData_s,relatedData_s,True,False,10.25666/DATAUBFC-2024-06-27,doi,10.25666/DATAUBFC-2024-06-27,dataUBFC - Atelier de la donnée de Bourgogne-Franche-Comté,other,dataUBFC - Atelier de la donnée de Bourgogne-Franche-Comté,https://search-data.ubfc.fr/FR-13002091000019-2024-06-27_Sample-depth-m-TOC-wt-whole-rock-TN.html,search-data.ubfc.fr,10.25666,inist.osutheta,"Sample depth (m), TOC (wt. %, whole rock), TN (ppm, wholerock), TOC/TN, δ13Corg (‰ vs. PDB), and δ15Nbulk (‰ vs. air), for samples analyzed along the GT13 and GT16 drill cores (Serra Sul Formation, Amazonian Craton, Brazil).",,
tel-04926224,https://theses.hal.science/tel-04926224v2,Méthode et système d'assistance à la navigation de personne basés sur la perception sonore d'une scène visuelle,THESE,10.70675/124e9e0ez3d6fz4222zb982zae7427d8fe28,relatedData_s,relatedData_s,True,False,10.25666/DATAUBFC-2023-07-13,doi,10.25666/DATAUBFC-2023-07-13,Imagerie et Vision Artificielle,other,Imagerie et Vision Artificielle,https://search-data.ubfc.fr/FR-13002091000019-2023-07-13_uB-VisioGeoloc.html,search-data.ubfc.fr,10.25666,inist.osutheta,uB-VisioGeoloc,,
tel-05027848,https://theses.hal.science/tel-05027848v2,Géoprospective et modélisation climatique de la végétation urbaine dans une perspective d'adaptation aux fortes chaleurs : application à Dijon Métropole.,THESE,10.70675/30a12212zf58bz4ca3zbc44z5859756f196a,relatedData_s,relatedData_s,True,False,10.25666/DATAUBFC-2025-07-04,doi,10.25666/DATAUBFC-2025-07-04,DOI prefix 10.25666,unresolved,,,,,,,not_found,
tel-05374778,https://theses.hal.science/tel-05374778v1,Nouvelles approches pour la détection fluorescente et/ou chromogénique des ions cyanures. Applications aux analyses environnementales sur site et à la détection sélective du neurotoxique organophosphoré tabun.,THESE,10.70675/e2f22d00ze6cdz4763z9152zad341702f451,relatedData_s,relatedData_s,True,False,10.25666/DATAUBFC-2025-05-09,doi,10.25666/DATAUBFC-2025-05-09,dataUBFC - Atelier de la donnée de Bourgogne-Franche-Comté,other,dataUBFC - Atelier de la donnée de Bourgogne-Franche-Comté,https://search-data.ubfc.fr/FR-13002091000019-2025-05-09_Characterization-of-a-cyanide-responsive.html,search-data.ubfc.fr,10.25666,inist.osutheta,"Characterization of a cyanide-responsive ""covalent-assembly"" fluorogenic probe",,
tel-05374778,https://theses.hal.science/tel-05374778v1,Nouvelles approches pour la détection fluorescente et/ou chromogénique des ions cyanures. Applications aux analyses environnementales sur site et à la détection sélective du neurotoxique organophosphoré tabun.,THESE,10.70675/e2f22d00ze6cdz4763z9152zad341702f451,relatedData_s,relatedData_s,True,False,10.25666/DATAUBFC-2024-07-17,doi,10.25666/DATAUBFC-2024-07-17,dataUBFC - Atelier de la donnée de Bourgogne-Franche-Comté,other,dataUBFC - Atelier de la donnée de Bourgogne-Franche-Comté,https://search-data.ubfc.fr/FR-13002091000019-2024-07-17_Characterization-of-cyanide-responsive.html,search-data.ubfc.fr,10.25666,inist.osutheta,Characterization of cyanide-responsive fluorogenic probes,,
tel-05488541,https://theses.hal.science/tel-05488541v1,"Entre pressions chimiques et climatiques : réponses développementales, reproductives, et physiologiques de l’Eudémis de la vigne à l’usage de la bouillie bordelaise dans un contexte de réchauffement climatique en Bourgogne",THESE,10.70675/98461794z2fc6z49fcz933fz9ccb677c0ea6,relatedData_s,relatedData_s,True,False,10.25666/DATAUBFC-2025-06-02,doi,10.25666/DATAUBFC-2025-06-02,dataUBFC - Atelier de la donnée de Bourgogne-Franche-Comté,other,dataUBFC - Atelier de la donnée de Bourgogne-Franche-Comté,https://search-data.ubfc.fr/FR-13002091000019-2025-06-02_Stage-specific-effects-of-a-fungicide-and-global.html,search-data.ubfc.fr,10.25666,inist.osutheta,Stage-specific effects of a fungicide and global warming on copper accumulation and development in a major vineyard insect pest,,
tel-05540170,https://theses.hal.science/tel-05540170v1,Jardins et pollinisateurs en milieu tropical insulaire : effets de la saisonnalité et de l’offre florale sur les assemblages de pollinisateurs et leurs interactions avec la flore en Martinique,THESE,10.70675/2a30dd10z4129z44aezafd5zfa76fdaa1e05,relatedData_s,relatedData_s,True,False,10.25666/DATAUBFC-2025-03-28,doi,10.25666/DATAUBFC-2025-03-28,dataUBFC - Atelier de la donnée de Bourgogne-Franche-Comté,other,dataUBFC - Atelier de la donnée de Bourgogne-Franche-Comté,https://search-data.ubfc.fr/FR-13002091000019-2025-03-28_Floral-offer-and-seasonality-shape.html,search-data.ubfc.fr,10.25666,inist.osutheta,Floral offer and seasonality shape plant-pollinator networks in tropical gardens,,
tel-05726003,https://theses.hal.science/tel-05726003v1,Développement d’un dispositif de substitution sensorielle vision-vers-audition : étude des performances de localisation et comparaison de schémas d’encodage,THESE,,relatedData_s,relatedData_s,True,False,10.25666/DATAUBFC-2023-07-13,doi,10.25666/DATAUBFC-2023-07-13,Imagerie et Vision Artificielle,other,Imagerie et Vision Artificielle,https://search-data.ubfc.fr/FR-13002091000019-2023-07-13_uB-VisioGeoloc.html,search-data.ubfc.fr,10.25666,inist.osutheta,uB-VisioGeoloc,,
