doi,title,repository,publisher,landing_url,client_id,publication_year,also_on_hal,hal_publications,hal_ids,match_reasons,object_kind
10.15454/dldjvf,"TE-related genes: annotation, characterisation, and expression.",Recherche Data Gouv,Portail Data INRAE,https://data.inrae.fr/citation?persistentId=doi:10.15454/DLDJVF,rdg.prod,2020,True,1,hal-01602779,,dataset_repo
10.15454/dldjvf/0uswoh,genesWithBothTypesOfDomains.minc_v3.txt,Recherche Data Gouv,Portail Data INRAE,https://data.inrae.fr/file.xhtml?persistentId=doi:10.15454/DLDJVF/0USWOH,rdg.prod,2021,False,0,,,dataset_repo
10.15454/dldjvf/24syvk,hmmprofDB.pfam32_GyDB2.hmm,Recherche Data Gouv,Portail Data INRAE,https://data.inrae.fr/file.xhtml?persistentId=doi:10.15454/DLDJVF/24SYVK,rdg.prod,2020,False,0,,,dataset_repo
10.15454/dldjvf/2ldvzf,readme.txt,Recherche Data Gouv,Portail Data INRAE,https://data.inrae.fr/file.xhtml?persistentId=doi:10.15454/DLDJVF/2LDVZF,rdg.prod,2021,False,0,,,dataset_repo
10.15454/dldjvf/3k4msg,hmmprofDB.pfam32_GyDB2.hmm,Recherche Data Gouv,Portail Data INRAE,https://data.inrae.fr/file.xhtml?persistentId=doi:10.15454/DLDJVF/3K4MSG,rdg.prod,2021,False,0,,,dataset_repo
10.15454/dldjvf/91ex8g,get_genes_domains_from_hmmer3_output.py,Recherche Data Gouv,Portail Data INRAE,https://data.inrae.fr/file.xhtml?persistentId=doi:10.15454/DLDJVF/91EX8G,rdg.prod,2020,False,0,,,dataset_repo
10.15454/dldjvf/cnsmwy,TEs_with_genes_inside.more95pctOfGeneSize.tab,Recherche Data Gouv,Portail Data INRAE,https://data.inrae.fr/file.xhtml?persistentId=doi:10.15454/DLDJVF/CNSMWY,rdg.prod,2021,False,0,,,dataset_repo
10.15454/dldjvf/dkuqah,meloidogyne_incognita.v3.2015.faa,Recherche Data Gouv,Portail Data INRAE,https://data.inrae.fr/file.xhtml?persistentId=doi:10.15454/DLDJVF/DKUQAH,rdg.prod,2020,False,0,,,dataset_repo
10.15454/dldjvf/dm6gmz,TEs_with_genes_inside.more95pctOfGeneSize.genesWithAtLeastOneTErelatedDomain.tab,Recherche Data Gouv,Portail Data INRAE,https://data.inrae.fr/file.xhtml?persistentId=doi:10.15454/DLDJVF/DM6GMZ,rdg.prod,2021,False,0,,,dataset_repo
10.15454/dldjvf/fmztmn,genesWithBothTypesOfDomains.minc_v3.txt,Recherche Data Gouv,Portail Data INRAE,https://data.inrae.fr/file.xhtml?persistentId=doi:10.15454/DLDJVF/FMZTMN,rdg.prod,2020,False,0,,,dataset_repo
10.15454/dldjvf/gz0piv,genesWithOnlyTErelatedDomains.minc_v3.txt,Recherche Data Gouv,Portail Data INRAE,https://data.inrae.fr/file.xhtml?persistentId=doi:10.15454/DLDJVF/GZ0PIV,rdg.prod,2020,False,0,,,dataset_repo
10.15454/dldjvf/hoza7i,genesWithoutTErelatedDomains.minc_v3.txt,Recherche Data Gouv,Portail Data INRAE,https://data.inrae.fr/file.xhtml?persistentId=doi:10.15454/DLDJVF/HOZA7I,rdg.prod,2020,False,0,,,dataset_repo
10.15454/dldjvf/jha6rz,minc_v3.genes.sorted.expressionLevels.tab,Recherche Data Gouv,Portail Data INRAE,https://data.inrae.fr/file.xhtml?persistentId=doi:10.15454/DLDJVF/JHA6RZ,rdg.prod,2020,False,0,,,dataset_repo
10.15454/dldjvf/k4a0oi,genes_analysis_workflow.Rmd,Recherche Data Gouv,Portail Data INRAE,https://data.inrae.fr/file.xhtml?persistentId=doi:10.15454/DLDJVF/K4A0OI,rdg.prod,2021,False,0,,,dataset_repo
10.15454/dldjvf/nmzo7g,get_genes_list_from_hmmer_output.py,Recherche Data Gouv,Portail Data INRAE,https://data.inrae.fr/file.xhtml?persistentId=doi:10.15454/DLDJVF/NMZO7G,rdg.prod,2020,False,0,,,dataset_repo
10.15454/dldjvf/shw0z1,get_genes_list_from_hmmer_output.py,Recherche Data Gouv,Portail Data INRAE,https://data.inrae.fr/file.xhtml?persistentId=doi:10.15454/DLDJVF/SHW0Z1,rdg.prod,2021,False,0,,,dataset_repo
10.15454/dldjvf/suh4jw,genesWithoutTErelatedDomains.minc_v3.txt,Recherche Data Gouv,Portail Data INRAE,https://data.inrae.fr/file.xhtml?persistentId=doi:10.15454/DLDJVF/SUH4JW,rdg.prod,2021,False,0,,,dataset_repo
10.15454/dldjvf/tjwdw4,genesWithOnlyTErelatedDomains.minc_v3.txt,Recherche Data Gouv,Portail Data INRAE,https://data.inrae.fr/file.xhtml?persistentId=doi:10.15454/DLDJVF/TJWDW4,rdg.prod,2021,False,0,,,dataset_repo
10.15454/dldjvf/vfxxxo,minc_v3.genes.sorted.bed,Recherche Data Gouv,Portail Data INRAE,https://data.inrae.fr/file.xhtml?persistentId=doi:10.15454/DLDJVF/VFXXXO,rdg.prod,2020,False,0,,,dataset_repo
10.15454/dldjvf/weamsz,genes_with_TE_related_domains.txt,Recherche Data Gouv,Portail Data INRAE,https://data.inrae.fr/file.xhtml?persistentId=doi:10.15454/DLDJVF/WEAMSZ,rdg.prod,2021,False,0,,,dataset_repo
10.15454/dldjvf/wq6lnv,meloidogyne_incognita.v3.2015.faa,Recherche Data Gouv,Portail Data INRAE,https://data.inrae.fr/file.xhtml?persistentId=doi:10.15454/DLDJVF/WQ6LNV,rdg.prod,2021,False,0,,,dataset_repo
10.15454/dldjvf/y3c2x5,median_FPKM.txt,Recherche Data Gouv,Portail Data INRAE,https://data.inrae.fr/file.xhtml?persistentId=doi:10.15454/DLDJVF/Y3C2X5,rdg.prod,2021,False,0,,,dataset_repo
10.15454/dldjvf/yxtcxo,minc_v3.TEannotations.19-07-19.filtered_classiffiedOnly.minLen250.minId85.minConsCov33.blastVsCons.noOverlap.bed,Recherche Data Gouv,Portail Data INRAE,https://data.inrae.fr/file.xhtml?persistentId=doi:10.15454/DLDJVF/YXTCXO,rdg.prod,2021,False,0,,,dataset_repo
10.15454/dldjvf/z9gasf,genes_analysis_workflow.Rmd,Recherche Data Gouv,Portail Data INRAE,https://data.inrae.fr/file.xhtml?persistentId=doi:10.15454/DLDJVF/Z9GASF,rdg.prod,2020,False,0,,,dataset_repo
10.15454/dldjvf/zfn0k5,minc_v3.genes.sorted.expressionLevels.tab,Recherche Data Gouv,Portail Data INRAE,https://data.inrae.fr/file.xhtml?persistentId=doi:10.15454/DLDJVF/ZFN0K5,rdg.prod,2021,False,0,,,dataset_repo
10.15454/dldjvf/zimgfq,get_genes_domains_from_hmmer3_output.py,Recherche Data Gouv,Portail Data INRAE,https://data.inrae.fr/file.xhtml?persistentId=doi:10.15454/DLDJVF/ZIMGFQ,rdg.prod,2021,False,0,,,dataset_repo
10.15454/dldjvf/zku0j2,minc_v3.genes.sorted.bed,Recherche Data Gouv,Portail Data INRAE,https://data.inrae.fr/file.xhtml?persistentId=doi:10.15454/DLDJVF/ZKU0J2,rdg.prod,2021,False,0,,,dataset_repo
10.15454/dldjvf/zmv3sm,minc_v3.genes.sorted.expressionLevels.substentiallyExpressed.tab,Recherche Data Gouv,Portail Data INRAE,https://data.inrae.fr/file.xhtml?persistentId=doi:10.15454/DLDJVF/ZMV3SM,rdg.prod,2021,False,0,,,dataset_repo
10.15454/e2vtrb,Improvement of eukaryotic protein predictions from soil metagenomes,Recherche Data Gouv,Portail Data INRAE,https://data.inrae.fr/citation?persistentId=doi:10.15454/E2VTRB,rdg.prod,2021,True,1,hal-03931195,,dataset_repo
10.15454/e2vtrb/1tk3re,eukaryotic_proteins_clustered.aa,Recherche Data Gouv,Portail Data INRAE,https://data.inrae.fr/file.xhtml?persistentId=doi:10.15454/E2VTRB/1TK3RE,rdg.prod,2022,False,0,,,dataset_repo
10.15454/e2vtrb/2v29hi,Supplementary_data_1.txt,Recherche Data Gouv,Portail Data INRAE,https://data.inrae.fr/file.xhtml?persistentId=doi:10.15454/E2VTRB/2V29HI,rdg.prod,2021,False,0,,,dataset_repo
10.15454/e2vtrb/3xpvtn,orphan_Euka.aa,Recherche Data Gouv,Portail Data INRAE,https://data.inrae.fr/file.xhtml?persistentId=doi:10.15454/E2VTRB/3XPVTN,rdg.prod,2022,False,0,,,dataset_repo
10.15454/e2vtrb/54edij,orphan_proteins_clustered.tab,Recherche Data Gouv,Portail Data INRAE,https://data.inrae.fr/file.xhtml?persistentId=doi:10.15454/E2VTRB/54EDIJ,rdg.prod,2022,False,0,,,dataset_repo
10.15454/e2vtrb/73tguy,orphan_proteins_clustered.tsv,Recherche Data Gouv,Portail Data INRAE,https://data.inrae.fr/file.xhtml?persistentId=doi:10.15454/E2VTRB/73TGUY,rdg.prod,2022,False,0,,,dataset_repo
10.15454/e2vtrb/a1tugt,eukaryotic_proteins_taxonomy.txt,Recherche Data Gouv,Portail Data INRAE,https://data.inrae.fr/file.xhtml?persistentId=doi:10.15454/E2VTRB/A1TUGT,rdg.prod,2022,False,0,,,dataset_repo
10.15454/e2vtrb/a2boib,eukaryotic_proteins_taxonomy_krona.html,Recherche Data Gouv,Portail Data INRAE,https://data.inrae.fr/file.xhtml?persistentId=doi:10.15454/E2VTRB/A2BOIB,rdg.prod,2022,False,0,,,dataset_repo
10.15454/e2vtrb/c08ts9,Supplementary_data_Fig1.pdf,Recherche Data Gouv,Portail Data INRAE,https://data.inrae.fr/file.xhtml?persistentId=doi:10.15454/E2VTRB/C08TS9,rdg.prod,2021,False,0,,,dataset_repo
10.15454/e2vtrb/cetpfv,PlantAssociated_annotation.txt,Recherche Data Gouv,Portail Data INRAE,https://data.inrae.fr/file.xhtml?persistentId=doi:10.15454/E2VTRB/CETPFV,rdg.prod,2021,False,0,,,dataset_repo
10.15454/e2vtrb/gaky0c,Supplementary_data_Figures.pdf,Recherche Data Gouv,Portail Data INRAE,https://data.inrae.fr/file.xhtml?persistentId=doi:10.15454/E2VTRB/GAKY0C,rdg.prod,2022,False,0,,,dataset_repo
10.15454/e2vtrb/gr6twf,Terrestrial2.fasta,Recherche Data Gouv,Portail Data INRAE,https://data.inrae.fr/file.xhtml?persistentId=doi:10.15454/E2VTRB/GR6TWF,rdg.prod,2021,False,0,,,dataset_repo
10.15454/e2vtrb/ikq0ap,Supplementary_data_Fig5.html,Recherche Data Gouv,Portail Data INRAE,https://data.inrae.fr/file.xhtml?persistentId=doi:10.15454/E2VTRB/IKQ0AP,rdg.prod,2021,False,0,,,dataset_repo
10.15454/e2vtrb/n0hhak,metagenomeID.txt,Recherche Data Gouv,Portail Data INRAE,https://data.inrae.fr/file.xhtml?persistentId=doi:10.15454/E2VTRB/N0HHAK,rdg.prod,2022,False,0,,,dataset_repo
10.15454/e2vtrb/njzond,Terrestrial1_annotation.txt,Recherche Data Gouv,Portail Data INRAE,https://data.inrae.fr/file.xhtml?persistentId=doi:10.15454/E2VTRB/NJZOND,rdg.prod,2021,False,0,,,dataset_repo
10.15454/e2vtrb/nll606,Supplementary_data_Fig4.html,Recherche Data Gouv,Portail Data INRAE,https://data.inrae.fr/file.xhtml?persistentId=doi:10.15454/E2VTRB/NLL606,rdg.prod,2021,False,0,,,dataset_repo
10.15454/e2vtrb/no0z7d,orphan_proteins_clustered.aa,Recherche Data Gouv,Portail Data INRAE,https://data.inrae.fr/file.xhtml?persistentId=doi:10.15454/E2VTRB/NO0Z7D,rdg.prod,2022,False,0,,,dataset_repo
10.15454/e2vtrb/oepov9,Supplementary_data_fasta.aa,Recherche Data Gouv,Portail Data INRAE,https://data.inrae.fr/file.xhtml?persistentId=doi:10.15454/E2VTRB/OEPOV9,rdg.prod,2021,False,0,,,dataset_repo
10.15454/e2vtrb/rhsawz,Terrestrial2_annotation.txt,Recherche Data Gouv,Portail Data INRAE,https://data.inrae.fr/file.xhtml?persistentId=doi:10.15454/E2VTRB/RHSAWZ,rdg.prod,2021,False,0,,,dataset_repo
10.15454/e2vtrb/rswlsw,Supplementary_data_Fig6.html,Recherche Data Gouv,Portail Data INRAE,https://data.inrae.fr/file.xhtml?persistentId=doi:10.15454/E2VTRB/RSWLSW,rdg.prod,2021,False,0,,,dataset_repo
10.15454/e2vtrb/t1ohix,eukaryotic_proteins.aa,Recherche Data Gouv,Portail Data INRAE,https://data.inrae.fr/file.xhtml?persistentId=doi:10.15454/E2VTRB/T1OHIX,rdg.prod,2022,False,0,,,dataset_repo
10.15454/e2vtrb/tfjjkx,eukaryotic_proteins_clustered.tsv,Recherche Data Gouv,Portail Data INRAE,https://data.inrae.fr/file.xhtml?persistentId=doi:10.15454/E2VTRB/TFJJKX,rdg.prod,2022,False,0,,,dataset_repo
10.15454/e2vtrb/vvasdl,Terrestrial1.fasta,Recherche Data Gouv,Portail Data INRAE,https://data.inrae.fr/file.xhtml?persistentId=doi:10.15454/E2VTRB/VVASDL,rdg.prod,2021,False,0,,,dataset_repo
10.15454/e2vtrb/wlg6da,PlantAssociated.fasta,Recherche Data Gouv,Portail Data INRAE,https://data.inrae.fr/file.xhtml?persistentId=doi:10.15454/E2VTRB/WLG6DA,rdg.prod,2021,False,0,,,dataset_repo
10.15454/e2vtrb/xsfsbu,Supplementary_data_Fig2.png,Recherche Data Gouv,Portail Data INRAE,https://data.inrae.fr/file.xhtml?persistentId=doi:10.15454/E2VTRB/XSFSBU,rdg.prod,2021,False,0,,,dataset_repo
10.15454/e2vtrb/y6l2oh,Supplementary_data_tables.pdf,Recherche Data Gouv,Portail Data INRAE,https://data.inrae.fr/file.xhtml?persistentId=doi:10.15454/E2VTRB/Y6L2OH,rdg.prod,2022,False,0,,,dataset_repo
10.15454/e2vtrb/y7nizu,Supplementary_data_Fig3.html,Recherche Data Gouv,Portail Data INRAE,https://data.inrae.fr/file.xhtml?persistentId=doi:10.15454/E2VTRB/Y7NIZU,rdg.prod,2021,False,0,,,dataset_repo
10.15454/e2vtrb/y8svk1,Supplementary_data_table1-7.pdf,Recherche Data Gouv,Portail Data INRAE,https://data.inrae.fr/file.xhtml?persistentId=doi:10.15454/E2VTRB/Y8SVK1,rdg.prod,2021,False,0,,,dataset_repo
10.15454/e2vtrb/zbvz28,Supplementary_data_annotation.txt,Recherche Data Gouv,Portail Data INRAE,https://data.inrae.fr/file.xhtml?persistentId=doi:10.15454/E2VTRB/ZBVZ28,rdg.prod,2021,False,0,,,dataset_repo
10.15454/eptdos,Transposable Elements prediction and annotation in the M. incognita genome,Recherche Data Gouv,Portail Data INRAE,https://data.inrae.fr/citation?persistentId=doi:10.15454/EPTDOS,rdg.prod,2020,False,0,,,dataset_repo
10.15454/eptdos/0sgosu,ambigous_annotations.bed,Recherche Data Gouv,Portail Data INRAE,https://data.inrae.fr/file.xhtml?persistentId=doi:10.15454/EPTDOS/0SGOSU,rdg.prod,2021,False,0,,,dataset_repo
10.15454/eptdos/4a0mim,draftAnnot.genomic_regions_covered_by_TE.bed,Recherche Data Gouv,Portail Data INRAE,https://data.inrae.fr/file.xhtml?persistentId=doi:10.15454/EPTDOS/4A0MIM,rdg.prod,2021,False,0,,,dataset_repo
10.15454/eptdos/4wq8li,REPETpostAnal-V1.0.5.py,Recherche Data Gouv,Portail Data INRAE,https://data.inrae.fr/file.xhtml?persistentId=doi:10.15454/EPTDOS/4WQ8LI,rdg.prod,2020,False,0,,,dataset_repo
10.15454/eptdos/5fpy9y,logs_REPETpostAnal-V1.0.5_minc_v3.TEannotation.19-07-19.txt,Recherche Data Gouv,Portail Data INRAE,https://data.inrae.fr/file.xhtml?persistentId=doi:10.15454/EPTDOS/5FPY9Y,rdg.prod,2020,False,0,,,dataset_repo
10.15454/eptdos/84yh08,draftAnnot.perCopyStats.txt,Recherche Data Gouv,Portail Data INRAE,https://data.inrae.fr/file.xhtml?persistentId=doi:10.15454/EPTDOS/84YH08,rdg.prod,2021,False,0,,,dataset_repo
10.15454/eptdos/9f2plb,draftAnnot.StatsTE.stats,Recherche Data Gouv,Portail Data INRAE,https://data.inrae.fr/file.xhtml?persistentId=doi:10.15454/EPTDOS/9F2PLB,rdg.prod,2021,False,0,,,dataset_repo
10.15454/eptdos/ajinwa,finalAnnot.genomic_regions_covered_by_TE.bed,Recherche Data Gouv,Portail Data INRAE,https://data.inrae.fr/file.xhtml?persistentId=doi:10.15454/EPTDOS/AJINWA,rdg.prod,2021,False,0,,,dataset_repo
10.15454/eptdos/bhj2v7,REPETpostAnal-V1.0.5.py,Recherche Data Gouv,Portail Data INRAE,https://data.inrae.fr/file.xhtml?persistentId=doi:10.15454/EPTDOS/BHJ2V7,rdg.prod,2021,False,0,,,dataset_repo
10.15454/eptdos/brsfhv,TE_prediction_and_annotation_Minc_v3_19-07-19.lastVersion.Rmd,Recherche Data Gouv,Portail Data INRAE,https://data.inrae.fr/file.xhtml?persistentId=doi:10.15454/EPTDOS/BRSFHV,rdg.prod,2020,False,0,,,dataset_repo
10.15454/eptdos/gyeeni,logs_REPETpostAnal-V1.0.5_minc_v3.TEannotation.19-07-19.txt,Recherche Data Gouv,Portail Data INRAE,https://data.inrae.fr/file.xhtml?persistentId=doi:10.15454/EPTDOS/GYEENI,rdg.prod,2021,False,0,,,dataset_repo
10.15454/eptdos/hhsujj,TEdenovo.cfg,Recherche Data Gouv,Portail Data INRAE,https://data.inrae.fr/file.xhtml?persistentId=doi:10.15454/EPTDOS/HHSUJJ,rdg.prod,2021,False,0,,,dataset_repo
10.15454/eptdos/hrvkiq,finalAnnot.StatsTE.stats,Recherche Data Gouv,Portail Data INRAE,https://data.inrae.fr/file.xhtml?persistentId=doi:10.15454/EPTDOS/HRVKIQ,rdg.prod,2021,False,0,,,dataset_repo
10.15454/eptdos/ippqmx,minc_v3_cleanedTEConsensusLibrary.19-07-19.fa,Recherche Data Gouv,Portail Data INRAE,https://data.inrae.fr/file.xhtml?persistentId=doi:10.15454/EPTDOS/IPPQMX,rdg.prod,2021,False,0,,,dataset_repo
10.15454/eptdos/j7lpwe,finalAnnot.perCopyStats.txt,Recherche Data Gouv,Portail Data INRAE,https://data.inrae.fr/file.xhtml?persistentId=doi:10.15454/EPTDOS/J7LPWE,rdg.prod,2020,False,0,,,dataset_repo
10.15454/eptdos/kmjiqe,TE_prediction_and_annotation_Minc_v3_19-07-19.lastVersion.Rmd,Recherche Data Gouv,Portail Data INRAE,https://data.inrae.fr/file.xhtml?persistentId=doi:10.15454/EPTDOS/KMJIQE,rdg.prod,2021,False,0,,,dataset_repo
10.15454/eptdos/m6abnq,finalAnnot.perCopyStats.txt,Recherche Data Gouv,Portail Data INRAE,https://data.inrae.fr/file.xhtml?persistentId=doi:10.15454/EPTDOS/M6ABNQ,rdg.prod,2021,False,0,,,dataset_repo
10.15454/eptdos/n2i3is,mincV3XA2_draftAnnot.19-07-19.sorted.gff3,Recherche Data Gouv,Portail Data INRAE,https://data.inrae.fr/file.xhtml?persistentId=doi:10.15454/EPTDOS/N2I3IS,rdg.prod,2020,False,0,,,dataset_repo
10.15454/eptdos/n63nss,minc_v3_cleanedTEConsensusLibrary.19-07-19.fa,Recherche Data Gouv,Portail Data INRAE,https://data.inrae.fr/file.xhtml?persistentId=doi:10.15454/EPTDOS/N63NSS,rdg.prod,2020,False,0,,,dataset_repo
10.15454/eptdos/nwek1z,readme.txt,Recherche Data Gouv,Portail Data INRAE,https://data.inrae.fr/file.xhtml?persistentId=doi:10.15454/EPTDOS/NWEK1Z,rdg.prod,2021,False,0,,,dataset_repo
10.15454/eptdos/olgpob,draftAnnot.perConsensusStats.txt,Recherche Data Gouv,Portail Data INRAE,https://data.inrae.fr/file.xhtml?persistentId=doi:10.15454/EPTDOS/OLGPOB,rdg.prod,2021,False,0,,,dataset_repo
10.15454/eptdos/oslf7a,give_genome_Nxx_and_Lxx.py,Recherche Data Gouv,Portail Data INRAE,https://data.inrae.fr/file.xhtml?persistentId=doi:10.15454/EPTDOS/OSLF7A,rdg.prod,2021,False,0,,,dataset_repo
10.15454/eptdos/re5dah,launch_that.txt,Recherche Data Gouv,Portail Data INRAE,https://data.inrae.fr/file.xhtml?persistentId=doi:10.15454/EPTDOS/RE5DAH,rdg.prod,2021,False,0,,,dataset_repo
10.15454/eptdos/rrf9ys,TEannot.cfg,Recherche Data Gouv,Portail Data INRAE,https://data.inrae.fr/file.xhtml?persistentId=doi:10.15454/EPTDOS/RRF9YS,rdg.prod,2020,False,0,,,dataset_repo
10.15454/eptdos/sctxgm,readme.txt,Recherche Data Gouv,Portail Data INRAE,https://data.inrae.fr/file.xhtml?persistentId=doi:10.15454/EPTDOS/SCTXGM,rdg.prod,2021,False,0,,,dataset_repo
10.15454/eptdos/snq1xy,draftAnnot.bed,Recherche Data Gouv,Portail Data INRAE,https://data.inrae.fr/file.xhtml?persistentId=doi:10.15454/EPTDOS/SNQ1XY,rdg.prod,2021,False,0,,,dataset_repo
10.15454/eptdos/sxn369,setEnv.sh,Recherche Data Gouv,Portail Data INRAE,https://data.inrae.fr/file.xhtml?persistentId=doi:10.15454/EPTDOS/SXN369,rdg.prod,2021,False,0,,,dataset_repo
10.15454/eptdos/t2tyup,finalAnnot.perConsensusStats.txt,Recherche Data Gouv,Portail Data INRAE,https://data.inrae.fr/file.xhtml?persistentId=doi:10.15454/EPTDOS/T2TYUP,rdg.prod,2021,False,0,,,dataset_repo
10.15454/eptdos/t9hpym,TEannot.cfg,Recherche Data Gouv,Portail Data INRAE,https://data.inrae.fr/file.xhtml?persistentId=doi:10.15454/EPTDOS/T9HPYM,rdg.prod,2021,False,0,,,dataset_repo
10.15454/eptdos/tgghcq,Meloidogyne_incognita_V3_20131230.fa.shortheaders.60ntPerLine,Recherche Data Gouv,Portail Data INRAE,https://data.inrae.fr/file.xhtml?persistentId=doi:10.15454/EPTDOS/TGGHCQ,rdg.prod,2021,False,0,,,dataset_repo
10.15454/eptdos/tnicap,finalAnnot.bed,Recherche Data Gouv,Portail Data INRAE,https://data.inrae.fr/file.xhtml?persistentId=doi:10.15454/EPTDOS/TNICAP,rdg.prod,2021,False,0,,,dataset_repo
10.15454/eptdos/v0mqrc,finalAnnot.perConsensusStats.txt,Recherche Data Gouv,Portail Data INRAE,https://data.inrae.fr/file.xhtml?persistentId=doi:10.15454/EPTDOS/V0MQRC,rdg.prod,2020,False,0,,,dataset_repo
10.15454/eptdos/xjufkj,REPETpostAnal-V1.0.4.py,Recherche Data Gouv,Portail Data INRAE,https://data.inrae.fr/file.xhtml?persistentId=doi:10.15454/EPTDOS/XJUFKJ,rdg.prod,2020,False,0,,,dataset_repo
10.15454/eptdos/yd5tyc,TEdenovo.cfg,Recherche Data Gouv,Portail Data INRAE,https://data.inrae.fr/file.xhtml?persistentId=doi:10.15454/EPTDOS/YD5TYC,rdg.prod,2020,False,0,,,dataset_repo
10.15454/eptdos/ypcvf1,genome_chr_length.bed,Recherche Data Gouv,Portail Data INRAE,https://data.inrae.fr/file.xhtml?persistentId=doi:10.15454/EPTDOS/YPCVF1,rdg.prod,2021,False,0,,,dataset_repo
10.15454/eptdos/z78mnd,minc_v3.TEannotation.19-07-19.filtered.classiffiedOnly.minLen250.minId85.minConsCov33.blastVsCons.noOverlap.bed,Recherche Data Gouv,Portail Data INRAE,https://data.inrae.fr/file.xhtml?persistentId=doi:10.15454/EPTDOS/Z78MND,rdg.prod,2021,False,0,,,dataset_repo
10.15454/eptdos/zaazhn,mincV3XA2_draftAnnot.19-07-19.sorted.gff3,Recherche Data Gouv,Portail Data INRAE,https://data.inrae.fr/file.xhtml?persistentId=doi:10.15454/EPTDOS/ZAAZHN,rdg.prod,2021,False,0,,,dataset_repo
10.15454/eptdos/zbqxmp,minc_v3.TEannotations.19-07-19.filtered_classiffiedOnly.minLen250.minId85.minConsCov33.blastVsCons.noOverlap.bed,Recherche Data Gouv,Portail Data INRAE,https://data.inrae.fr/file.xhtml?persistentId=doi:10.15454/EPTDOS/ZBQXMP,rdg.prod,2020,False,0,,,dataset_repo
10.15454/ewjct8,TE polymorphisms detection and analysis,Recherche Data Gouv,Portail Data INRAE,https://data.inrae.fr/citation?persistentId=doi:10.15454/EWJCT8,rdg.prod,2020,False,0,,,dataset_repo
10.15454/ewjct8/0jkv4x,TEbasedTree.morelosAndBrasilianIsolates.NJ.1000bootstraps.nwk,Recherche Data Gouv,Portail Data INRAE,https://data.inrae.fr/file.xhtml?persistentId=doi:10.15454/EWJCT8/0JKV4X,rdg.prod,2021,False,0,,,dataset_repo
10.15454/ewjct8/1zyz3r,Fig4_tree.pdf,Recherche Data Gouv,Portail Data INRAE,https://data.inrae.fr/file.xhtml?persistentId=doi:10.15454/EWJCT8/1ZYZ3R,rdg.prod,2021,False,0,,,dataset_repo
10.15454/ewjct8/3evle7,PolyCatPerOrder.tsv,Recherche Data Gouv,Portail Data INRAE,https://data.inrae.fr/file.xhtml?persistentId=doi:10.15454/EWJCT8/3EVLE7,rdg.prod,2021,False,0,,,dataset_repo
10.15454/ewjct8/3wdfa9,morelosAndIsolates.FR.poly.filtered.heterogeneous_intersecting_genes.tsv,Recherche Data Gouv,Portail Data INRAE,https://data.inrae.fr/file.xhtml?persistentId=doi:10.15454/EWJCT8/3WDFA9,rdg.prod,2021,False,0,,,dataset_repo
10.15454/ewjct8/4ejnet,mincognita_TE-annotaion_filtered_no-class-1-or-2.bed,Recherche Data Gouv,Portail Data INRAE,https://data.inrae.fr/file.xhtml?persistentId=doi:10.15454/EWJCT8/4EJNET,rdg.prod,2021,False,0,,,dataset_repo
10.15454/ewjct8/4yslca,Fig5_poly_types.pdf,Recherche Data Gouv,Portail Data INRAE,https://data.inrae.fr/file.xhtml?persistentId=doi:10.15454/EWJCT8/4YSLCA,rdg.prod,2021,False,0,,,dataset_repo
10.15454/ewjct8/5avwbp,supp_Fig_freq_tree_withBranchLength.pdf,Recherche Data Gouv,Portail Data INRAE,https://data.inrae.fr/file.xhtml?persistentId=doi:10.15454/EWJCT8/5AVWBP,rdg.prod,2021,False,0,,,dataset_repo
10.15454/ewjct8/5gfi3a,Fig6_poly_count.pdf,Recherche Data Gouv,Portail Data INRAE,https://data.inrae.fr/file.xhtml?persistentId=doi:10.15454/EWJCT8/5GFI3A,rdg.prod,2021,False,0,,,dataset_repo
10.15454/ewjct8/5jovhv,closest_genes_but_not_overlapping.morelosAndIsolates.FR.poly.filtered.highlyContrasted.distInf1kb.tsv,Recherche Data Gouv,Portail Data INRAE,https://data.inrae.fr/file.xhtml?persistentId=doi:10.15454/EWJCT8/5JOVHV,rdg.prod,2021,False,0,,,dataset_repo
10.15454/ewjct8/5qy9tf,analysis.subsampled15X.teinsertions,Recherche Data Gouv,Portail Data INRAE,https://data.inrae.fr/file.xhtml?persistentId=doi:10.15454/EWJCT8/5QY9TF,rdg.prod,2021,False,0,,,dataset_repo
10.15454/ewjct8/5rpn9o,supp_Fig_pipeline.pptx,Recherche Data Gouv,Portail Data INRAE,https://data.inrae.fr/file.xhtml?persistentId=doi:10.15454/EWJCT8/5RPN9O,rdg.prod,2021,False,0,,,dataset_repo
10.15454/ewjct8/6rbep8,TEs_with_genes_inside.more95pctOfGeneSize.genesWithAtLeastOneTErelatedDomain.tab,Recherche Data Gouv,Portail Data INRAE,https://data.inrae.fr/file.xhtml?persistentId=doi:10.15454/EWJCT8/6RBEP8,rdg.prod,2021,False,0,,,dataset_repo
10.15454/ewjct8/7fgkrk,supp_Table_draft_annot_Celegans.tab,Recherche Data Gouv,Portail Data INRAE,https://data.inrae.fr/file.xhtml?persistentId=doi:10.15454/EWJCT8/7FGKRK,rdg.prod,2021,False,0,,,dataset_repo
10.15454/ewjct8/7hhgxp,readme.txt,Recherche Data Gouv,Portail Data INRAE,https://data.inrae.fr/file.xhtml?persistentId=doi:10.15454/EWJCT8/7HHGXP,rdg.prod,2021,False,0,,,dataset_repo
10.15454/ewjct8/7kdfhu,g986.png,Recherche Data Gouv,Portail Data INRAE,https://data.inrae.fr/file.xhtml?persistentId=doi:10.15454/EWJCT8/7KDFHU,rdg.prod,2021,False,0,,,dataset_repo
10.15454/ewjct8/8gmzno,intersect_for_chara.morelosAndIsolates.FR.poly.extra_detections_AND_minc_v3_draftAnnot.19-07-19.sorted.intersect,Recherche Data Gouv,Portail Data INRAE,https://data.inrae.fr/file.xhtml?persistentId=doi:10.15454/EWJCT8/8GMZNO,rdg.prod,2021,False,0,,,dataset_repo
10.15454/ewjct8/8sdqjp,finalAnnot.perConsensusStats.txt,Recherche Data Gouv,Portail Data INRAE,https://data.inrae.fr/file.xhtml?persistentId=doi:10.15454/EWJCT8/8SDQJP,rdg.prod,2021,False,0,,,dataset_repo
10.15454/ewjct8/9n2sex,morelosAndIsolates.FR.poly.filtered.bed_intersecting_genes.tsv,Recherche Data Gouv,Portail Data INRAE,https://data.inrae.fr/file.xhtml?persistentId=doi:10.15454/EWJCT8/9N2SEX,rdg.prod,2021,False,0,,,dataset_repo
10.15454/ewjct8/9utplg,closest_genes_but_not_overlapping.morelosAndIsolates.FR.poly.filtered.bed.distInf1kb.tsv,Recherche Data Gouv,Portail Data INRAE,https://data.inrae.fr/file.xhtml?persistentId=doi:10.15454/EWJCT8/9UTPLG,rdg.prod,2021,False,0,,,dataset_repo
10.15454/ewjct8/agswi4,genesWithBothTypesOfDomains.minc_v3.txt,Recherche Data Gouv,Portail Data INRAE,https://data.inrae.fr/file.xhtml?persistentId=doi:10.15454/EWJCT8/AGSWI4,rdg.prod,2021,False,0,,,dataset_repo
10.15454/ewjct8/alymds,celegans.TEannotation.10-01-20.defragmentedDraftAnnot.bed,Recherche Data Gouv,Portail Data INRAE,https://data.inrae.fr/file.xhtml?persistentId=doi:10.15454/EWJCT8/ALYMDS,rdg.prod,2021,False,0,,,dataset_repo
10.15454/ewjct8/axbvjq,draft_Fig1_canonical_TE_distribution.pdf,Recherche Data Gouv,Portail Data INRAE,https://data.inrae.fr/file.xhtml?persistentId=doi:10.15454/EWJCT8/AXBVJQ,rdg.prod,2021,False,0,,,dataset_repo
10.15454/ewjct8/bbu1oy,closest_genes_but_not_overlapping.morelosAndIsolates.FR.poly.filtered.heterogeneous.distInf1kb.tsv,Recherche Data Gouv,Portail Data INRAE,https://data.inrae.fr/file.xhtml?persistentId=doi:10.15454/EWJCT8/BBU1OY,rdg.prod,2021,False,0,,,dataset_repo
10.15454/ewjct8/biequg,celegans.TEannotation.10-01-20.filtered.classiffiedOnly.minLen250.minId85.minConsCov33.blastVsCons.noOverlap.bed,Recherche Data Gouv,Portail Data INRAE,https://data.inrae.fr/file.xhtml?persistentId=doi:10.15454/EWJCT8/BIEQUG,rdg.prod,2021,False,0,,,dataset_repo
10.15454/ewjct8/bkg4o3,genes_potentially_impacted_by_HCPTEs.expressionLevels.substentiallyExpressed.tab,Recherche Data Gouv,Portail Data INRAE,https://data.inrae.fr/file.xhtml?persistentId=doi:10.15454/EWJCT8/BKG4O3,rdg.prod,2021,False,0,,,dataset_repo
10.15454/ewjct8/btqx4q,supp_Table_canonical_annot_celegans.tab,Recherche Data Gouv,Portail Data INRAE,https://data.inrae.fr/file.xhtml?persistentId=doi:10.15454/EWJCT8/BTQX4Q,rdg.prod,2021,False,0,,,dataset_repo
10.15454/ewjct8/bw4x31,draft_SNP_tree_WO_branchLength.svg,Recherche Data Gouv,Portail Data INRAE,https://data.inrae.fr/file.xhtml?persistentId=doi:10.15454/EWJCT8/BW4X31,rdg.prod,2021,False,0,,,dataset_repo
10.15454/ewjct8/bynttq,readme.txt,Recherche Data Gouv,Portail Data INRAE,https://data.inrae.fr/file.xhtml?persistentId=doi:10.15454/EWJCT8/BYNTTQ,rdg.prod,2021,False,0,,,dataset_repo
10.15454/ewjct8/dafej2,fig_8_insertion.pptx,Recherche Data Gouv,Portail Data INRAE,https://data.inrae.fr/file.xhtml?persistentId=doi:10.15454/EWJCT8/DAFEJ2,rdg.prod,2021,False,0,,,dataset_repo
10.15454/ewjct8/damt0r,supp_Fig_decision_tree.pdf,Recherche Data Gouv,Portail Data INRAE,https://data.inrae.fr/file.xhtml?persistentId=doi:10.15454/EWJCT8/DAMT0R,rdg.prod,2021,False,0,,,dataset_repo
10.15454/ewjct8/dihjkh,median_FPKM.txt,Recherche Data Gouv,Portail Data INRAE,https://data.inrae.fr/file.xhtml?persistentId=doi:10.15454/EWJCT8/DIHJKH,rdg.prod,2021,False,0,,,dataset_repo
10.15454/ewjct8/dkjdep,genesWithoutTErelatedDomains.minc_v3.txt,Recherche Data Gouv,Portail Data INRAE,https://data.inrae.fr/file.xhtml?persistentId=doi:10.15454/EWJCT8/DKJDEP,rdg.prod,2021,False,0,,,dataset_repo
10.15454/ewjct8/dmb5mg,Extra-detection_not_intersecting_draft-annot.tab,Recherche Data Gouv,Portail Data INRAE,https://data.inrae.fr/file.xhtml?persistentId=doi:10.15454/EWJCT8/DMB5MG,rdg.prod,2021,False,0,,,dataset_repo
10.15454/ewjct8/ee3ytx,TE_polymorphism_workflow.Rmd,Recherche Data Gouv,Portail Data INRAE,https://data.inrae.fr/file.xhtml?persistentId=doi:10.15454/EWJCT8/EE3YTX,rdg.prod,2020,False,0,,,dataset_repo
10.15454/ewjct8/eid7jn,Fig4_tree.svg,Recherche Data Gouv,Portail Data INRAE,https://data.inrae.fr/file.xhtml?persistentId=doi:10.15454/EWJCT8/EID7JN,rdg.prod,2021,False,0,,,dataset_repo
10.15454/ewjct8/ekrvhs,morelosAndIsolates.FR.bed,Recherche Data Gouv,Portail Data INRAE,https://data.inrae.fr/file.xhtml?persistentId=doi:10.15454/EWJCT8/EKRVHS,rdg.prod,2021,False,0,,,dataset_repo
10.15454/ewjct8/f2s3dp,minc_v3.TEannotation.19-07-19.filtered.classiffiedOnly.minLen250.minId85.minConsCov33.blastVsCons.noOverlap.bed,Recherche Data Gouv,Portail Data INRAE,https://data.inrae.fr/file.xhtml?persistentId=doi:10.15454/EWJCT8/F2S3DP,rdg.prod,2021,False,0,,,dataset_repo
10.15454/ewjct8/f3qqyt,Meloidogyne_incognita_V3_20131230.fa.shortheaders.60ntPerLine,Recherche Data Gouv,Portail Data INRAE,https://data.inrae.fr/file.xhtml?persistentId=doi:10.15454/EWJCT8/F3QQYT,rdg.prod,2021,False,0,,,dataset_repo
10.15454/ewjct8/ffcsgd,minc_v3.TEannotation.19-07-19.defragmentedDraftAnnot.bed,Recherche Data Gouv,Portail Data INRAE,https://data.inrae.fr/file.xhtml?persistentId=doi:10.15454/EWJCT8/FFCSGD,rdg.prod,2021,False,0,,,dataset_repo
10.15454/ewjct8/fkozdt,draft_tree.svg,Recherche Data Gouv,Portail Data INRAE,https://data.inrae.fr/file.xhtml?persistentId=doi:10.15454/EWJCT8/FKOZDT,rdg.prod,2021,False,0,,,dataset_repo
10.15454/ewjct8/gbbcwo,supp_Fig_chiSqResiduals.pdf,Recherche Data Gouv,Portail Data INRAE,https://data.inrae.fr/file.xhtml?persistentId=doi:10.15454/EWJCT8/GBBCWO,rdg.prod,2021,False,0,,,dataset_repo
10.15454/ewjct8/gdk3mf,analysis.subsampled15X.teinsertions,Recherche Data Gouv,Portail Data INRAE,https://data.inrae.fr/file.xhtml?persistentId=doi:10.15454/EWJCT8/GDK3MF,rdg.prod,2020,False,0,,,dataset_repo
10.15454/ewjct8/gezyek,finalAnnot.perCopyStats.txt,Recherche Data Gouv,Portail Data INRAE,https://data.inrae.fr/file.xhtml?persistentId=doi:10.15454/EWJCT8/GEZYEK,rdg.prod,2021,False,0,,,dataset_repo
10.15454/ewjct8/gil23b,readme.txt,Recherche Data Gouv,Portail Data INRAE,https://data.inrae.fr/file.xhtml?persistentId=doi:10.15454/EWJCT8/GIL23B,rdg.prod,2021,False,0,,,dataset_repo
10.15454/ewjct8/gkszfe,supp_Fig_freq_tree_withBranchLength.svg,Recherche Data Gouv,Portail Data INRAE,https://data.inrae.fr/file.xhtml?persistentId=doi:10.15454/EWJCT8/GKSZFE,rdg.prod,2021,False,0,,,dataset_repo
10.15454/ewjct8/h4pqzo,supp_Fig_SNP_tree_withBranchLength.pdf,Recherche Data Gouv,Portail Data INRAE,https://data.inrae.fr/file.xhtml?persistentId=doi:10.15454/EWJCT8/H4PQZO,rdg.prod,2021,False,0,,,dataset_repo
10.15454/ewjct8/hehxex,TE_polymorphism_across_Mincognita_isolates_global_workflow.Rmd,Recherche Data Gouv,Portail Data INRAE,https://data.inrae.fr/file.xhtml?persistentId=doi:10.15454/EWJCT8/HEHXEX,rdg.prod,2021,False,0,,,dataset_repo
10.15454/ewjct8/ia7nbs,morelosAndIsolates.FR.poly.filtered.heterogeneous.bed,Recherche Data Gouv,Portail Data INRAE,https://data.inrae.fr/file.xhtml?persistentId=doi:10.15454/EWJCT8/IA7NBS,rdg.prod,2021,False,0,,,dataset_repo
10.15454/ewjct8/ilrylx,supp_Table_draft_annot_mincognita.tab,Recherche Data Gouv,Portail Data INRAE,https://data.inrae.fr/file.xhtml?persistentId=doi:10.15454/EWJCT8/ILRYLX,rdg.prod,2021,False,0,,,dataset_repo
10.15454/ewjct8/j8ntiw,Fig2_copies_identity_distribution.svg,Recherche Data Gouv,Portail Data INRAE,https://data.inrae.fr/file.xhtml?persistentId=doi:10.15454/EWJCT8/J8NTIW,rdg.prod,2021,False,0,,,dataset_repo
10.15454/ewjct8/juhqop,minc_v3.genes.sorted.bed,Recherche Data Gouv,Portail Data INRAE,https://data.inrae.fr/file.xhtml?persistentId=doi:10.15454/EWJCT8/JUHQOP,rdg.prod,2021,False,0,,,dataset_repo
10.15454/ewjct8/jvots1,supp_Fig_TE_distribution_celegans.pdf,Recherche Data Gouv,Portail Data INRAE,https://data.inrae.fr/file.xhtml?persistentId=doi:10.15454/EWJCT8/JVOTS1,rdg.prod,2021,False,0,,,dataset_repo
10.15454/ewjct8/kaahsj,supp_Fig_copies_length_distribution.pdf,Recherche Data Gouv,Portail Data INRAE,https://data.inrae.fr/file.xhtml?persistentId=doi:10.15454/EWJCT8/KAAHSJ,rdg.prod,2021,False,0,,,dataset_repo
10.15454/ewjct8/kaw6dp,TEs_with_genes_inside.more95pctOfGeneSize.tab,Recherche Data Gouv,Portail Data INRAE,https://data.inrae.fr/file.xhtml?persistentId=doi:10.15454/EWJCT8/KAW6DP,rdg.prod,2021,False,0,,,dataset_repo
10.15454/ewjct8/kf0ot2,Fig7_upset_HCPTEs.svg,Recherche Data Gouv,Portail Data INRAE,https://data.inrae.fr/file.xhtml?persistentId=doi:10.15454/EWJCT8/KF0OT2,rdg.prod,2021,False,0,,,dataset_repo
10.15454/ewjct8/kqt23f,finalAnnot.perConsensusStats.txt,Recherche Data Gouv,Portail Data INRAE,https://data.inrae.fr/file.xhtml?persistentId=doi:10.15454/EWJCT8/KQT23F,rdg.prod,2021,False,0,,,dataset_repo
10.15454/ewjct8/kts7ck,finalAnnot.perCopyStats.txt,Recherche Data Gouv,Portail Data INRAE,https://data.inrae.fr/file.xhtml?persistentId=doi:10.15454/EWJCT8/KTS7CK,rdg.prod,2021,False,0,,,dataset_repo
10.15454/ewjct8/lbfdev,draft_freq_tree_WO_branchLength.svg,Recherche Data Gouv,Portail Data INRAE,https://data.inrae.fr/file.xhtml?persistentId=doi:10.15454/EWJCT8/LBFDEV,rdg.prod,2021,False,0,,,dataset_repo
10.15454/ewjct8/ldn1gu,TEs_wit_expressed_transposition_machinery.tab,Recherche Data Gouv,Portail Data INRAE,https://data.inrae.fr/file.xhtml?persistentId=doi:10.15454/EWJCT8/LDN1GU,rdg.prod,2021,False,0,,,dataset_repo
10.15454/ewjct8/lrbvsk,Fig3_TE_frequency_distribution.svg,Recherche Data Gouv,Portail Data INRAE,https://data.inrae.fr/file.xhtml?persistentId=doi:10.15454/EWJCT8/LRBVSK,rdg.prod,2021,False,0,,,dataset_repo
10.15454/ewjct8/m223jj,non-polymorphic-ref-annotations.tab,Recherche Data Gouv,Portail Data INRAE,https://data.inrae.fr/file.xhtml?persistentId=doi:10.15454/EWJCT8/M223JJ,rdg.prod,2021,False,0,,,dataset_repo
10.15454/ewjct8/mclfnl,genesWithOnlyTErelatedDomains.minc_v3.txt,Recherche Data Gouv,Portail Data INRAE,https://data.inrae.fr/file.xhtml?persistentId=doi:10.15454/EWJCT8/MCLFNL,rdg.prod,2021,False,0,,,dataset_repo
10.15454/ewjct8/mlg7ul,supp_Fig_TE_distribution_celegans.svg,Recherche Data Gouv,Portail Data INRAE,https://data.inrae.fr/file.xhtml?persistentId=doi:10.15454/EWJCT8/MLG7UL,rdg.prod,2021,False,0,,,dataset_repo
10.15454/ewjct8/mvgxv5,draft_Fig7_upset_HCPTEs.pdf,Recherche Data Gouv,Portail Data INRAE,https://data.inrae.fr/file.xhtml?persistentId=doi:10.15454/EWJCT8/MVGXV5,rdg.prod,2021,False,0,,,dataset_repo
10.15454/ewjct8/ocm6on,draft_supp_Fig_copies_length_distribution.pdf,Recherche Data Gouv,Portail Data INRAE,https://data.inrae.fr/file.xhtml?persistentId=doi:10.15454/EWJCT8/OCM6ON,rdg.prod,2021,False,0,,,dataset_repo
10.15454/ewjct8/ocno1j,finalAnnot.StatsTE.stats,Recherche Data Gouv,Portail Data INRAE,https://data.inrae.fr/file.xhtml?persistentId=doi:10.15454/EWJCT8/OCNO1J,rdg.prod,2021,False,0,,,dataset_repo
10.15454/ewjct8/ohkxtq,draft_Fig6_poly_count.pdf,Recherche Data Gouv,Portail Data INRAE,https://data.inrae.fr/file.xhtml?persistentId=doi:10.15454/EWJCT8/OHKXTQ,rdg.prod,2021,False,0,,,dataset_repo
10.15454/ewjct8/opnupn,chiSqResiduals.pdf,Recherche Data Gouv,Portail Data INRAE,https://data.inrae.fr/file.xhtml?persistentId=doi:10.15454/EWJCT8/OPNUPN,rdg.prod,2021,False,0,,,dataset_repo
10.15454/ewjct8/oxe42m,supp_Fig_copies_length_distribution.svg,Recherche Data Gouv,Portail Data INRAE,https://data.inrae.fr/file.xhtml?persistentId=doi:10.15454/EWJCT8/OXE42M,rdg.prod,2021,False,0,,,dataset_repo
10.15454/ewjct8/pe8e8w,morelosAndIsolates.FR.poly.filtered.highlyContrasted.bed,Recherche Data Gouv,Portail Data INRAE,https://data.inrae.fr/file.xhtml?persistentId=doi:10.15454/EWJCT8/PE8E8W,rdg.prod,2021,False,0,,,dataset_repo
10.15454/ewjct8/pgr5el,finalAnnot.StatsTE.stats,Recherche Data Gouv,Portail Data INRAE,https://data.inrae.fr/file.xhtml?persistentId=doi:10.15454/EWJCT8/PGR5EL,rdg.prod,2021,False,0,,,dataset_repo
10.15454/ewjct8/pinlvu,Fig5_poly_types.pptx,Recherche Data Gouv,Portail Data INRAE,https://data.inrae.fr/file.xhtml?persistentId=doi:10.15454/EWJCT8/PINLVU,rdg.prod,2021,False,0,,,dataset_repo
10.15454/ewjct8/plhztp,supp_Fig_decision_tree.pptx,Recherche Data Gouv,Portail Data INRAE,https://data.inrae.fr/file.xhtml?persistentId=doi:10.15454/EWJCT8/PLHZTP,rdg.prod,2021,False,0,,,dataset_repo
10.15454/ewjct8/pqgcii,supp_Fig_SNP_tree_withBranchLength.svg,Recherche Data Gouv,Portail Data INRAE,https://data.inrae.fr/file.xhtml?persistentId=doi:10.15454/EWJCT8/PQGCII,rdg.prod,2021,False,0,,,dataset_repo
10.15454/ewjct8/pzedsm,Fig2_copies_identity_distribution.pdf,Recherche Data Gouv,Portail Data INRAE,https://data.inrae.fr/file.xhtml?persistentId=doi:10.15454/EWJCT8/PZEDSM,rdg.prod,2021,False,0,,,dataset_repo
10.15454/ewjct8/q1ti6k,minc_v3.genes.sorted.expressionLevels.tab,Recherche Data Gouv,Portail Data INRAE,https://data.inrae.fr/file.xhtml?persistentId=doi:10.15454/EWJCT8/Q1TI6K,rdg.prod,2021,False,0,,,dataset_repo
10.15454/ewjct8/qkuq7c,draft_SNP_tree_withBranchLength.svg,Recherche Data Gouv,Portail Data INRAE,https://data.inrae.fr/file.xhtml?persistentId=doi:10.15454/EWJCT8/QKUQ7C,rdg.prod,2021,False,0,,,dataset_repo
10.15454/ewjct8/qob1yc,for_chara.morelosAndIsolates.FR.poly.extra_detections.bed,Recherche Data Gouv,Portail Data INRAE,https://data.inrae.fr/file.xhtml?persistentId=doi:10.15454/EWJCT8/QOB1YC,rdg.prod,2021,False,0,,,dataset_repo
10.15454/ewjct8/qperh4,lst_genes_potentially_impacted_by_HCPTEs.txt,Recherche Data Gouv,Portail Data INRAE,https://data.inrae.fr/file.xhtml?persistentId=doi:10.15454/EWJCT8/QPERH4,rdg.prod,2021,False,0,,,dataset_repo
10.15454/ewjct8/qqpixn,Fig_identity_f_coverage.withCorTes.svg,Recherche Data Gouv,Portail Data INRAE,https://data.inrae.fr/file.xhtml?persistentId=doi:10.15454/EWJCT8/QQPIXN,rdg.prod,2021,False,0,,,dataset_repo
10.15454/ewjct8/qqtphn,draft_supp_Fig1_TE_distribution_celegans.pdf,Recherche Data Gouv,Portail Data INRAE,https://data.inrae.fr/file.xhtml?persistentId=doi:10.15454/EWJCT8/QQTPHN,rdg.prod,2021,False,0,,,dataset_repo
10.15454/ewjct8/qvsw9m,PopolationTE2_analysis.Rmd,Recherche Data Gouv,Portail Data INRAE,https://data.inrae.fr/file.xhtml?persistentId=doi:10.15454/EWJCT8/QVSW9M,rdg.prod,2020,False,0,,,dataset_repo
10.15454/ewjct8/qwrfh1,morelosAndIsolates.FR.poly.filtered.bed,Recherche Data Gouv,Portail Data INRAE,https://data.inrae.fr/file.xhtml?persistentId=doi:10.15454/EWJCT8/QWRFH1,rdg.prod,2021,False,0,,,dataset_repo
10.15454/ewjct8/qz3h4v,draft_Fig_identity_f_coverage.pdf,Recherche Data Gouv,Portail Data INRAE,https://data.inrae.fr/file.xhtml?persistentId=doi:10.15454/EWJCT8/QZ3H4V,rdg.prod,2021,False,0,,,dataset_repo
10.15454/ewjct8/r3a5hn,genes_with_TE_related_domains.txt,Recherche Data Gouv,Portail Data INRAE,https://data.inrae.fr/file.xhtml?persistentId=doi:10.15454/EWJCT8/R3A5HN,rdg.prod,2021,False,0,,,dataset_repo
10.15454/ewjct8/riqcfe,Fig3_TE_frequency_distribution.pdf,Recherche Data Gouv,Portail Data INRAE,https://data.inrae.fr/file.xhtml?persistentId=doi:10.15454/EWJCT8/RIQCFE,rdg.prod,2021,False,0,,,dataset_repo
10.15454/ewjct8/s3uwxa,minc_v3.TEannotation.19-07-19.filtered.classiffiedOnly.minLen250.minId85.minConsCov33.blastVsCons.noOverlap.bed,Recherche Data Gouv,Portail Data INRAE,https://data.inrae.fr/file.xhtml?persistentId=doi:10.15454/EWJCT8/S3UWXA,rdg.prod,2021,False,0,,,dataset_repo
10.15454/ewjct8/s5drvm,finalAnnot.StatsTE.stats,Recherche Data Gouv,Portail Data INRAE,https://data.inrae.fr/file.xhtml?persistentId=doi:10.15454/EWJCT8/S5DRVM,rdg.prod,2021,False,0,,,dataset_repo
10.15454/ewjct8/si38b1,Table1_genome_proportion.tab,Recherche Data Gouv,Portail Data INRAE,https://data.inrae.fr/file.xhtml?persistentId=doi:10.15454/EWJCT8/SI38B1,rdg.prod,2021,False,0,,,dataset_repo
10.15454/ewjct8/twevid,Fig_identity_f_coverage.withCorTes.pdf,Recherche Data Gouv,Portail Data INRAE,https://data.inrae.fr/file.xhtml?persistentId=doi:10.15454/EWJCT8/TWEVID,rdg.prod,2021,False,0,,,dataset_repo
10.15454/ewjct8/ty0qrw,draft_freq_tree_withBranchLength.svg,Recherche Data Gouv,Portail Data INRAE,https://data.inrae.fr/file.xhtml?persistentId=doi:10.15454/EWJCT8/TY0QRW,rdg.prod,2021,False,0,,,dataset_repo
10.15454/ewjct8/tycsuq,empty_file.txt,Recherche Data Gouv,Portail Data INRAE,https://data.inrae.fr/file.xhtml?persistentId=doi:10.15454/EWJCT8/TYCSUQ,rdg.prod,2021,False,0,,,dataset_repo
10.15454/ewjct8/tyyhfh,TE_polymorphism_across_Mincognita_isolates_global_workflow.Rmd,Recherche Data Gouv,Portail Data INRAE,https://data.inrae.fr/file.xhtml?persistentId=doi:10.15454/EWJCT8/TYYHFH,rdg.prod,2020,False,0,,,dataset_repo
10.15454/ewjct8/uj8r9v,supp_Fig_pipeline.pdf,Recherche Data Gouv,Portail Data INRAE,https://data.inrae.fr/file.xhtml?persistentId=doi:10.15454/EWJCT8/UJ8R9V,rdg.prod,2021,False,0,,,dataset_repo
10.15454/ewjct8/uosyvq,Fig7_upset_HCPTEs.pdf,Recherche Data Gouv,Portail Data INRAE,https://data.inrae.fr/file.xhtml?persistentId=doi:10.15454/EWJCT8/UOSYVQ,rdg.prod,2021,False,0,,,dataset_repo
10.15454/ewjct8/uzd5o5,Fig1_canonical_TE_distribution.svg,Recherche Data Gouv,Portail Data INRAE,https://data.inrae.fr/file.xhtml?persistentId=doi:10.15454/EWJCT8/UZD5O5,rdg.prod,2021,False,0,,,dataset_repo
10.15454/ewjct8/wtmc9m,morelosAndIsolates.FR.poly.refPolymorphismAndMissmatch.bed,Recherche Data Gouv,Portail Data INRAE,https://data.inrae.fr/file.xhtml?persistentId=doi:10.15454/EWJCT8/WTMC9M,rdg.prod,2021,False,0,,,dataset_repo
10.15454/ewjct8/wy9sl8,draft_Fig3_TE_frequency_distribution.pdf,Recherche Data Gouv,Portail Data INRAE,https://data.inrae.fr/file.xhtml?persistentId=doi:10.15454/EWJCT8/WY9SL8,rdg.prod,2021,False,0,,,dataset_repo
10.15454/ewjct8/xs0fof,draft_Fig_identity_f_coverage.withCorTes.pdf,Recherche Data Gouv,Portail Data INRAE,https://data.inrae.fr/file.xhtml?persistentId=doi:10.15454/EWJCT8/XS0FOF,rdg.prod,2021,False,0,,,dataset_repo
10.15454/ewjct8/xsameg,supp_Fig_chiSqResiduals.svg,Recherche Data Gouv,Portail Data INRAE,https://data.inrae.fr/file.xhtml?persistentId=doi:10.15454/EWJCT8/XSAMEG,rdg.prod,2021,False,0,,,dataset_repo
10.15454/ewjct8/y1d8wl,snp_matrix.fasta.variable_sites.fasta.raxml.support,Recherche Data Gouv,Portail Data INRAE,https://data.inrae.fr/file.xhtml?persistentId=doi:10.15454/EWJCT8/Y1D8WL,rdg.prod,2021,False,0,,,dataset_repo
10.15454/ewjct8/yasirl,draft_Fig2_copies_identity_distribution.pdf,Recherche Data Gouv,Portail Data INRAE,https://data.inrae.fr/file.xhtml?persistentId=doi:10.15454/EWJCT8/YASIRL,rdg.prod,2021,False,0,,,dataset_repo
10.15454/ewjct8/ytkwpm,morelosAndIsolates.FR.poly.filtered.highlyContrasted_intersecting_genes.tsv,Recherche Data Gouv,Portail Data INRAE,https://data.inrae.fr/file.xhtml?persistentId=doi:10.15454/EWJCT8/YTKWPM,rdg.prod,2021,False,0,,,dataset_repo
10.15454/ewjct8/yyfa1y,PopolationTE2_analysis.Rmd,Recherche Data Gouv,Portail Data INRAE,https://data.inrae.fr/file.xhtml?persistentId=doi:10.15454/EWJCT8/YYFA1Y,rdg.prod,2021,False,0,,,dataset_repo
10.15454/ewjct8/z39hg8,create_tehier_file_V-09-08-19.py,Recherche Data Gouv,Portail Data INRAE,https://data.inrae.fr/file.xhtml?persistentId=doi:10.15454/EWJCT8/Z39HG8,rdg.prod,2021,False,0,,,dataset_repo
10.15454/ewjct8/z9pxay,Fig6_poly_count.svg,Recherche Data Gouv,Portail Data INRAE,https://data.inrae.fr/file.xhtml?persistentId=doi:10.15454/EWJCT8/Z9PXAY,rdg.prod,2021,False,0,,,dataset_repo
10.15454/ewjct8/zm6gtz,Fig1_canonical_TE_distribution.pdf,Recherche Data Gouv,Portail Data INRAE,https://data.inrae.fr/file.xhtml?persistentId=doi:10.15454/EWJCT8/ZM6GTZ,rdg.prod,2021,False,0,,,dataset_repo
10.15454/ewjct8/zung1p,minc_v3.genes.sorted.expressionLevels.substentiallyExpressed.tab,Recherche Data Gouv,Portail Data INRAE,https://data.inrae.fr/file.xhtml?persistentId=doi:10.15454/EWJCT8/ZUNG1P,rdg.prod,2021,False,0,,,dataset_repo
10.15454/lqciw0,Transposable Elements prediction and annotation in the C. elegans genome,Recherche Data Gouv,Portail Data INRAE,https://data.inrae.fr/citation?persistentId=doi:10.15454/LQCIW0,rdg.prod,2020,False,0,,,dataset_repo
10.15454/lqciw0/1h2ab7,draftAnnot.StatsTE.stats,Recherche Data Gouv,Portail Data INRAE,https://data.inrae.fr/file.xhtml?persistentId=doi:10.15454/LQCIW0/1H2AB7,rdg.prod,2021,False,0,,,dataset_repo
10.15454/lqciw0/22aivq,logs_makeblastbd.txt,Recherche Data Gouv,Portail Data INRAE,https://data.inrae.fr/file.xhtml?persistentId=doi:10.15454/LQCIW0/22AIVQ,rdg.prod,2021,False,0,,,dataset_repo
10.15454/lqciw0/2zqrhy,TEdenovo.cfg,Recherche Data Gouv,Portail Data INRAE,https://data.inrae.fr/file.xhtml?persistentId=doi:10.15454/LQCIW0/2ZQRHY,rdg.prod,2020,False,0,,,dataset_repo
10.15454/lqciw0/5h2kbc,tmp.fa,Recherche Data Gouv,Portail Data INRAE,https://data.inrae.fr/file.xhtml?persistentId=doi:10.15454/LQCIW0/5H2KBC,rdg.prod,2021,False,0,,,dataset_repo
10.15454/lqciw0/6ihctg,finalAnnot.perCopyStats.txt,Recherche Data Gouv,Portail Data INRAE,https://data.inrae.fr/file.xhtml?persistentId=doi:10.15454/LQCIW0/6IHCTG,rdg.prod,2020,False,0,,,dataset_repo
10.15454/lqciw0/6qua3p,TEdenovo.cfg,Recherche Data Gouv,Portail Data INRAE,https://data.inrae.fr/file.xhtml?persistentId=doi:10.15454/LQCIW0/6QUA3P,rdg.prod,2021,False,0,,,dataset_repo
10.15454/lqciw0/7s8hik,draftAnnot.genomic_regions_covered_by_TE.bed,Recherche Data Gouv,Portail Data INRAE,https://data.inrae.fr/file.xhtml?persistentId=doi:10.15454/LQCIW0/7S8HIK,rdg.prod,2021,False,0,,,dataset_repo
10.15454/lqciw0/8oird8,c_elegans.PRJNA13758.WS270.genomic.REPET.TElib.draftAnnot.10-01-20.sorted.gff3,Recherche Data Gouv,Portail Data INRAE,https://data.inrae.fr/file.xhtml?persistentId=doi:10.15454/LQCIW0/8OIRD8,rdg.prod,2020,False,0,,,dataset_repo
10.15454/lqciw0/affkbn,draftAnnot.perConsensusStats.txt,Recherche Data Gouv,Portail Data INRAE,https://data.inrae.fr/file.xhtml?persistentId=doi:10.15454/LQCIW0/AFFKBN,rdg.prod,2021,False,0,,,dataset_repo
10.15454/lqciw0/bxqsot,tmp.bed,Recherche Data Gouv,Portail Data INRAE,https://data.inrae.fr/file.xhtml?persistentId=doi:10.15454/LQCIW0/BXQSOT,rdg.prod,2021,False,0,,,dataset_repo
10.15454/lqciw0/chjuya,REPETpostAnal-V1.0.5.py,Recherche Data Gouv,Portail Data INRAE,https://data.inrae.fr/file.xhtml?persistentId=doi:10.15454/LQCIW0/CHJUYA,rdg.prod,2020,False,0,,,dataset_repo
10.15454/lqciw0/cz7sgg,genome_chr_length.bed,Recherche Data Gouv,Portail Data INRAE,https://data.inrae.fr/file.xhtml?persistentId=doi:10.15454/LQCIW0/CZ7SGG,rdg.prod,2021,False,0,,,dataset_repo
10.15454/lqciw0/dc0vxw,launch_that.txt,Recherche Data Gouv,Portail Data INRAE,https://data.inrae.fr/file.xhtml?persistentId=doi:10.15454/LQCIW0/DC0VXW,rdg.prod,2021,False,0,,,dataset_repo
10.15454/lqciw0/dcljlu,draftAnnot.bed,Recherche Data Gouv,Portail Data INRAE,https://data.inrae.fr/file.xhtml?persistentId=doi:10.15454/LQCIW0/DCLJLU,rdg.prod,2021,False,0,,,dataset_repo
10.15454/lqciw0/dj6mcq,tmp.blast,Recherche Data Gouv,Portail Data INRAE,https://data.inrae.fr/file.xhtml?persistentId=doi:10.15454/LQCIW0/DJ6MCQ,rdg.prod,2021,False,0,,,dataset_repo
10.15454/lqciw0/e9d388,celegA1_chr_allTEs_nr_join_path.annotStatsPerTE_FullLengthCopy.fa,Recherche Data Gouv,Portail Data INRAE,https://data.inrae.fr/file.xhtml?persistentId=doi:10.15454/LQCIW0/E9D388,rdg.prod,2020,False,0,,,dataset_repo
10.15454/lqciw0/ezags5,readme.txt,Recherche Data Gouv,Portail Data INRAE,https://data.inrae.fr/file.xhtml?persistentId=doi:10.15454/LQCIW0/EZAGS5,rdg.prod,2021,False,0,,,dataset_repo
10.15454/lqciw0/ggi3y6,celegans.TEannotation.10-01-20.filtered.classiffiedOnly.minLen250.minId85.minConsCov33.blastVsCons.noOverlap.bed,Recherche Data Gouv,Portail Data INRAE,https://data.inrae.fr/file.xhtml?persistentId=doi:10.15454/LQCIW0/GGI3Y6,rdg.prod,2021,False,0,,,dataset_repo
10.15454/lqciw0/h5crax,finalAnnot.bed,Recherche Data Gouv,Portail Data INRAE,https://data.inrae.fr/file.xhtml?persistentId=doi:10.15454/LQCIW0/H5CRAX,rdg.prod,2021,False,0,,,dataset_repo
10.15454/lqciw0/hmjrle,celegans.TEannotation.10-01-20.filtered.classiffiedOnly.minLen250.minId85.minConsCov33.blastVsCons.noOverlap.bed,Recherche Data Gouv,Portail Data INRAE,https://data.inrae.fr/file.xhtml?persistentId=doi:10.15454/LQCIW0/HMJRLE,rdg.prod,2020,False,0,,,dataset_repo
10.15454/lqciw0/ig4gbh,logs_REPETpostAnal-V1.0.5_celegans.TEannotation.10-01-20.txt,Recherche Data Gouv,Portail Data INRAE,https://data.inrae.fr/file.xhtml?persistentId=doi:10.15454/LQCIW0/IG4GBH,rdg.prod,2020,False,0,,,dataset_repo
10.15454/lqciw0/iovdqq,TEannot.cfg,Recherche Data Gouv,Portail Data INRAE,https://data.inrae.fr/file.xhtml?persistentId=doi:10.15454/LQCIW0/IOVDQQ,rdg.prod,2020,False,0,,,dataset_repo
10.15454/lqciw0/iygocj,finalAnnot.perCopyStats.txt,Recherche Data Gouv,Portail Data INRAE,https://data.inrae.fr/file.xhtml?persistentId=doi:10.15454/LQCIW0/IYGOCJ,rdg.prod,2021,False,0,,,dataset_repo
10.15454/lqciw0/khpsm5,give_genome_Nxx_and_Lxx.py,Recherche Data Gouv,Portail Data INRAE,https://data.inrae.fr/file.xhtml?persistentId=doi:10.15454/LQCIW0/KHPSM5,rdg.prod,2021,False,0,,,dataset_repo
10.15454/lqciw0/l6gyca,TEannot.cfg,Recherche Data Gouv,Portail Data INRAE,https://data.inrae.fr/file.xhtml?persistentId=doi:10.15454/LQCIW0/L6GYCA,rdg.prod,2021,False,0,,,dataset_repo
10.15454/lqciw0/ll3lql,REPETpostAnal-V1.0.5.py,Recherche Data Gouv,Portail Data INRAE,https://data.inrae.fr/file.xhtml?persistentId=doi:10.15454/LQCIW0/LL3LQL,rdg.prod,2021,False,0,,,dataset_repo
10.15454/lqciw0/m1ohiz,C.elegans_TEprediction_and_annotation_with_REPET.Rmd,Recherche Data Gouv,Portail Data INRAE,https://data.inrae.fr/file.xhtml?persistentId=doi:10.15454/LQCIW0/M1OHIZ,rdg.prod,2020,False,0,,,dataset_repo
10.15454/lqciw0/mkv20c,c_elegans.PRJNA13758.WS270.genomic.fa,Recherche Data Gouv,Portail Data INRAE,https://data.inrae.fr/file.xhtml?persistentId=doi:10.15454/LQCIW0/MKV20C,rdg.prod,2021,False,0,,,dataset_repo
10.15454/lqciw0/o223h6,C.elegans_TEprediction_and_annotation_with_REPET.Rmd,Recherche Data Gouv,Portail Data INRAE,https://data.inrae.fr/file.xhtml?persistentId=doi:10.15454/LQCIW0/O223H6,rdg.prod,2021,False,0,,,dataset_repo
10.15454/lqciw0/pcxas0,tmp.selfIntersect,Recherche Data Gouv,Portail Data INRAE,https://data.inrae.fr/file.xhtml?persistentId=doi:10.15454/LQCIW0/PCXAS0,rdg.prod,2021,False,0,,,dataset_repo
10.15454/lqciw0/pvllda,celegA1_chr_allTEs_nr_join_path.annotStatsPerTE_FullLengthCopy.fa,Recherche Data Gouv,Portail Data INRAE,https://data.inrae.fr/file.xhtml?persistentId=doi:10.15454/LQCIW0/PVLLDA,rdg.prod,2021,False,0,,,dataset_repo
10.15454/lqciw0/rbxn50,logs_REPETpostAnal-V1.0.5_celegans.TEannotation.10-01-20.txt,Recherche Data Gouv,Portail Data INRAE,https://data.inrae.fr/file.xhtml?persistentId=doi:10.15454/LQCIW0/RBXN50,rdg.prod,2021,False,0,,,dataset_repo
10.15454/lqciw0/rnonqm,finalAnnot.perConsensusStats.txt,Recherche Data Gouv,Portail Data INRAE,https://data.inrae.fr/file.xhtml?persistentId=doi:10.15454/LQCIW0/RNONQM,rdg.prod,2021,False,0,,,dataset_repo
10.15454/lqciw0/rzpw4u,finalAnnot.genomic_regions_covered_by_TE.bed,Recherche Data Gouv,Portail Data INRAE,https://data.inrae.fr/file.xhtml?persistentId=doi:10.15454/LQCIW0/RZPW4U,rdg.prod,2021,False,0,,,dataset_repo
10.15454/lqciw0/s0rkuh,tmp.blast.bestHit,Recherche Data Gouv,Portail Data INRAE,https://data.inrae.fr/file.xhtml?persistentId=doi:10.15454/LQCIW0/S0RKUH,rdg.prod,2021,False,0,,,dataset_repo
10.15454/lqciw0/tfkqco,ambigous_annotations.bed,Recherche Data Gouv,Portail Data INRAE,https://data.inrae.fr/file.xhtml?persistentId=doi:10.15454/LQCIW0/TFKQCO,rdg.prod,2021,False,0,,,dataset_repo
10.15454/lqciw0/tuxalu,finalAnnot.StatsTE.stats,Recherche Data Gouv,Portail Data INRAE,https://data.inrae.fr/file.xhtml?persistentId=doi:10.15454/LQCIW0/TUXALU,rdg.prod,2021,False,0,,,dataset_repo
10.15454/lqciw0/ukiagz,celegans.TEannotation.10-01-20.defragmentedDraftAnnot.bed,Recherche Data Gouv,Portail Data INRAE,https://data.inrae.fr/file.xhtml?persistentId=doi:10.15454/LQCIW0/UKIAGZ,rdg.prod,2021,False,0,,,dataset_repo
10.15454/lqciw0/utjppy,setEnv.sh,Recherche Data Gouv,Portail Data INRAE,https://data.inrae.fr/file.xhtml?persistentId=doi:10.15454/LQCIW0/UTJPPY,rdg.prod,2021,False,0,,,dataset_repo
10.15454/lqciw0/vlegds,tmp.bed,Recherche Data Gouv,Portail Data INRAE,https://data.inrae.fr/file.xhtml?persistentId=doi:10.15454/LQCIW0/VLEGDS,rdg.prod,2021,False,0,,,dataset_repo
10.15454/lqciw0/w8lwsz,finalAnnot.perConsensusStats.txt,Recherche Data Gouv,Portail Data INRAE,https://data.inrae.fr/file.xhtml?persistentId=doi:10.15454/LQCIW0/W8LWSZ,rdg.prod,2020,False,0,,,dataset_repo
10.15454/lqciw0/wfy4nb,draftAnnot.perCopyStats.txt,Recherche Data Gouv,Portail Data INRAE,https://data.inrae.fr/file.xhtml?persistentId=doi:10.15454/LQCIW0/WFY4NB,rdg.prod,2021,False,0,,,dataset_repo
10.15454/lqciw0/wwjaae,c_elegans.PRJNA13758.WS270.genomic.REPET.TElib.draftAnnot.10-01-20.sorted.gff3,Recherche Data Gouv,Portail Data INRAE,https://data.inrae.fr/file.xhtml?persistentId=doi:10.15454/LQCIW0/WWJAAE,rdg.prod,2021,False,0,,,dataset_repo
10.15454/nqaf31,Experimental validations of TE-impacted coding or regulatory loci,Recherche Data Gouv,Portail Data INRAE,https://data.inrae.fr/citation?persistentId=doi:10.15454/NQAF31,rdg.prod,2020,False,0,,,dataset_repo
10.15454/nqaf31/0hfvli,Minc3s01138_31_01_2020.Tif,Recherche Data Gouv,Portail Data INRAE,https://data.inrae.fr/file.xhtml?persistentId=doi:10.15454/NQAF31/0HFVLI,rdg.prod,2020,False,0,,,dataset_repo
10.15454/nqaf31/8ri5i8,Minc3s00450_30_01_2020.Tif,Recherche Data Gouv,Portail Data INRAE,https://data.inrae.fr/file.xhtml?persistentId=doi:10.15454/NQAF31/8RI5I8,rdg.prod,2020,False,0,,,dataset_repo
10.15454/nqaf31/cictut,Minc3s00026.Tif,Recherche Data Gouv,Portail Data INRAE,https://data.inrae.fr/file.xhtml?persistentId=doi:10.15454/NQAF31/CICTUT,rdg.prod,2020,False,0,,,dataset_repo
10.15454/nqaf31/ikqm8y,sup_mat_2.pptx,Recherche Data Gouv,Portail Data INRAE,https://data.inrae.fr/file.xhtml?persistentId=doi:10.15454/NQAF31/IKQM8Y,rdg.prod,2020,False,0,,,dataset_repo
10.15454/nqaf31/k1zeqk,Minc3s00909-2.Tif,Recherche Data Gouv,Portail Data INRAE,https://data.inrae.fr/file.xhtml?persistentId=doi:10.15454/NQAF31/K1ZEQK,rdg.prod,2020,False,0,,,dataset_repo
10.15454/nqaf31/mghksv,Ctrl _30_01_2020.Tif,Recherche Data Gouv,Portail Data INRAE,https://data.inrae.fr/file.xhtml?persistentId=doi:10.15454/NQAF31/MGHKSV,rdg.prod,2020,False,0,,,dataset_repo
10.15454/nqaf31/pvwa7i,Minc3s00751_31_01_2020.Tif,Recherche Data Gouv,Portail Data INRAE,https://data.inrae.fr/file.xhtml?persistentId=doi:10.15454/NQAF31/PVWA7I,rdg.prod,2020,False,0,,,dataset_repo
10.17632/3ysxz9ywjn,Built Area Ratio (BAR) for 211 Cities in France at 100m Resolution,Mendeley Data,Mendeley Data,https://data.mendeley.com/datasets/3ysxz9ywjn,bl.mendeley,2025,False,0,,creator_name,dataset_repo
10.17632/3ysxz9ywjn.1,Built Area Ratio (BAR) for 211 Cities in France at 100m Resolution,Mendeley Data,Mendeley Data,https://data.mendeley.com/datasets/3ysxz9ywjn/1,bl.mendeley,2025,False,0,,creator_name,dataset_repo
10.17632/3ysxz9ywjn.2,Built Area Ratio (BAR) for 211 Cities in France at 100m Resolution,Mendeley Data,Mendeley Data,https://data.mendeley.com/datasets/3ysxz9ywjn/2,bl.mendeley,2025,False,0,,creator_name,dataset_repo
10.17632/gwrr6wp57d,Global Consensus on the Management of Hyperpigmentation Disorders Part II: Table 5,Mendeley Data,Mendeley Data,https://data.mendeley.com/datasets/gwrr6wp57d,bl.mendeley,2025,False,0,,creator_name,dataset_repo
10.17632/gwrr6wp57d.1,Global Consensus on the Management of Hyperpigmentation Disorders Part II: Table 5,Mendeley Data,Mendeley Data,https://data.mendeley.com/datasets/gwrr6wp57d/1,bl.mendeley,2025,False,0,,creator_name,dataset_repo
10.17632/m289yp5skd,"10X Genomics RNA sequencing processed data files, presented in the article introducing fate-seq (Meyer, Paquet et al., Cell Systems 2020).",Mendeley Data,Mendeley Data,https://data.mendeley.com/datasets/m289yp5skd,bl.mendeley,2025,False,0,,,dataset_repo
10.17632/m289yp5skd.2,"10X Genomics RNA sequencing processed data files, presented in the article introducing fate-seq (Meyer, Paquet et al., Cell Systems 2020).",Mendeley Data,Mendeley Data,https://data.mendeley.com/datasets/m289yp5skd/2,bl.mendeley,2025,False,0,,,dataset_repo
10.17632/mrrdnwkyx8,Global Consensus on the Management of Hyperpigmentation Disorders Part II,Mendeley Data,Mendeley Data,https://data.mendeley.com/datasets/mrrdnwkyx8,bl.mendeley,2025,False,0,,creator_name,dataset_repo
10.17632/mrrdnwkyx8.1,Global Consensus on the Management of Hyperpigmentation Disorders Part II,Mendeley Data,Mendeley Data,https://data.mendeley.com/datasets/mrrdnwkyx8/1,bl.mendeley,2025,False,0,,creator_name,dataset_repo
10.17882/108294,"Sediment core data from the EAGER oceanographic cruise (2018) in the South Ryukyu area (Japan) : MD18-3528, 3529, 3530 and 3531",SEANOE,SEANOE,https://www.seanoe.org/data/00971/108294/,euvi.seanoe,2025,False,0,,,dataset_repo
10.17882/111519,Sediment cores data from the SUBSAINTES cruise,SEANOE,SEANOE,https://www.seanoe.org/data/01004/111519/,euvi.seanoe,2026,False,0,,,dataset_repo
10.17882/74223,Raw data from a wide-angle seismic survey in the Grenada Basin,SEANOE,SEANOE,http://www.seanoe.org/data/00630/74223/,euvi.seanoe,2020,False,0,,,dataset_repo
10.17882/79895,SUBSAINTES AUV AsterX Bathymetry and backscatter (1m resolution),SEANOE,SEANOE,https://www.seanoe.org/data/00687/79895/,euvi.seanoe,2023,False,0,,,dataset_repo
10.17882/87801,"ROV3G 2021 database: geophysical data on the continental shelf offshore Santo Stefano al Mare and San Lorenzo al mare, Liguria, Italy.",SEANOE,SEANOE,https://www.seanoe.org/data/00766/87801/,euvi.seanoe,2021,False,0,,,dataset_repo
10.17882/90284,AMORGOS-23 ME70 bathymetry and back-scatter data,SEANOE,SEANOE,https://www.seanoe.org/data/00791/90284/,euvi.seanoe,2023,True,1,hal-04770544,,dataset_repo
10.17882/97033,Sedimentary core CAS16-01PC dataset from CASEIS Cruise,SEANOE,SEANOE,https://www.seanoe.org/data/00858/97033/,euvi.seanoe,2023,True,1,hal-04436131,,dataset_repo
10.17882/97656,Sedimentary core CAS16-04PC dataset from CASEIS Cruise,SEANOE,SEANOE,https://www.seanoe.org/data/00865/97656/,euvi.seanoe,2023,True,1,hal-04436131,,dataset_repo
10.17882/97657,Sedimentary core CAS16-06PC dataset from CASEIS Cruise,SEANOE,SEANOE,https://www.seanoe.org/data/00865/97657/,euvi.seanoe,2023,True,1,hal-04436131,,dataset_repo
10.17882/97658,Sedimentary core CAS16-07PC dataset from CASEIS Cruise,SEANOE,SEANOE,https://www.seanoe.org/data/00865/97658/,euvi.seanoe,2023,True,1,hal-04436131,,dataset_repo
10.17882/97660,Sedimentary cores CAS16-03PC and CAS16-14PC dataset from CASEIS Cruise,SEANOE,SEANOE,https://www.seanoe.org/data/00865/97660/,euvi.seanoe,2023,True,1,hal-04436131,,dataset_repo
10.17882/97662,Sedimentary core CAS16-31PC dataset from CASEIS Cruise,SEANOE,SEANOE,https://www.seanoe.org/data/00865/97662/,euvi.seanoe,2023,True,1,hal-04436131,,dataset_repo
10.17882/99212,Near-bottom bathymetry and back-scatter data acquired with AUV IDEFX during the AMORGOS-22 cruise,SEANOE,SEANOE,https://www.seanoe.org/data/00880/99212/,euvi.seanoe,2022,True,1,hal-04770544,,dataset_repo
10.17882/99228,"3D textured Digital Outcrop Models along the Amorgos Fault scarp (Aegean Sea, Greece) - Dive 244-01 - AMORGOS-23 cruise",SEANOE,SEANOE,https://www.seanoe.org/data/00880/99228/,euvi.seanoe,2023,True,1,hal-04770544,,dataset_repo
10.17882/99618,"Three underwater two-agent sequences for multi-agent, monocular visual SLAM validation",SEANOE,SEANOE,https://www.seanoe.org/data/00884/99618/,euvi.seanoe,2023,False,0,,,dataset_repo
10.18715/ipgp.2021.kqwc4yaf,Data from the article: Thickness and structure of the martian crust from InSight seismic data,IPGP Research Collection,IPGP Research Collection,https://dataverse.ipgp.fr/citation?persistentId=doi:10.18715/IPGP.2021.kqwc4yaf,inist.ipgp,2021,False,0,,,dataset_repo
10.21227/h00h-ew92,YouTube goes 5G: Benchmarking YouTube in 4G vs 5G,IEEE DataPort,IEEE DataPort,https://ieee-dataport.org/documents/youtube-goes-5g-benchmarking-youtube-4g-vs-5g,ieee.dataport,2022,False,0,,,other
10.22002/8zkxy-4k883,Dataset: Natural variation in cold and heat survival among temperate and tropical Caenorhabditis briggsae,CaltechDATA,CaltechDATA,https://data.caltech.edu/doi/10.22002/8zkxy-4k883,caltech.data,2025,False,0,,,dataset_repo
10.22002/d1.1891,Constraining Fault Friction and Stability with Fluid-Injection Field Experiments,CaltechDATA,CaltechDATA,https://data.caltech.edu/records/1891,caltech.data,2021,False,0,,,dataset_repo
10.23708/02pok6,"Simbi database: historical hydro-meteorological time series and catchment attributes in Haiti, 1905-2005",DataSuds,DataSuds,https://dataverse.ird.fr/citation?persistentId=doi:10.23708/02POK6,inist.ird,2023,True,2,hal-04361293|hal-04564899,,dataset_repo
10.25338/b83627,The biogeography of community assembly: latitude and predation drive variation in community trait distribution in a guild of epifaunal crustaceans,Dryad,Dryad,https://datadryad.org/dataset/doi:10.25338/B83627,dryad.dryad,2022,False,0,,creator_name,dataset_repo
10.25504/fairsharing.ekrvbq,"FAIRsharing record for: euL1db, the European database of L1-HS retrotransposon insertions in humans",FAIRsharing,FAIRsharing,https://fairsharing.org/10.25504/FAIRsharing.ekrvbq,ylyl.fair,2024,False,0,,creator_name,other
10.25666/dataubfc-2024-07-17,Characterization of cyanide-responsive fluorogenic probes,dataUBFC - Atelier de la donnée de Bourgogne-Franche-Comté,dataUBFC - Atelier de la donnée de Bourgogne-Franche-Comté,https://search-data.ubfc.fr/FR-13002091000019-2024-07-17_Characterization-of-cyanide-responsive.html,inist.osutheta,2024,False,0,,contributor_name,other
10.25666/dataubfc-2025-05-09,"Characterization of a cyanide-responsive ""covalent-assembly"" fluorogenic probe",dataUBFC - Atelier de la donnée de Bourgogne-Franche-Comté,dataUBFC - Atelier de la donnée de Bourgogne-Franche-Comté,https://search-data.ubfc.fr/FR-13002091000019-2025-05-09_Characterization-of-a-cyanide-responsive.html,inist.osutheta,2025,False,0,,contributor_name,other
10.26093/cds/vizier.36890102,Physical properties of hydrogen line emitters,CDS,Centre de Donnees Strasbourg (CDS),https://cdsarc.cds.unistra.fr/viz-bin/cat/J/A+A/689/A102,inist.cds,2024,False,0,,,dataset_repo
10.26093/cds/vizier/bc-ns/lbc,Euclid ERO Perseus cluster dwarfs,CDS,Centre de Donnees Strasbourg (CDS),https://cdsarc.cds.unistra.fr/viz-bin/cat/J/A+A/697/A12,inist.cds,2025,False,0,,,dataset_repo
10.26093/cds/vizier/bc-nv/lbaa,Exoplanets and host stars Gaia spect. cat.,CDS,Centre de Donnees Strasbourg (CDS),https://cdsarc.cds.unistra.fr/viz-bin/cat/J/A+A/699/A100,inist.cds,2025,False,0,,,dataset_repo
10.26093/cds/vizier/bc-nv/lbgd,"Pristine Inner Galaxy Survey (PIGS). XI,",CDS,Centre de Donnees Strasbourg (CDS),https://cdsarc.cds.unistra.fr/viz-bin/cat/J/A+A/699/A163,inist.cds,2025,False,0,,,dataset_repo
10.26093/cds/vizier/bc-nv/lbjj,The Great Wave - Young giant sample,CDS,Centre de Donnees Strasbourg (CDS),https://cdsarc.cds.unistra.fr/viz-bin/cat/J/A+A/699/A199,inist.cds,2025,False,0,,,dataset_repo
10.26093/cds/vizier/bc-nw/lbhh,Proxima + Gl581 activity-sensitive lines,CDS,Centre de Donnees Strasbourg (CDS),https://cdsarc.cds.unistra.fr/viz-bin/cat/J/A+A/700/A177,inist.cds,2025,False,0,,,dataset_repo
10.26093/cds/vizier/bc-nw/lbjf,Stellar parameters for 23 millions of stars,CDS,Centre de Donnees Strasbourg (CDS),https://cdsarc.cds.unistra.fr/viz-bin/cat/J/A+A/700/A195,inist.cds,2025,False,0,,,dataset_repo
10.26093/cds/vizier/bc-nw/lccc,Gl 410 radial velocity curves,CDS,Centre de Donnees Strasbourg (CDS),https://cdsarc.cds.unistra.fr/viz-bin/cat/J/A+A/700/A222,inist.cds,2025,False,0,,,dataset_repo
10.26093/cds/vizier/bc-nw/lda,N2CLS COSMOS field NIKA2 galaxy cluster cand.,CDS,Centre de Donnees Strasbourg (CDS),https://cdsarc.cds.unistra.fr/viz-bin/cat/J/A+A/700/A30,inist.cds,2025,False,0,,,dataset_repo
10.26093/cds/vizier/bc-nx/lbh,Activity clusters list of lines isolated,CDS,Centre de Donnees Strasbourg (CDS),https://cdsarc.cds.unistra.fr/viz-bin/cat/J/A+A/701/A17,inist.cds,2025,False,0,,,dataset_repo
10.26093/cds/vizier/bc-nx/lbhd,HIP 4178 f radial velocity curves,CDS,Centre de Donnees Strasbourg (CDS),https://cdsarc.cds.unistra.fr/viz-bin/cat/J/A+A/701/A173,inist.cds,2025,False,0,,,dataset_repo
10.26093/cds/vizier/bc-nz/lbad,PAHs in star-forming regions,CDS,Centre de Donnees Strasbourg (CDS),https://cdsarc.cds.unistra.fr/viz-bin/cat/J/A+A/703/A103,inist.cds,2025,False,0,,,dataset_repo
10.26093/cds/vizier/bc-nz/lbie,GCs of dwarf galaxies in Perseus cluster,CDS,Centre de Donnees Strasbourg (CDS),https://cdsarc.cds.unistra.fr/viz-bin/cat/J/A+A/703/A184,inist.cds,2025,False,0,,,dataset_repo
10.26093/cds/vizier/bc-nz/ldaa,Environmental effects on galaxy activity,CDS,Centre de Donnees Strasbourg (CDS),https://cdsarc.cds.unistra.fr/viz-bin/cat/J/A+A/703/A300,inist.cds,2025,False,0,,,dataset_repo
10.26093/cds/vizier/bc-nz/ldac,Asteroids rotation periods from Kepler K2,CDS,Centre de Donnees Strasbourg (CDS),https://cdsarc.cds.unistra.fr/viz-bin/cat/J/A+A/703/A302,inist.cds,2025,False,0,,,dataset_repo
10.26093/cds/vizier/bc-p0/lcje,Gaia DR3 high radial velocity stars,CDS,Centre de Donnees Strasbourg (CDS),https://cdsarc.cds.unistra.fr/viz-bin/cat/J/A+A/704/A294,inist.cds,2025,False,0,,,dataset_repo
10.26093/cds/vizier/bc-p0/lee,The metal-poor tail of APOGEE I,CDS,Centre de Donnees Strasbourg (CDS),https://cdsarc.cds.unistra.fr/viz-bin/cat/J/A+A/704/A44,inist.cds,2025,False,0,,,dataset_repo
10.26093/cds/vizier/bc-p0/lej,AMBRE/FEROS catalogue of line-broadening velocities,CDS,Centre de Donnees Strasbourg (CDS),https://cdsarc.cds.unistra.fr/viz-bin/cat/J/A+A/704/A49,inist.cds,2025,False,0,,,dataset_repo
10.26093/cds/vizier/bc-p1/lbgh,Gaia FGK benchmark stars. Abundances,CDS,Centre de Donnees Strasbourg (CDS),https://cdsarc.cds.unistra.fr/viz-bin/cat/J/A+A/705/A167,inist.cds,2026,False,0,,,dataset_repo
10.26093/cds/vizier/bc-p1/lbij,Asteroid masses obtained in INPOP25c,CDS,Centre de Donnees Strasbourg (CDS),https://cdsarc.cds.unistra.fr/viz-bin/cat/J/A+A/705/A189,inist.cds,2026,False,0,,,dataset_repo
10.26093/cds/vizier/bc-p1/lii,Lunar librational and polar coordinates series,CDS,Centre de Donnees Strasbourg (CDS),https://cdsarc.cds.unistra.fr/viz-bin/cat/J/A+A/705/A88,inist.cds,2026,False,0,,,dataset_repo
10.26093/cds/vizier/bc-p2/ldbc,LkCa 15 polarimetric images,CDS,Centre de Donnees Strasbourg (CDS),https://cdsarc.cds.unistra.fr/viz-bin/cat/J/A+A/706/A312,inist.cds,2026,False,0,,,dataset_repo
10.26093/cds/vizier/bc-p2/ljf,PHANGS-HST Halpha Nebulae Catalogue,CDS,Centre de Donnees Strasbourg (CDS),https://cdsarc.cds.unistra.fr/viz-bin/cat/J/A+A/706/A95,inist.cds,2026,False,0,,,dataset_repo
10.26093/cds/vizier/bc-p2/wf,Seismic global parameters of 41 KIC,CDS,Centre de Donnees Strasbourg (CDS),https://cdsarc.cds.unistra.fr/viz-bin/cat/J/A+A/706/L5,inist.cds,2026,False,0,,,dataset_repo
10.26093/cds/vizier/be-55-8c,Radial velocity and rotation period of HIP 33069b,CDS,Centre de Donnees Strasbourg (CDS),https://cdsarc.cds.unistra.fr/viz-bin/cat/J/AJ/165/268,inist.cds,2023,False,0,,,dataset_repo
10.26093/cds/vizier/be-57-c,Open cluster parameters with ANN,CDS,Centre de Donnees Strasbourg (CDS),https://cdsarc.cds.unistra.fr/viz-bin/cat/J/AJ/167/12,inist.cds,2023,False,0,,,dataset_repo
10.26093/cds/vizier/bg-g0-123,NESS II Infrared and Sub-mm results,CDS,Centre de Donnees Strasbourg (CDS),https://cdsarc.cds.unistra.fr/viz-bin/cat/J/MNRAS/512/1091,inist.cds,2025,False,0,,,dataset_repo
10.34928/7n91-5r19,Données QUAVAR,CNRTEC,CNRTEC,https://data-eau-nouvelle-caledonie.opendatasoft.com/explore/dataset/donnnees-quavar/information/,inist.cnrt,2025,False,0,,creator_name,other
10.35003/nxhbee,Replication Data for: Crustal Porosity of Lunar Impact Basins,TRR170-DB,TRR170-DB,https://planetary-data-portal.org/citation?persistentId=doi:10.35003/NXHBEE,tib.trr170-db,2021,False,0,,,other
10.35003/nxhbee/9pc7fz,porosity.txt,TRR170-DB,TRR170-DB,https://planetary-data-portal.org/file.xhtml?persistentId=doi:10.35003/NXHBEE/9PC7FZ,tib.trr170-db,2021,False,0,,,other
10.35003/nxhbee/iwnroe,bulk_density.txt,TRR170-DB,TRR170-DB,https://planetary-data-portal.org/file.xhtml?persistentId=doi:10.35003/NXHBEE/IWNROE,tib.trr170-db,2021,False,0,,,other
10.48579/pro/womxrn,Archaeobotanical dataset on the Holocene history of Vitis vinifera in France,data.InDoRES,data.InDoRES,https://data.indores.fr:443/citation?persistentId=doi:10.48579/PRO/WOMXRN,jbru.bbees,2024,False,0,,,dataset_repo
10.48579/pro/womxrn/hguv0a,Vitis_Archeobota_Data.tab,data.InDoRES,data.InDoRES,https://data.indores.fr:443/file.xhtml?persistentId=doi:10.48579/PRO/WOMXRN/HGUV0A,jbru.bbees,2024,False,0,,,dataset_repo
10.48579/pro/womxrn/wfhgvx,Vitis_Archeobota_Data.ods,data.InDoRES,data.InDoRES,https://data.indores.fr:443/file.xhtml?persistentId=doi:10.48579/PRO/WOMXRN/WFHGVX,jbru.bbees,2024,False,0,,,dataset_repo
10.48579/pro/womxrn/zx5f9c,Vitis_Archeobota_Legend.tab,data.InDoRES,data.InDoRES,https://data.indores.fr:443/file.xhtml?persistentId=doi:10.48579/PRO/WOMXRN/ZX5F9C,jbru.bbees,2024,False,0,,,dataset_repo
10.48579/pro/ybfnyz,"Evolution des limites de la bande fluviale de la Roya de la source (Tende, France) à l'embouchure (Ventimiglia, Italie) entre 1945 et 2020",data.InDoRES,data.InDoRES,https://data.indores.fr:443/citation?persistentId=doi:10.48579/PRO/YBFNYZ,jbru.bbees,2025,True,1,hal-04328624,,dataset_repo
10.48580/d4hjv,"Torymus sinensis and its close relatives in Europe: a multilocus phylogeny, detailed morphological analysis, and identification key",Plazi.org taxonomic treatments database,Plazi.org taxonomic treatments database,https://www.checklistbank.org/dataset/60141,gbif.col,2025,False,0,,,other
10.48788/dvua/cfsy4t,"Replication Data for: ATR-FTIR Spectra of Peat, Digestate, Biochar, and Organo-Mineral Fertilizer",DataverseUA,DataverseUA,https://opendata.nas.gov.ua/citation?persistentId=doi:10.48788/DVUA/CFSY4T,srik.kau,2025,False,0,,,dataset_repo
10.5061/dryad.05qfttf0k,Data from: Extending full protection inside existing marine protected areas or reducing fishing effort outside can reconcile conservation and fisheries goals,Dryad,Dryad,https://datadryad.org/dataset/doi:10.5061/dryad.05qfttf0k,dryad.dryad,2020,False,0,,creator_name,dataset_repo
10.5061/dryad.1g3gp03,Data from: It’s all about connections: hubs and invasion in habitat networks,Dryad,Dryad,https://datadryad.org/dataset/doi:10.5061/dryad.1g3gp03,dryad.dryad,2019,False,0,,creator_name,dataset_repo
10.5061/dryad.1pm64,Data from: Parallel evolution of behaviour during independent host-shifts following maize introduction into Asia and Europe,Dryad,Dryad,https://datadryad.org/dataset/doi:10.5061/dryad.1pm64,dryad.dryad,2017,False,0,,creator_name,dataset_repo
10.5061/dryad.1vm8k,Data from: Effects of inbreeding on a gregarious parasitoid wasp with complementary sex determination,Dryad,Dryad,https://datadryad.org/dataset/doi:10.5061/dryad.1vm8k,dryad.dryad,2017,False,0,,creator_name,dataset_repo
10.5061/dryad.2fqz612x5,Increased ladybird predation and metabolism do not counterbalance increased field aphid population growth under experimental warming,Dryad,Dryad,https://datadryad.org/dataset/doi:10.5061/dryad.2fqz612x5,dryad.dryad,2024,False,0,,creator_name,dataset_repo
10.5061/dryad.3n5tb2rwb,Neocortical Layer-5 tLTD Relies on Non-Ionotropic Presynaptic NMDA Receptor Signaling,Dryad,Dryad,https://datadryad.org/dataset/doi:10.5061/dryad.3n5tb2rwb,dryad.dryad,2025,False,0,,creator_name,dataset_repo
10.5061/dryad.51c59zwmc,Beyond the surface: Untangling molecular complexity in organic residue analysis of coated archaeological ceramics,Dryad,Dryad,https://datadryad.org/dataset/doi:10.5061/dryad.51c59zwmc,dryad.dryad,2025,False,0,,creator_name,dataset_repo
10.5061/dryad.612jm648m,Data from: Primer sets evaluation and sampling method assessment for the monitoring of fish communities in the North-western part of the Mediterranean Sea through eDNA metabarcoding,Dryad,Dryad,https://datadryad.org/dataset/doi:10.5061/dryad.612jm648m,dryad.dryad,2024,False,0,,creator_name,dataset_repo
10.5061/dryad.73n5tb33c,Data from: Species-habitat networks reveal conservation implications that other community analyses do not detect,Dryad,Dryad,https://datadryad.org/dataset/doi:10.5061/dryad.73n5tb33c,dryad.dryad,2024,False,0,,creator_name,dataset_repo
10.5061/dryad.9cnp5hqt5,Fromsight to sequence: Underwater visual census vs eDNA metabarcoding for the monitoring of taxonomic and functional fish diversity,Dryad,Dryad,https://datadryad.org/dataset/doi:10.5061/dryad.9cnp5hqt5,dryad.dryad,2025,False,0,,creator_name,dataset_repo
10.5061/dryad.f7m0cfz6f,Data from: Towards a fully automated underwater census for fish assemblages in the Mediterranean Sea,Dryad,Dryad,https://datadryad.org/dataset/doi:10.5061/dryad.f7m0cfz6f,dryad.dryad,2024,False,0,,creator_name,dataset_repo
10.5061/dryad.gmsbcc2r8,Differential coping capacities underlie the overall resistance of temperate seagrasses to herbivory,Dryad,Dryad,https://datadryad.org/dataset/doi:10.5061/dryad.gmsbcc2r8,dryad.dryad,2024,False,0,,creator_name,dataset_repo
10.5061/dryad.ns1rn8q2w,Exploring reserve and depth refuge effects on marine fish communities: Insights from environmental DNA metabarcoding,Dryad,Dryad,https://datadryad.org/dataset/doi:10.5061/dryad.ns1rn8q2w,dryad.dryad,2025,False,0,,creator_name,dataset_repo
10.5061/dryad.nvx0k6f0h,Ancient DNA sheds light on the funerary practices of late Neolithic collective burial in southern France,Dryad,Dryad,https://datadryad.org/dataset/doi:10.5061/dryad.nvx0k6f0h,dryad.dryad,2024,False,0,,creator_name,dataset_repo
10.5061/dryad.pc866t24z,Density-driven bottlenecks constrain restoration of macroalgal forests,Dryad,Dryad,https://datadryad.org/dataset/doi:10.5061/dryad.pc866t24z,dryad.dryad,2026,False,0,,creator_name,dataset_repo
10.5061/dryad.sj3tx963j,Horizontal acquisition of Symbiodiniaceae in the Anemonia viridis genetic data,Dryad,Dryad,https://datadryad.org/dataset/doi:10.5061/dryad.sj3tx963j,dryad.dryad,2020,False,0,,creator_name,dataset_repo
10.5061/dryad.ttdz08kv4,"Data from: Biomimicry of iridescent, patterned insect cuticles: comparison of biological and synthetic, cholesteric microcells using hyperspectral imaging",Dryad,Dryad,https://datadryad.org/dataset/doi:10.5061/dryad.ttdz08kv4,dryad.dryad,2020,False,0,,creator_name,dataset_repo
10.5061/dryad.w9ghx3g0p,Cystic fibrosis alters the structure of the olfactory epithelium and the expression of olfactory receptors affecting odor perception,Dryad,Dryad,https://datadryad.org/dataset/doi:10.5061/dryad.w9ghx3g0p,dryad.dryad,2025,False,0,,creator_name,dataset_repo
10.5061/dryad.xd2547dnw,The name of the game: Palaeoproteomics and radiocarbon dates further refine the presence and dispersal of caprines in Eastern and Southern Africa,Dryad,Dryad,https://datadryad.org/dataset/doi:10.5061/dryad.xd2547dnw,dryad.dryad,2023,False,0,,creator_name,dataset_repo
10.5281/zenodo.1000779,"Corpus Traité Dans ""Le Temps Des Sic""",Zenodo,Zenodo,https://zenodo.org/record/1000779,cern.zenodo,2017,False,0,,,dataset_repo
10.5281/zenodo.1000780,"Corpus Traité Dans ""Le Temps Des Sic""",Zenodo,Zenodo,https://zenodo.org/record/1000780,cern.zenodo,2017,False,0,,,dataset_repo
10.5281/zenodo.10061254,"Simulated Detection and Localization in LIGO's HL-Configuration for O4a Run, and LIGO/Virgo/KAGRA's HLVK-Configuration for O4b and O5 Runs (November 2023 edition)",Zenodo,Zenodo,https://zenodo.org/doi/10.5281/zenodo.10061254,cern.zenodo,2023,False,0,,,dataset_repo
10.5281/zenodo.10061255,Simulated Detection and Localization in LIGO's HL-Configuration for O4a Run (November 2023 edition),Zenodo,Zenodo,https://zenodo.org/doi/10.5281/zenodo.10061255,cern.zenodo,2023,False,0,,,dataset_repo
10.5281/zenodo.10069849,Wind Value Literature Selection for End-of-Life Valuation Excel File WP 5.1,Zenodo,Zenodo,https://zenodo.org/doi/10.5281/zenodo.10069849,cern.zenodo,2023,False,0,,creator_name,dataset_repo
10.5281/zenodo.10069850,Wind Value Literature Selection for End-of-Life Valuation Excel File WP 5.1,Zenodo,Zenodo,https://zenodo.org/doi/10.5281/zenodo.10069850,cern.zenodo,2023,False,0,,creator_name,dataset_repo
10.5281/zenodo.10078926,"Simulated Detection and Localization in LIGO's HL-Configuration for O4a Run, and LIGO/Virgo/KAGRA's HLVK-Configuration for O4b and O5 Runs (November 2023 edition)",Zenodo,Zenodo,https://zenodo.org/doi/10.5281/zenodo.10078926,cern.zenodo,2023,False,0,,,dataset_repo
10.5281/zenodo.10083020,"Data for ""Spacecraft charging simulations of probe B1 of Comet Interceptor during the cometary flyby""",Zenodo,Zenodo,https://zenodo.org/doi/10.5281/zenodo.10083020,cern.zenodo,2023,True,1,insu-04379375,,dataset_repo
10.5281/zenodo.10083021,"Data for ""Spacecraft charging simulations of probe B1 of Comet Interceptor during the cometary flyby""",Zenodo,Zenodo,https://zenodo.org/doi/10.5281/zenodo.10083021,cern.zenodo,2023,False,0,,,dataset_repo
10.5281/zenodo.10301898,The neural correlates of embodied L2 learning. Does embodied L2 verb learning affect representation and retention?,Zenodo,Zenodo,https://zenodo.org/doi/10.5281/zenodo.10301898,cern.zenodo,2023,False,0,,creator_name,dataset_repo
10.5281/zenodo.10301899,The neural correlates of embodied L2 learning. Does embodied L2 verb learning affect representation and retention?,Zenodo,Zenodo,https://zenodo.org/doi/10.5281/zenodo.10301899,cern.zenodo,2023,False,0,,creator_name,dataset_repo
10.5281/zenodo.10352217,Tara Pacific Biomarker-Based Coral Phenotype Data Release - Pocillopora,Zenodo,Zenodo,https://zenodo.org/doi/10.5281/zenodo.10352217,cern.zenodo,2023,False,0,,creator_name,dataset_repo
10.5281/zenodo.10371644,Source code and simulation results: Poles and zeros of electromagnetic quantities in photonic systems,Zenodo,Zenodo,https://zenodo.org/doi/10.5281/zenodo.10371644,cern.zenodo,2023,False,0,,creator_name,dataset_repo
10.5281/zenodo.10381606,ISSA Agritrop Dataset,Zenodo,Zenodo,https://zenodo.org/doi/10.5281/zenodo.10381606,cern.zenodo,2023,True,1,hal-04807540,,dataset_repo
10.5281/zenodo.10404275,CREATTIVE3D multimodal dataset of user behavior in virtual reality,Zenodo,Zenodo,https://zenodo.org/doi/10.5281/zenodo.10404275,cern.zenodo,2023,False,0,,,dataset_repo
10.5281/zenodo.10406560,CREATTIVE3D multimodal dataset of user behavior in virtual reality,Zenodo,Zenodo,https://zenodo.org/doi/10.5281/zenodo.10406560,cern.zenodo,2023,False,0,,,dataset_repo
10.5281/zenodo.10410741,WheatGenomicsSLKG: Wheat Genomics Scientific Literature Knowledge Graph,Zenodo,zenodo,https://zenodo.org/doi/10.5281/zenodo.10410741,cern.zenodo,2023,False,0,,creator_name,dataset_repo
10.5281/zenodo.10410742,WheatGenomicsSLKG: Wheat Genomics Scientific Literature Knowledge Graph,Zenodo,zenodo,https://zenodo.org/doi/10.5281/zenodo.10410742,cern.zenodo,2023,False,0,,creator_name,dataset_repo
10.5281/zenodo.10418260,Data repository for: Frictional weakening leads to unconventional singularities during dynamic rupture propagation,Zenodo,Zenodo,https://zenodo.org/doi/10.5281/zenodo.10418260,cern.zenodo,2023,False,0,,creator_name,dataset_repo
10.5281/zenodo.10418261,Data repository for: Frictional weakening leads to unconventional singularities during dynamic rupture propagation,Zenodo,Zenodo,https://zenodo.org/doi/10.5281/zenodo.10418261,cern.zenodo,2023,False,0,,creator_name,dataset_repo
10.5281/zenodo.10420888,WeKG-MF: Weather Knowledge Graph of Météo France Meteorological Observations,Zenodo,Zenodo,https://zenodo.org/doi/10.5281/zenodo.10420888,cern.zenodo,2023,False,0,,,dataset_repo
10.5281/zenodo.10495680,Strain and slip data for Kinematic inversion of fault slip during the nucleation of laboratory earthquakes,Zenodo,Zenodo,https://zenodo.org/doi/10.5281/zenodo.10495680,cern.zenodo,2023,False,0,,,dataset_repo
10.5281/zenodo.1064051,Surface Displacement Measurements And Fault Slip Models For The 1997 Mw 7.2 Zirkuh Earthquake,Zenodo,Zenodo,https://zenodo.org/record/1064051,cern.zenodo,2017,False,0,,,dataset_repo
10.5281/zenodo.1064052,Surface Displacement Measurements And Fault Slip Models For The 1997 Mw 7.2 Zirkuh Earthquake,Zenodo,Zenodo,https://zenodo.org/record/1064052,cern.zenodo,2017,False,0,,,dataset_repo
10.5281/zenodo.10677792,YAGO4-LP,Zenodo,Zenodo,https://zenodo.org/doi/10.5281/zenodo.10677792,cern.zenodo,2024,False,0,,creator_name,dataset_repo
10.5281/zenodo.10687669,"Distributions and scaling of fault offsets, fault widths and scarp slopes on normal faults and their relations to fault growth: insights from Auto_Throw code",Zenodo,Zenodo,https://zenodo.org/doi/10.5281/zenodo.10687669,cern.zenodo,2024,False,0,,,dataset_repo
10.5281/zenodo.10696076,TechXposure Database (v.0.9.0),Zenodo,Zenodo,https://zenodo.org/doi/10.5281/zenodo.10696076,cern.zenodo,2024,False,0,,creator_name,dataset_repo
10.5281/zenodo.10697489,"Distributions and scaling of fault offsets, fault widths and scarp slopes on normal faults and their relations to fault growth: insights from Auto_Throw code",Zenodo,Zenodo,https://zenodo.org/doi/10.5281/zenodo.10697489,cern.zenodo,2024,False,0,,,dataset_repo
10.5281/zenodo.10821914,The Tree of Life eDNA metabarcoding reveals a similar taxonomic richness but dissimilar evolutionary lineages between seaports and marine reserves (teleo data),Zenodo,Zenodo,https://zenodo.org/doi/10.5281/zenodo.10821914,cern.zenodo,2024,False,0,,,dataset_repo
10.5281/zenodo.10821915,The Tree of Life eDNA metabarcoding reveals a similar taxonomic richness but dissimilar evolutionary lineages between seaports and marine reserves (teleo data),Zenodo,Zenodo,https://zenodo.org/doi/10.5281/zenodo.10821915,cern.zenodo,2024,False,0,,,dataset_repo
10.5281/zenodo.10822169,rDNA 18S V9 ASV tables (SWARM) for Tara Pacific Expedition,Zenodo,Zenodo,https://zenodo.org/doi/10.5281/zenodo.10822169,cern.zenodo,2024,False,0,,,dataset_repo
10.5281/zenodo.10843338,The Tree of Life eDNA metabarcoding reveals a similar taxonomic richness but dissimilar evolutionary lineages between seaports and marine reserves (metazoa data),Zenodo,Zenodo,https://zenodo.org/doi/10.5281/zenodo.10843338,cern.zenodo,2024,False,0,,,dataset_repo
10.5281/zenodo.10843339,The Tree of Life eDNA metabarcoding reveals a similar taxonomic richness but dissimilar evolutionary lineages between seaports and marine reserves (metazoa data),Zenodo,Zenodo,https://zenodo.org/doi/10.5281/zenodo.10843339,cern.zenodo,2024,False,0,,,dataset_repo
10.5281/zenodo.10844420,The Tree of Life eDNA metabarcoding reveals a similar taxonomic richness but dissimilar evolutionary lineages between seaports and marine reserves (euka2 data),Zenodo,Zenodo,https://zenodo.org/doi/10.5281/zenodo.10844420,cern.zenodo,2024,False,0,,,dataset_repo
10.5281/zenodo.10844421,The Tree of Life eDNA metabarcoding reveals a similar taxonomic richness but dissimilar evolutionary lineages between seaports and marine reserves (euka2 data),Zenodo,Zenodo,https://zenodo.org/doi/10.5281/zenodo.10844421,cern.zenodo,2024,False,0,,,dataset_repo
10.5281/zenodo.10844504,The Tree of Life eDNA metabarcoding reveals a similar taxonomic richness but dissimilar evolutionary lineages between seaports and marine reserves (bact2 data),Zenodo,Zenodo,https://zenodo.org/doi/10.5281/zenodo.10844504,cern.zenodo,2024,False,0,,,dataset_repo
10.5281/zenodo.10844505,The Tree of Life eDNA metabarcoding reveals a similar taxonomic richness but dissimilar evolutionary lineages between seaports and marine reserves (bact2 data),Zenodo,Zenodo,https://zenodo.org/doi/10.5281/zenodo.10844505,cern.zenodo,2024,False,0,,,dataset_repo
10.5281/zenodo.10930835,The Tree of Life eDNA metabarcoding reveals a similar taxonomic richness but dissimilar evolutionary lineages between seaports and marine reserves (teleo data),Zenodo,Zenodo,https://zenodo.org/doi/10.5281/zenodo.10930835,cern.zenodo,2024,False,0,,,dataset_repo
10.5281/zenodo.10930847,The Tree of Life eDNA metabarcoding reveals a similar taxonomic richness but dissimilar evolutionary lineages between seaports and marine reserves (euka2 data),Zenodo,Zenodo,https://zenodo.org/doi/10.5281/zenodo.10930847,cern.zenodo,2024,False,0,,,dataset_repo
10.5281/zenodo.10930858,The Tree of Life eDNA metabarcoding reveals a similar taxonomic richness but dissimilar evolutionary lineages between seaports and marine reserves (bact2 data),Zenodo,Zenodo,https://zenodo.org/doi/10.5281/zenodo.10930858,cern.zenodo,2024,False,0,,,dataset_repo
10.5281/zenodo.10930861,The Tree of Life eDNA metabarcoding reveals a similar taxonomic richness but dissimilar evolutionary lineages between seaports and marine reserves (metazoa data),Zenodo,Zenodo,https://zenodo.org/doi/10.5281/zenodo.10930861,cern.zenodo,2024,False,0,,,dataset_repo
10.5281/zenodo.10993305,Data and scripts for: An analysis of the dynamic range of Distributed Acoustic Sensing for Earthquake Early Warning,Zenodo,Zenodo,https://zenodo.org/doi/10.5281/zenodo.10993305,cern.zenodo,2024,False,0,,creator_name|contributor_name,dataset_repo
10.5281/zenodo.10993306,Data and scripts for: An analysis of the dynamic range of Distributed Acoustic Sensing for Earthquake Early Warning,Zenodo,Zenodo,https://zenodo.org/doi/10.5281/zenodo.10993306,cern.zenodo,2024,True,1,hal-05171564,creator_name|contributor_name,dataset_repo
10.5281/zenodo.10996752,Reproduction package for Spectroscopically resolved partial phase curve of the rapid heating and cooling of the highly-eccentric Hot Jupiter HAT-P-2b with WFC3,Zenodo,Zenodo,https://zenodo.org/doi/10.5281/zenodo.10996752,cern.zenodo,2024,False,0,,creator_name,dataset_repo
10.5281/zenodo.10996753,Reproduction package for Spectroscopically resolved partial phase curve of the rapid heating and cooling of the highly-eccentric Hot Jupiter HAT-P-2b with WFC3,Zenodo,Zenodo,https://zenodo.org/doi/10.5281/zenodo.10996753,cern.zenodo,2024,False,0,,creator_name,dataset_repo
10.5281/zenodo.11093595,"Train and test datasets used for the paper ""Neural network time-series classifiers for gravitational-wave searches in single-detector periods""",Zenodo,Zenodo,https://zenodo.org/doi/10.5281/zenodo.11093595,cern.zenodo,2024,False,0,,creator_name,dataset_repo
10.5281/zenodo.11093596,"Train and test datasets used for the paper ""Neural network time-series classifiers for gravitational-wave searches in single-detector periods""",Zenodo,Zenodo,https://zenodo.org/doi/10.5281/zenodo.11093596,cern.zenodo,2024,False,0,,creator_name,dataset_repo
10.5281/zenodo.11180026,2023 Results of Complex Academic Integrity and Open Science Surveys of OPTIMA Project,Zenodo,Zenodo,https://zenodo.org/doi/10.5281/zenodo.11180026,cern.zenodo,2024,False,0,,creator_name,dataset_repo
10.5281/zenodo.11180027,2023 Results of Complex Academic Integrity and Open Science Surveys of OPTIMA Project,Zenodo,Zenodo,https://zenodo.org/doi/10.5281/zenodo.11180027,cern.zenodo,2024,False,0,,creator_name,dataset_repo
10.5281/zenodo.11206158,"Supplementary material for ""Embolism propagation in Adiantum leaves and a biomimetic system""",Zenodo,Zenodo,https://zenodo.org/doi/10.5281/zenodo.11206158,cern.zenodo,2024,False,0,,,dataset_repo
10.5281/zenodo.11206159,"Supplementary material for ""Embolism propagation in Adiantum leaves and a biomimetic system""",Zenodo,Zenodo,https://zenodo.org/doi/10.5281/zenodo.11206159,cern.zenodo,2024,False,0,,,dataset_repo
10.5281/zenodo.1184073,"Insects And Incest, Data, Collet 2018",Zenodo,Zenodo,https://zenodo.org/record/1184073,cern.zenodo,2018,False,0,,,dataset_repo
10.5281/zenodo.1184074,"Insects And Incest, Data, Collet 2018",Zenodo,Zenodo,https://zenodo.org/record/1184074,cern.zenodo,2018,False,0,,,dataset_repo
10.5281/zenodo.12580380,ScRAPdb_release,Zenodo,Zenodo,https://zenodo.org/doi/10.5281/zenodo.12580380,cern.zenodo,2024,False,0,,contributor_name,dataset_repo
10.5281/zenodo.12580381,ScRAPdb_release_v20240610,Zenodo,Zenodo,https://zenodo.org/doi/10.5281/zenodo.12580381,cern.zenodo,2024,False,0,,contributor_name,dataset_repo
10.5281/zenodo.12581305,Deprez et al. - 2020 - A Single-Cell Atlas of the Human Healthy Airways,Zenodo,Zenodo,https://zenodo.org/doi/10.5281/zenodo.12581305,cern.zenodo,2020,False,0,,creator_name,dataset_repo
10.5281/zenodo.12581306,Deprez et al. - 2020 - A Single-Cell Atlas of the Human Healthy Airways,Zenodo,Zenodo,https://zenodo.org/doi/10.5281/zenodo.12581306,cern.zenodo,2020,False,0,,creator_name,dataset_repo
10.5281/zenodo.12608876,Acid dissociation constants in selected dipolar non-hydrogen-bond-donor solvents,Zenodo,Zenodo,https://zenodo.org/doi/10.5281/zenodo.12608876,cern.zenodo,2026,False,0,,creator_name,dataset_repo
10.5281/zenodo.12635248,"Associated data for ""The Roasting Marshmallows Program with IGRINS on Gemini South II -- WASP-121 b has super-stellar C/O and refractory-to-volatile ratios"" Published in The Astronomical Journal",Zenodo,Zenodo,https://zenodo.org/doi/10.5281/zenodo.12635248,cern.zenodo,2024,False,0,,creator_name,dataset_repo
10.5281/zenodo.12635249,"Associated data for ""The Roasting Marshmallows Program with IGRINS on Gemini South II -- WASP-121 b has super-stellar C/O and refractory-to-volatile ratios"" Published in The Astronomical Journal",Zenodo,Zenodo,https://zenodo.org/doi/10.5281/zenodo.12635249,cern.zenodo,2024,False,0,,creator_name,dataset_repo
10.5281/zenodo.12693652,"Observing scenarios simulations for HLVK-Configuration for O4 Runs, using 20 million injections. This simulation led to 17,009 BNS useful for training Parameter Estimations of EM counterparts of GW. (July 2024 edition).",Zenodo,Zenodo,https://zenodo.org/doi/10.5281/zenodo.12693652,cern.zenodo,2024,False,0,,,dataset_repo
10.5281/zenodo.12693653,"Observing scenarios simulations for HLVK-Configuration for O4 Runs, using 20 million injections. This simulation led to 17,009 BNS useful for training Parameter Estimations of EM counterparts of GW. (July 2024 edition).",Zenodo,Zenodo,https://zenodo.org/doi/10.5281/zenodo.12693653,cern.zenodo,2024,False,0,,,dataset_repo
10.5281/zenodo.12694779,"The second dataset, 'runs_part_ac' and 'runs_part_ad' , should be used together with https://zenodo.org/doi/10.5281/zenodo.12693652",Zenodo,Zenodo,https://zenodo.org/doi/10.5281/zenodo.12694779,cern.zenodo,2024,False,0,,,dataset_repo
10.5281/zenodo.12694780,"The second dataset, 'runs_part_ac' and 'runs_part_ad' , should be used together with https://zenodo.org/doi/10.5281/zenodo.12693652",Zenodo,Zenodo,https://zenodo.org/doi/10.5281/zenodo.12694780,cern.zenodo,2024,False,0,,,dataset_repo
10.5281/zenodo.12696720,"Observing Runs for Binary Neutron Star and Neutron Star-Black Hole mergers in the HLVK-Configuration during O4, using 20 million CBC injections (July 2024 edition)",Zenodo,Zenodo,https://zenodo.org/doi/10.5281/zenodo.12696720,cern.zenodo,2024,False,0,,,dataset_repo
10.5281/zenodo.12696721,"Observing Runs for Binary Neutron Star and Neutron Star-Black Hole mergers in the HLVK-Configuration during O4, using 20 million CBC injections (July 2024 edition)",Zenodo,Zenodo,https://zenodo.org/doi/10.5281/zenodo.12696721,cern.zenodo,2024,False,0,,,dataset_repo
10.5281/zenodo.12704068,"Gaia DR3 asteroid reflectance spectra: L-type families, memberships and ages",Zenodo,Zenodo,https://zenodo.org/doi/10.5281/zenodo.12704068,cern.zenodo,2024,False,0,,,dataset_repo
10.5281/zenodo.12704069,"Gaia DR3 asteroid reflectance spectra: L-type families, memberships and ages",Zenodo,Zenodo,https://zenodo.org/doi/10.5281/zenodo.12704069,cern.zenodo,2024,False,0,,,dataset_repo
10.5281/zenodo.12706005,Structures of FDA-approved drugs and their active metabolites and data sets of experimental PD and PK properties,Zenodo,Zenodo,https://zenodo.org/doi/10.5281/zenodo.12706005,cern.zenodo,2023,False,0,,,dataset_repo
10.5281/zenodo.12733630,TAXREF-LD: Knowledge Graph of the French taxonomic registry,Zenodo,Zenodo,https://zenodo.org/doi/10.5281/zenodo.12733630,cern.zenodo,2024,False,0,,,dataset_repo
10.5281/zenodo.1289775,A Magnetic Resonance Multi-Atlas For The Neonatal Rabbit Brain - Dataset,Zenodo,Zenodo,https://zenodo.org/record/1289775,cern.zenodo,2018,False,0,,,dataset_repo
10.5281/zenodo.1289776,A Magnetic Resonance Multi-Atlas For The Neonatal Rabbit Brain - Dataset,Zenodo,Zenodo,https://zenodo.org/record/1289776,cern.zenodo,2018,False,0,,,dataset_repo
10.5281/zenodo.13305012,ScRAPdb_release,Zenodo,Zenodo,https://zenodo.org/doi/10.5281/zenodo.13305012,cern.zenodo,2024,False,0,,contributor_name,dataset_repo
10.5281/zenodo.13601011,Appendices C-F of Athanasopoulos et al. (2024) Spin states of X-complex asteroids in the inner Main Belt,Zenodo,Zenodo,https://zenodo.org/doi/10.5281/zenodo.13601011,cern.zenodo,2024,False,0,,creator_name,dataset_repo
10.5281/zenodo.13601012,Appendixes C-F of Athanasopoulos et al. (2024) Spin states of X-complex asteroids in the inner Main Belt,Zenodo,Zenodo,https://zenodo.org/doi/10.5281/zenodo.13601012,cern.zenodo,2024,False,0,,creator_name,dataset_repo
10.5281/zenodo.13608061,Appendices C-F of Athanasopoulos et al. (2024) Spin states of X-complex asteroids in the inner Main Belt,Zenodo,Zenodo,https://zenodo.org/doi/10.5281/zenodo.13608061,cern.zenodo,2024,False,0,,creator_name,dataset_repo
10.5281/zenodo.13624813,"First Evidence of Early Neolithic Archery from Cueva de los Murciélagos (Albuñol, Granada) Revealed through Combined Chemical and Morphological Analysis",Zenodo,Zenodo,https://zenodo.org/doi/10.5281/zenodo.13624813,cern.zenodo,2024,False,0,,creator_name|contributor_name,dataset_repo
10.5281/zenodo.13624814,"First Evidence of Early Neolithic Archery from Cueva de los Murciélagos (Albuñol, Granada) Revealed through Combined Chemical and Morphological Analysis",Zenodo,Zenodo,https://zenodo.org/doi/10.5281/zenodo.13624814,cern.zenodo,2024,False,0,,creator_name|contributor_name,dataset_repo
10.5281/zenodo.13684023,"Data for ""Transient nicotine exposure in early adolescent male mice freezes their dopamine circuits in an immature state""",Zenodo,Zenodo,https://zenodo.org/doi/10.5281/zenodo.13684023,cern.zenodo,2024,False,0,,creator_name,dataset_repo
10.5281/zenodo.13684024,"Data for ""Transient nicotine exposure in early adolescent male mice freezes their dopamine circuits in an immature state""",Zenodo,Zenodo,https://zenodo.org/doi/10.5281/zenodo.13684024,cern.zenodo,2024,False,0,,creator_name,dataset_repo
10.5281/zenodo.13769819,Enhance physical activity by designing school based active transport interventions. A systematic review with meta-analysis.,Zenodo,Zenodo,https://zenodo.org/doi/10.5281/zenodo.13769819,cern.zenodo,2024,False,0,,creator_name,dataset_repo
10.5281/zenodo.13769820,Enhance physical activity by designing school based active transport interventions. A systematic review with meta-analysis.,Zenodo,Zenodo,https://zenodo.org/doi/10.5281/zenodo.13769820,cern.zenodo,2024,False,0,,creator_name,dataset_repo
10.5281/zenodo.13850225,Imaging the sediment cover offshore central Chile with surface-wave dispersion and P-wave conversion using DAS,Zenodo,Zenodo,https://zenodo.org/doi/10.5281/zenodo.13850225,cern.zenodo,2025,False,0,,creator_name,dataset_repo
10.5281/zenodo.13850226,Imagery of the sedimentary cover in Central Chile using DAS,Zenodo,Zenodo,https://zenodo.org/doi/10.5281/zenodo.13850226,cern.zenodo,2024,False,0,,creator_name,dataset_repo
10.5281/zenodo.13855346,ScRAPdb_release,Zenodo,Zenodo,https://zenodo.org/doi/10.5281/zenodo.13855346,cern.zenodo,2024,False,0,,contributor_name,dataset_repo
10.5281/zenodo.13948923,Rapid microfluidic perfusion system enables controlling dynamics of intracellular pH regulated by Na+/H+ exchanger NHE1,Zenodo,Zenodo,https://zenodo.org/doi/10.5281/zenodo.13948923,cern.zenodo,2024,False,0,,creator_name,dataset_repo
10.5281/zenodo.13948924,Rapid microfluidic perfusion system enables controlling dynamics of intracellular pH regulated by Na+/H+ exchanger NHE1,Zenodo,Zenodo,https://zenodo.org/doi/10.5281/zenodo.13948924,cern.zenodo,2024,False,0,,creator_name,dataset_repo
10.5281/zenodo.14028764,"Data for ""In-situ Measurements of Light Diffusion in an Optically Dense Atomic Ensemble""",Zenodo,Zenodo,https://zenodo.org/doi/10.5281/zenodo.14028764,cern.zenodo,2024,False,0,,creator_name,dataset_repo
10.5281/zenodo.14028765,"Data for ""In-situ Measurements of Light Diffusion in an Optically Dense Atomic Ensemble""",Zenodo,Zenodo,https://zenodo.org/doi/10.5281/zenodo.14028765,cern.zenodo,2024,False,0,,creator_name,dataset_repo
10.5281/zenodo.14142969,"Simulation of HLVK Configuration for O5 and O6 Observation Runs: Gravitational Wave Detection Rates, Skymaps, and Multimessenger Parameters (November 2024 edition)",Zenodo,Zenodo,https://zenodo.org/doi/10.5281/zenodo.14142969,cern.zenodo,2025,False,0,,,dataset_repo
10.5281/zenodo.14142970,"Simulation of HLVK Configuration for O5 and O6 Observation Runs: Gravitational Wave Detection Rates, Skymaps, and Multimessenger Parameters (November 2024 edition)",Zenodo,Zenodo,https://zenodo.org/doi/10.5281/zenodo.14142970,cern.zenodo,2024,False,0,,,dataset_repo
10.5281/zenodo.14184956,Label-free multiplexed detection of diabetic retinopathy biomarkers using fiber optic  biosensors: towards lab-in-the-tear,Zenodo,Zenodo,https://zenodo.org/doi/10.5281/zenodo.14184956,cern.zenodo,2024,False,0,,creator_name,dataset_repo
10.5281/zenodo.14184957,Label-free multiplexed detection of diabetic retinopathy biomarkers using fiber optic  biosensors: towards lab-in-the-tear,Zenodo,Zenodo,https://zenodo.org/doi/10.5281/zenodo.14184957,cern.zenodo,2024,False,0,,creator_name,dataset_repo
10.5281/zenodo.14187873,Label-free multiplexed detection of diabetic retinopathy biomarkers using fiber optic  biosensors: towards lab-in-the-tear,Zenodo,Zenodo,https://zenodo.org/doi/10.5281/zenodo.14187873,cern.zenodo,2024,False,0,,creator_name,dataset_repo
10.5281/zenodo.14190076,Label-free multiplexed detection of diabetic retinopathy biomarkers using fiber optic  biosensors: towards lab-in-the-tear,Zenodo,Zenodo,https://zenodo.org/doi/10.5281/zenodo.14190076,cern.zenodo,2024,False,0,,creator_name,dataset_repo
10.5281/zenodo.1420073,Experimental Data Of: When Higher Carrying Capacities Lead To Faster Propagation,Zenodo,Zenodo,https://zenodo.org/record/1420073,cern.zenodo,2018,False,0,,,dataset_repo
10.5281/zenodo.1420074,Experimental Data Of: When Higher Carrying Capacities Lead To Faster Propagation,Zenodo,Zenodo,https://zenodo.org/record/1420074,cern.zenodo,2018,False,0,,,dataset_repo
10.5281/zenodo.14232523,Data for 'Highly reflective white clouds on the western dayside of an exo-Neptune'.,Zenodo,Zenodo,https://zenodo.org/doi/10.5281/zenodo.14232523,cern.zenodo,2025,False,0,,contributor_name,dataset_repo
10.5281/zenodo.14232524,Data for 'Highly reflective white clouds on the western dayside of an exo-Neptune'.,Zenodo,Zenodo,https://zenodo.org/doi/10.5281/zenodo.14232524,cern.zenodo,2025,False,0,,contributor_name,dataset_repo
10.5281/zenodo.14503418,Rapid microfluidic perfusion system enables controlling dynamics of intracellular pH regulated by Na+/H+ exchanger NHE1,Zenodo,Zenodo,https://zenodo.org/doi/10.5281/zenodo.14503418,cern.zenodo,2024,False,0,,creator_name,dataset_repo
10.5281/zenodo.14514163,CREATTIVE3D multimodal dataset of user behavior in virtual reality,Zenodo,Zenodo,https://zenodo.org/doi/10.5281/zenodo.14514163,cern.zenodo,2024,False,0,,,dataset_repo
10.5281/zenodo.14547355,Time-lapses of spruce tree wood hydrolysis,Zenodo,Zenodo,https://zenodo.org/doi/10.5281/zenodo.14547355,cern.zenodo,2025,False,0,,,dataset_repo
10.5281/zenodo.14547356,Time-lapses of spruce tree wood hydrolysis,Zenodo,Zenodo,https://zenodo.org/doi/10.5281/zenodo.14547356,cern.zenodo,2025,True,1,hal-05065428,,dataset_repo
10.5281/zenodo.14585607,"Simulation of HLVK Configuration for O5 and O6 Observation Runs: Gravitational Wave Detection Rates, Skymaps, and Multimessenger Parameters (November 2024 edition)",Zenodo,Zenodo,https://zenodo.org/doi/10.5281/zenodo.14585607,cern.zenodo,2025,False,0,,,dataset_repo
10.5281/zenodo.14585837,"Simulation of HLVK Configuration for O5 and O6 Observation Runs: Gravitational Wave Detection Rates, Skymaps, and Multimessenger Parameters (November 2024 edition)",Zenodo,Zenodo,https://zenodo.org/doi/10.5281/zenodo.14585837,cern.zenodo,2025,False,0,,,dataset_repo
10.5281/zenodo.14650668,TARA Pacific CTAX morphological annotations,Zenodo,Zenodo,https://zenodo.org/doi/10.5281/zenodo.14650668,cern.zenodo,2025,False,0,,creator_name,dataset_repo
10.5281/zenodo.14650669,TARA Pacific CTAX morphological annotations,Zenodo,Zenodo,https://zenodo.org/doi/10.5281/zenodo.14650669,cern.zenodo,2025,False,0,,creator_name,dataset_repo
10.5281/zenodo.14666394,Resources for: Morphological traits and machine learning for genetic lineage prediction of two reef-building corals,Zenodo,Zenodo,https://zenodo.org/doi/10.5281/zenodo.14666394,cern.zenodo,2025,False,0,,creator_name,dataset_repo
10.5281/zenodo.14666395,Resources for: Morphological traits and machine learning for genetic lineage prediction of two reef-building corals,Zenodo,Zenodo,https://zenodo.org/doi/10.5281/zenodo.14666395,cern.zenodo,2025,False,0,,creator_name,dataset_repo
10.5281/zenodo.14675849,"Distributions of throws, widths and scarp slopes on normal faults and their relations to fault growth: insights from Auto_Throw code",Zenodo,Zenodo,https://zenodo.org/doi/10.5281/zenodo.14675849,cern.zenodo,2025,False,0,,,dataset_repo
10.5281/zenodo.14676843,"Distributions of throws, widths and scarp slopes on normal faults and their relations to fault growth: insights from Auto_Throw code",Zenodo,Zenodo,https://zenodo.org/doi/10.5281/zenodo.14676843,cern.zenodo,2025,False,0,,,dataset_repo
10.5281/zenodo.14724746,3D seismic cycle models of two normal faults,Zenodo,Zenodo,https://zenodo.org/doi/10.5281/zenodo.14724746,cern.zenodo,2025,False,0,,creator_name,dataset_repo
10.5281/zenodo.14724747,3D seismic cycle models of two normal faults,Zenodo,Zenodo,https://zenodo.org/doi/10.5281/zenodo.14724747,cern.zenodo,2025,False,0,,creator_name,dataset_repo
10.5281/zenodo.14770264,CyberAgressionAdo-Large: a Dataset of Annotated Online Aggressions in French Collected through a Role-playing Game,Zenodo,Zenodo,https://zenodo.org/doi/10.5281/zenodo.14770264,cern.zenodo,2025,False,0,,creator_name,dataset_repo
10.5281/zenodo.14770265,CyberAgressionAdo-Large: a Dataset of Annotated Online Aggressions in French Collected through a Role-playing Game,Zenodo,Zenodo,https://zenodo.org/doi/10.5281/zenodo.14770265,cern.zenodo,2025,False,0,,creator_name,dataset_repo
10.5281/zenodo.14791933,Label-free multiplexed detection of diabetic retinopathy biomarkers using fiber optic  biosensors: towards lab-in-the-tear,Zenodo,Zenodo,https://zenodo.org/doi/10.5281/zenodo.14791933,cern.zenodo,2024,False,0,,creator_name,dataset_repo
10.5281/zenodo.14917458,Notterpek et al 2025. BPChAr—a Benzene Polycarboxylic Acid database to describe the molecular characteristics of laboratory-produced charcoal: Implications for soil science and archaeology,Zenodo,Zenodo,https://zenodo.org/doi/10.5281/zenodo.14917458,cern.zenodo,2025,False,0,,creator_name,dataset_repo
10.5281/zenodo.14917459,Notterpek et al 2025. BPChAr—a Benzene Polycarboxylic Acid database to describe the molecular characteristics of laboratory-produced charcoal: Implications for soil science and archaeology,Zenodo,Zenodo,https://zenodo.org/doi/10.5281/zenodo.14917459,cern.zenodo,2025,False,0,,creator_name,dataset_repo
10.5281/zenodo.15020132,"Codes and data for the publication ""Automatic earthquake catalogs from a permanent DAS offshore network"".",Zenodo,Zenodo,https://zenodo.org/doi/10.5281/zenodo.15020132,cern.zenodo,2025,False,0,,contributor_name,dataset_repo
10.5281/zenodo.15025385,Seismic cycle simulations and results for manuscript:  A rate-and-state friction based criterion for the probability of earthquake fault jumps,Zenodo,Zenodo,https://zenodo.org/doi/10.5281/zenodo.15025385,cern.zenodo,2025,False,0,,creator_name,dataset_repo
10.5281/zenodo.15025386,Seismic cycle simulations et results for manuscript: Probability of earthquake fault jumps from physics based criterion,Zenodo,Zenodo,https://zenodo.org/doi/10.5281/zenodo.15025386,cern.zenodo,2025,False,0,,creator_name,dataset_repo
10.5281/zenodo.15050722,Dataset of the package TepR (Transcription Elongation Profile in R),Zenodo,Zenodo,https://zenodo.org/doi/10.5281/zenodo.15050722,cern.zenodo,2025,False,0,,contributor_name,dataset_repo
10.5281/zenodo.15050723,Dataset of the package TepR (Transcription Elongation Profile in R),Zenodo,Zenodo,https://zenodo.org/doi/10.5281/zenodo.15050723,cern.zenodo,2025,False,0,,contributor_name,dataset_repo
10.5281/zenodo.15064500,"Gaia DR3 asteroid reflectance spectra: L-type families, memberships and ages",Zenodo,Zenodo,https://zenodo.org/doi/10.5281/zenodo.15064500,cern.zenodo,2024,False,0,,,dataset_repo
10.5281/zenodo.15077189,3D models of deformed cave passages in Mescla Cave in the Maritimes Alps,Zenodo,Zenodo,https://zenodo.org/doi/10.5281/zenodo.15077189,cern.zenodo,2025,False,0,,creator_name,dataset_repo
10.5281/zenodo.15097906,FALCON (Fallacies in COVID-19 Network-based),Zenodo,Zenodo,https://zenodo.org/doi/10.5281/zenodo.15097906,cern.zenodo,2024,False,0,,creator_name,dataset_repo
10.5281/zenodo.15097907,FALCON (Fallacies in COVID-19 Network-based),Zenodo,Zenodo,https://zenodo.org/doi/10.5281/zenodo.15097907,cern.zenodo,2024,False,0,,creator_name,dataset_repo
10.5281/zenodo.15100337,Imaging the sediment cover offshore central Chile with surface-wave dispersion and P-wave conversion using DAS,Zenodo,Zenodo,https://zenodo.org/doi/10.5281/zenodo.15100337,cern.zenodo,2025,False,0,,creator_name,dataset_repo
10.5281/zenodo.15137767,"TABLE 1 in Faire gras à Molène: dairy products and ruminant fats detected by lipid and isotopic analysis of pottery dating to the Final Neolithic-Early Bronze Age from the island site of Beg ar Loued (Molène, western Brittany, France)",Zenodo,Zenodo,https://zenodo.org/doi/10.5281/zenodo.15137767,cern.zenodo,2024,False,0,,,dataset_repo
10.5281/zenodo.15137768,"TABLE 1 in Faire gras à Molène: dairy products and ruminant fats detected by lipid and isotopic analysis of pottery dating to the Final Neolithic-Early Bronze Age from the island site of Beg ar Loued (Molène, western Brittany, France)",Zenodo,Zenodo,https://zenodo.org/doi/10.5281/zenodo.15137768,cern.zenodo,2024,False,0,,,dataset_repo
10.5281/zenodo.15137769,"TABLE 2 in Faire gras à Molène: dairy products and ruminant fats detected by lipid and isotopic analysis of pottery dating to the Final Neolithic-Early Bronze Age from the island site of Beg ar Loued (Molène, western Brittany, France)",Zenodo,Zenodo,https://zenodo.org/doi/10.5281/zenodo.15137769,cern.zenodo,2024,False,0,,,dataset_repo
10.5281/zenodo.15137770,"TABLE 2 in Faire gras à Molène: dairy products and ruminant fats detected by lipid and isotopic analysis of pottery dating to the Final Neolithic-Early Bronze Age from the island site of Beg ar Loued (Molène, western Brittany, France)",Zenodo,Zenodo,https://zenodo.org/doi/10.5281/zenodo.15137770,cern.zenodo,2024,False,0,,,dataset_repo
10.5281/zenodo.15137771,"TABLE 3 in Faire gras à Molène: dairy products and ruminant fats detected by lipid and isotopic analysis of pottery dating to the Final Neolithic-Early Bronze Age from the island site of Beg ar Loued (Molène, western Brittany, France)",Zenodo,Zenodo,https://zenodo.org/doi/10.5281/zenodo.15137771,cern.zenodo,2024,False,0,,,dataset_repo
10.5281/zenodo.15137772,"TABLE 3 in Faire gras à Molène: dairy products and ruminant fats detected by lipid and isotopic analysis of pottery dating to the Final Neolithic-Early Bronze Age from the island site of Beg ar Loued (Molène, western Brittany, France)",Zenodo,Zenodo,https://zenodo.org/doi/10.5281/zenodo.15137772,cern.zenodo,2024,False,0,,,dataset_repo
10.5281/zenodo.15165582,3D models of deformed cave passages in Mescla Cave in the Maritimes Alps,Zenodo,Zenodo,https://zenodo.org/doi/10.5281/zenodo.15165582,cern.zenodo,2025,False,0,,creator_name,dataset_repo
10.5281/zenodo.15167861,"Data set for: ""Stress Distribution and Seismic Cycle Complexity on a Long Laboratory Fault""",Zenodo,Zenodo,https://zenodo.org/doi/10.5281/zenodo.15167861,cern.zenodo,2025,False,0,,creator_name,dataset_repo
10.5281/zenodo.15167862,"Data set for: ""Stress Distribution and Seismic Cycle Complexity on a Long Laboratory Fault""",Zenodo,Zenodo,https://zenodo.org/doi/10.5281/zenodo.15167862,cern.zenodo,2025,True,1,hal-05266438,creator_name,dataset_repo
10.5281/zenodo.15268469,TechXposure Database (v.0.9.1),Zenodo,Zenodo,https://zenodo.org/doi/10.5281/zenodo.15268469,cern.zenodo,2025,False,0,,creator_name,dataset_repo
10.5281/zenodo.15274011,"Data for Barros et al., 2025 'Induction of the ISR by AB5 subtilase cytotoxin drives type-I IFN expression in pDCs via STING activation'",Zenodo,Zenodo,https://zenodo.org/doi/10.5281/zenodo.15274011,cern.zenodo,2025,False,0,,,dataset_repo
10.5281/zenodo.15274012,"Data for Barros et al., 2025 'Induction of the ISR by AB5 subtilase cytotoxin drives type-I IFN expression in pDCs via STING activation'",Zenodo,Zenodo,https://zenodo.org/doi/10.5281/zenodo.15274012,cern.zenodo,2025,False,0,,,dataset_repo
10.5281/zenodo.15300441,Resources for: Morphological traits and machine learning for genetic lineage prediction of two reef-building corals,Zenodo,Zenodo,https://zenodo.org/doi/10.5281/zenodo.15300441,cern.zenodo,2025,False,0,,creator_name,dataset_repo
10.5281/zenodo.15353303,Code and Data for: Calving-driven fjord dynamics resolved by seafloor fibre sensing,Zenodo,Zenodo,https://zenodo.org/doi/10.5281/zenodo.15353303,cern.zenodo,2025,False,0,,creator_name,dataset_repo
10.5281/zenodo.15353304,Code and Data for: Calving-driven fjord dynamics resolved by seafloor fibre sensing,Zenodo,Zenodo,https://zenodo.org/doi/10.5281/zenodo.15353304,cern.zenodo,2025,False,0,,creator_name,dataset_repo
10.5281/zenodo.15470199,Toward Brague river flood modelling: dataset,Zenodo,Zenodo,https://zenodo.org/doi/10.5281/zenodo.15470199,cern.zenodo,2025,False,0,,,dataset_repo
10.5281/zenodo.15470200,Toward Brague river flood modelling: dataset,Zenodo,Zenodo,https://zenodo.org/doi/10.5281/zenodo.15470200,cern.zenodo,2025,False,0,,,dataset_repo
10.5281/zenodo.15600970,Wikidata Thematic Subgraph Selection - An Artwork Dataset for experiments,Zenodo,Zenodo,https://zenodo.org/doi/10.5281/zenodo.15600970,cern.zenodo,2025,False,0,,creator_name,dataset_repo
10.5281/zenodo.15600971,Wikidata Thematic Subgraph Selection - An Artwork Dataset for experiments,Zenodo,Zenodo,https://zenodo.org/doi/10.5281/zenodo.15600971,cern.zenodo,2025,False,0,,creator_name,dataset_repo
10.5281/zenodo.15606648,Strain and slip data for Kinematic inversion of fault slip during the nucleation of laboratory earthquakes,Zenodo,Zenodo,https://zenodo.org/doi/10.5281/zenodo.15606648,cern.zenodo,2025,False,0,,,dataset_repo
10.5281/zenodo.15716729,Dataset: Quasi-Random Interferometric Optical Fiber Biosensor for Label-Free Quantitative Detection of CD44-Expressing Cancer Cells,Zenodo,Zenodo,https://zenodo.org/doi/10.5281/zenodo.15716729,cern.zenodo,2025,False,0,,,dataset_repo
10.5281/zenodo.15716730,Dataset: Quasi-Random Interferometric Optical Fiber Biosensor for Label-Free Quantitative Detection of CD44-Expressing Cancer Cells,Zenodo,Zenodo,https://zenodo.org/doi/10.5281/zenodo.15716730,cern.zenodo,2025,False,0,,,dataset_repo
10.5281/zenodo.15781600,"Codes and data for the publication ""Automatic earthquake catalogs from a permanent DAS offshore network"".",Zenodo,Zenodo,https://zenodo.org/doi/10.5281/zenodo.15781600,cern.zenodo,2025,False,0,,contributor_name,dataset_repo
10.5281/zenodo.15834518,"Semantically Enriched Link Prediction Datasets DB100k+, Yago3-10+ and NELL-995+",Zenodo,Zenodo,https://zenodo.org/doi/10.5281/zenodo.15834518,cern.zenodo,2025,False,0,,creator_name,dataset_repo
10.5281/zenodo.15834519,"Semantically Enriched Link Prediction Datasets DB100k+, Yago3-10+ and NELL-995+",Zenodo,Zenodo,https://zenodo.org/doi/10.5281/zenodo.15834519,cern.zenodo,2025,False,0,,creator_name,dataset_repo
10.5281/zenodo.15849254,"Codes and data for the publication ""Automatic earthquake catalogs from a permanent DAS offshore network"".",Zenodo,Zenodo,https://zenodo.org/doi/10.5281/zenodo.15849254,cern.zenodo,2025,False,0,,contributor_name,dataset_repo
10.5281/zenodo.15863929,Geodynamics of a global plate reorganisation from topological data analysis (Supplementary material),Zenodo,Zenodo,https://zenodo.org/doi/10.5281/zenodo.15863929,cern.zenodo,2025,False,0,,,dataset_repo
10.5281/zenodo.15863930,Geodynamics of a global plate reorganisation from topological data analysis (Supplementary material),Zenodo,Zenodo,https://zenodo.org/doi/10.5281/zenodo.15863930,cern.zenodo,2025,False,0,,,dataset_repo
10.5281/zenodo.15869926,Data for main text figures - In situ engineering hexagonal boron nitride in van der Waals heterostructures with selective SF6 etching,Zenodo,Zenodo,https://zenodo.org/doi/10.5281/zenodo.15869926,cern.zenodo,2025,False,0,,,dataset_repo
10.5281/zenodo.15869927,Data for main text figures - In situ engineering hexagonal boron nitride in van der Waals heterostructures with selective SF6 etching,Zenodo,Zenodo,https://zenodo.org/doi/10.5281/zenodo.15869927,cern.zenodo,2025,False,0,,,dataset_repo
10.5281/zenodo.15875325,"Semantically Enriched Link Prediction Datasets DB100k+, Yago3-10+ and NELL-995+",Zenodo,Zenodo,https://zenodo.org/doi/10.5281/zenodo.15875325,cern.zenodo,2025,False,0,,creator_name,dataset_repo
10.5281/zenodo.16275329,"Short RFamide, CFamide and FCamide peptides as novel positive modulators of ASIC 3 with similar potentiating effects but different reversibility",Zenodo,Zenodo,https://zenodo.org/doi/10.5281/zenodo.16275329,cern.zenodo,2025,False,0,,creator_name,dataset_repo
10.5281/zenodo.16275330,Short RFamide and CFamide peptides as novel positive modulators of ASIC3 with similar potentiating effects but different reversibility,Zenodo,Zenodo,https://zenodo.org/doi/10.5281/zenodo.16275330,cern.zenodo,2025,False,0,,creator_name,dataset_repo
10.5281/zenodo.16571933,Why do women pursue a PhD in Computer Science? (Dataset),Zenodo,Zenodo,https://zenodo.org/doi/10.5281/zenodo.16571933,cern.zenodo,2025,False,0,,creator_name,dataset_repo
10.5281/zenodo.16571934,Why do women pursue a PhD in Computer Science? (Dataset),Zenodo,Zenodo,https://zenodo.org/doi/10.5281/zenodo.16571934,cern.zenodo,2025,False,0,,creator_name,dataset_repo
10.5281/zenodo.16616673,"Supporting data for ""Identifying and anticipating the threshold bifurcation of a complex laser with permutation entropy"" published in Physical Review Letters.",Zenodo,Zenodo,https://zenodo.org/doi/10.5281/zenodo.16616673,cern.zenodo,2025,False,0,,creator_name,dataset_repo
10.5281/zenodo.16616674,"Supporting data for ""Identifying and anticipating the threshold bifurcation of a complex laser with permutation entropy"" published in Physical Review Letters.",Zenodo,Zenodo,https://zenodo.org/doi/10.5281/zenodo.16616674,cern.zenodo,2025,False,0,,creator_name,dataset_repo
10.5281/zenodo.16633304,Acid dissociation constants in selected dipolar non-hydrogen-bond-donor solvents,Zenodo,Zenodo,https://zenodo.org/doi/10.5281/zenodo.16633304,cern.zenodo,2025,False,0,,creator_name,dataset_repo
10.5281/zenodo.16778779,Disorder-induced stress-flow misalignment in soft glassy materials revealed using multi-directional shear (dataset),Zenodo,Zenodo,https://zenodo.org/doi/10.5281/zenodo.16778779,cern.zenodo,2025,False,0,,creator_name|contributor_name,dataset_repo
10.5281/zenodo.16778780,Disorder-induced stress-flow misalignment in soft glassy materials revealed using multi-directional shear (dataset),Zenodo,Zenodo,https://zenodo.org/doi/10.5281/zenodo.16778780,cern.zenodo,2025,False,0,,creator_name|contributor_name,dataset_repo
10.5281/zenodo.16792757,Seismic cycle simulations et results for manuscript: Probability of earthquake fault jumps from a new physics based criterion in the rate-and-state friction framework,Zenodo,Zenodo,https://zenodo.org/doi/10.5281/zenodo.16792757,cern.zenodo,2025,False,0,,creator_name,dataset_repo
10.5281/zenodo.16882613,Acid dissociation constants in selected dipolar non-hydrogen-bond-donor solvents,Zenodo,Zenodo,https://zenodo.org/doi/10.5281/zenodo.16882613,cern.zenodo,2025,False,0,,creator_name,dataset_repo
10.5281/zenodo.17051408,"Strain-Rate Data for ""High-Resolution Imaging of a Distant M6 Intermediate-Depth Earthquake Using Ocean-Bottom DAS and Seismic Network """,Zenodo,Zenodo,https://zenodo.org/doi/10.5281/zenodo.17051408,cern.zenodo,2025,False,0,,creator_name,dataset_repo
10.5281/zenodo.17051409,"Strain-Rate Data for ""High-Resolution Imaging of a Distant M6 Intermediate-Depth Earthquake Using Ocean-Bottom DAS and Seismic Network """,Zenodo,Zenodo,https://zenodo.org/doi/10.5281/zenodo.17051409,cern.zenodo,2025,False,0,,creator_name,dataset_repo
10.5281/zenodo.17063565,Structures of FDA-approved drugs and their active metabolites and data sets of experimental PD and PK properties,Zenodo,Zenodo,https://zenodo.org/doi/10.5281/zenodo.17063565,cern.zenodo,2024,False,0,,,dataset_repo
10.5281/zenodo.17091804,HFinder training dataset,Zenodo,Zenodo,https://zenodo.org/doi/10.5281/zenodo.17091804,cern.zenodo,2026,False,0,,creator_name,dataset_repo
10.5281/zenodo.17091805,HFinder training dataset,Zenodo,Zenodo,https://zenodo.org/doi/10.5281/zenodo.17091805,cern.zenodo,2026,False,0,,creator_name,dataset_repo
10.5281/zenodo.17143737,"Continuous data used in the publication ""Automatic earthquake catalogs from a permanent DAS offshore network"".",Zenodo,Zenodo,https://zenodo.org/doi/10.5281/zenodo.17143737,cern.zenodo,2025,False,0,,contributor_name,dataset_repo
10.5281/zenodo.17143738,"Continuous data used in the publication ""Automatic earthquake catalogs from a permanent DAS offshore network"".",Zenodo,Zenodo,https://zenodo.org/doi/10.5281/zenodo.17143738,cern.zenodo,2025,False,0,,contributor_name,dataset_repo
10.5281/zenodo.17156399,"Semantically Enriched Link Prediction Datasets DB100k+, Yago3-10+ and NELL-995+",Zenodo,Zenodo,https://zenodo.org/doi/10.5281/zenodo.17156399,cern.zenodo,2025,False,0,,creator_name,dataset_repo
10.5281/zenodo.17177110,Supplementary information 3D seismic cycle models of the Italian Apennines,Zenodo,Zenodo,https://zenodo.org/doi/10.5281/zenodo.17177110,cern.zenodo,2026,False,0,,creator_name,dataset_repo
10.5281/zenodo.17177111,Supplementary information 3D seismic cycle models of the Italian Apennines,Zenodo,Zenodo,https://zenodo.org/doi/10.5281/zenodo.17177111,cern.zenodo,2025,False,0,,creator_name,dataset_repo
10.5281/zenodo.17251237,"Structural data associated with ""3D petro-structural evolution of the High Pressure-Low Temperature Phyllite-Quartzite nappe pile in Southern Peloponnese, Greece""",Zenodo,Zenodo,https://zenodo.org/doi/10.5281/zenodo.17251237,cern.zenodo,2025,False,0,,creator_name,dataset_repo
10.5281/zenodo.17251238,"Structural data associated with ""3D petro-structural evolution of the High Pressure-Low Temperature Phyllite-Quartzite nappe pile in Southern Peloponnese, Greece""",Zenodo,Zenodo,https://zenodo.org/doi/10.5281/zenodo.17251238,cern.zenodo,2025,False,0,,creator_name,dataset_repo
10.5281/zenodo.17438317,"Semantically Enriched Link Prediction Datasets DB100k+, Yago3-10+ and NELL-995+",Zenodo,Zenodo,https://zenodo.org/doi/10.5281/zenodo.17438317,cern.zenodo,2025,False,0,,creator_name,dataset_repo
10.5281/zenodo.17485962,"Supplementary material for ""Nonlinear dynamics of air invasion in one-dimensional compliant fluid networks""",Zenodo,Zenodo,https://zenodo.org/doi/10.5281/zenodo.17485962,cern.zenodo,2025,False,0,,,dataset_repo
10.5281/zenodo.17485963,"Supplementary material for ""Nonlinear dynamics of air invasion in one-dimensional compliant fluid networks""",Zenodo,Zenodo,https://zenodo.org/doi/10.5281/zenodo.17485963,cern.zenodo,2025,False,0,,,dataset_repo
10.5281/zenodo.17591982,"Earthquake catalog for year 2017 - Gulf of Corinth, Greece - see Danré et al., 2025, submitted",Zenodo,Zenodo,https://zenodo.org/doi/10.5281/zenodo.17591982,cern.zenodo,2025,False,0,,contributor_name,dataset_repo
10.5281/zenodo.17591983,"Earthquake catalog for year 2017 - Gulf of Corinth, Greece - see Danré et al., 2025, submitted",Zenodo,Zenodo,https://zenodo.org/doi/10.5281/zenodo.17591983,cern.zenodo,2025,False,0,,contributor_name,dataset_repo
10.5281/zenodo.17609313,Multimodal atmospheric characterization of β Pictoris b: Adding high-resolution continuum spectra from GRAVITY,Zenodo,Zenodo,https://zenodo.org/doi/10.5281/zenodo.17609313,cern.zenodo,2025,False,0,,,dataset_repo
10.5281/zenodo.17609314,Multimodal atmospheric characterization of β Pictoris b: Adding high-resolution continuum spectra from GRAVITY,Zenodo,Zenodo,https://zenodo.org/doi/10.5281/zenodo.17609314,cern.zenodo,2025,False,0,,,dataset_repo
10.5281/zenodo.17630217,"Supplementary Dataset for ""Virtual City Simulator: A Scenario-Based Tool for Multidimensional Urban Flood Long-Term Vulnerability Assessment and Planning in Mediterranean Cities""",Zenodo,Zenodo,https://zenodo.org/doi/10.5281/zenodo.17630217,cern.zenodo,2025,False,0,,,dataset_repo
10.5281/zenodo.17630218,"Supplementary Dataset for ""Virtual City Simulator: A Scenario-Based Tool for Multidimensional Urban Flood Long-Term Vulnerability Assessment and Planning in Mediterranean Cities""",Zenodo,Zenodo,https://zenodo.org/doi/10.5281/zenodo.17630218,cern.zenodo,2025,False,0,,,dataset_repo
10.5281/zenodo.17633386,MultimodalBirds,Zenodo,Zenodo,https://zenodo.org/doi/10.5281/zenodo.17633386,cern.zenodo,2026,False,0,,creator_name,dataset_repo
10.5281/zenodo.17633387,MultimodalBirds,Zenodo,Zenodo,https://zenodo.org/doi/10.5281/zenodo.17633387,cern.zenodo,2026,False,0,,creator_name,dataset_repo
10.5281/zenodo.17650851,Tara Pacific CDIV ITS2 Symbiodiniaceae data release V2,Zenodo,Zenodo,https://zenodo.org/doi/10.5281/zenodo.17650851,cern.zenodo,2025,False,0,,,dataset_repo
10.5281/zenodo.17724419,Models results for article: Lithospheric Models Supported by the Caribbean and Levant Examples Help Rethink Transpression at Plate Boundaries,Zenodo,Zenodo,https://zenodo.org/doi/10.5281/zenodo.17724419,cern.zenodo,2025,False,0,,creator_name|contributor_name,dataset_repo
10.5281/zenodo.17724420,Models results for article: Lithospheric Models Supported by the Caribbean and Levant Examples Help Rethink Transpression at Plate Boundaries,Zenodo,Zenodo,https://zenodo.org/doi/10.5281/zenodo.17724420,cern.zenodo,2025,False,0,,creator_name|contributor_name,dataset_repo
10.5281/zenodo.17986710,"Short RFamide, CFamide and FCamide peptides as novel positive modulators of ASIC 3 with similar potentiating effects but different reversibility",Zenodo,Zenodo,https://zenodo.org/doi/10.5281/zenodo.17986710,cern.zenodo,2025,False,0,,creator_name,dataset_repo
10.5281/zenodo.18105912,Exploring rotational properties and the YORP effect in asteroid families,Zenodo,Zenodo,https://zenodo.org/doi/10.5281/zenodo.18105912,cern.zenodo,2026,False,0,,,dataset_repo
10.5281/zenodo.18105913,Exploring rotational properties and the YORP effect in asteroid families,Zenodo,Zenodo,https://zenodo.org/doi/10.5281/zenodo.18105913,cern.zenodo,2026,False,0,,,dataset_repo
10.5281/zenodo.18225891,Intergenerational Circularity: Unlocking Elderly Knowledge for a Circular Economy Nice - France,Zenodo,Zenodo,https://zenodo.org/doi/10.5281/zenodo.18225891,cern.zenodo,2026,False,0,,creator_name,dataset_repo
10.5281/zenodo.18225892,Intergenerational Circularity: Unlocking Elderly Knowledge for a Circular Economy Nice - France,Zenodo,Zenodo,https://zenodo.org/doi/10.5281/zenodo.18225892,cern.zenodo,2026,False,0,,creator_name,dataset_repo
10.5281/zenodo.18312592,Optimized cartesian coordinates,Zenodo,Zenodo,https://zenodo.org/doi/10.5281/zenodo.18312592,cern.zenodo,2026,False,0,,creator_name,dataset_repo
10.5281/zenodo.18312593,Optimized cartesian coordinates,Zenodo,Zenodo,https://zenodo.org/doi/10.5281/zenodo.18312593,cern.zenodo,2026,False,0,,creator_name,dataset_repo
10.5281/zenodo.18325447,Marine Systematic Conservation Planning case studies,Zenodo,Zenodo,https://zenodo.org/doi/10.5281/zenodo.18325447,cern.zenodo,2025,False,0,,contributor_name,dataset_repo
10.5281/zenodo.18325448,Marine Systematic Conservation Planning case studies,Zenodo,Zenodo,https://zenodo.org/doi/10.5281/zenodo.18325448,cern.zenodo,2025,False,0,,contributor_name,dataset_repo
10.5281/zenodo.18339858,Supplementary information 3D seismic cycle models of the Italian Apennines,Zenodo,Zenodo,https://zenodo.org/doi/10.5281/zenodo.18339858,cern.zenodo,2026,False,0,,creator_name,dataset_repo
10.5281/zenodo.18389428,Concentration en particules fines à Nice mesurée à l'aide des capteurs Mobilair développés par AirCarto,Zenodo,Zenodo,https://zenodo.org/doi/10.5281/zenodo.18389428,cern.zenodo,2026,False,0,,creator_name,dataset_repo
10.5281/zenodo.18389429,Concentration en particules fines à Nice mesurée à l'aide des capteurs Mobilair développés par AirCarto,Zenodo,Zenodo,https://zenodo.org/doi/10.5281/zenodo.18389429,cern.zenodo,2026,False,0,,creator_name,dataset_repo
10.5281/zenodo.18503858,Seismic cycle simulations and results for manuscript:  A rate-and-state friction based criterion for the probability of earthquake fault jumps,Zenodo,Zenodo,https://zenodo.org/doi/10.5281/zenodo.18503858,cern.zenodo,2025,True,1,hal-05593448,creator_name,dataset_repo
10.5281/zenodo.18675576,Gaia FPR binary asteroids search dataset,Zenodo,Zenodo,https://zenodo.org/doi/10.5281/zenodo.18675576,cern.zenodo,2026,False,0,,creator_name,dataset_repo
10.5281/zenodo.18675577,Gaia FPR binary asteroids search dataset,Zenodo,Zenodo,https://zenodo.org/doi/10.5281/zenodo.18675577,cern.zenodo,2026,False,0,,creator_name,dataset_repo
10.5281/zenodo.18803776,Dataset of the paper : Differences in circulating levels of Non-Classical Monocytes and associated caspase 1 activation during Staphylococcus aureus and Escherichia coli bacteremia,Zenodo,Zenodo,https://zenodo.org/doi/10.5281/zenodo.18803776,cern.zenodo,2026,False,0,,creator_name,dataset_repo
10.5281/zenodo.18803777,Dataset of the paper : Differences in circulating levels of Non-Classical Monocytes and associated caspase 1 activation during Staphylococcus aureus and Escherichia coli bacteremia,Zenodo,Zenodo,https://zenodo.org/doi/10.5281/zenodo.18803777,cern.zenodo,2026,False,0,,creator_name,dataset_repo
10.5281/zenodo.18938029,miR-210 locus deletion disrupts cellular homeostasis an integrated genetic study,Zenodo,Zenodo,https://zenodo.org/doi/10.5281/zenodo.18938029,cern.zenodo,2026,False,0,,,dataset_repo
10.5281/zenodo.18938030,miR-210 locus deletion disrupts cellular homeostasis an integrated genetic study,Zenodo,Zenodo,https://zenodo.org/doi/10.5281/zenodo.18938030,cern.zenodo,2026,False,0,,,dataset_repo
10.5281/zenodo.19482090,Tsunami Ionospheric Signatures Monitoring with GNSS Database,Zenodo,Zenodo,https://zenodo.org/doi/10.5281/zenodo.19482090,cern.zenodo,2026,False,0,,creator_name,dataset_repo
10.5281/zenodo.19482091,Tsunami Ionospheric Signatures Monitoring with GNSS Database,Zenodo,Zenodo,https://zenodo.org/doi/10.5281/zenodo.19482091,cern.zenodo,2026,False,0,,creator_name,dataset_repo
10.5281/zenodo.19484312,Dynamical Control of Non-Hermitian Coupling Between Sub-Threshold Nanolasers Enables Q-Switched Pulse Generation : DATASET,Zenodo,Zenodo,https://zenodo.org/doi/10.5281/zenodo.19484312,cern.zenodo,2026,False,0,,creator_name,dataset_repo
10.5281/zenodo.19484313,Dynamical Control of Non-Hermitian Coupling Between Sub-Threshold Nanolasers Enables Q-Switched Pulse Generation : DATASET,Zenodo,Zenodo,https://zenodo.org/doi/10.5281/zenodo.19484313,cern.zenodo,2026,False,0,,creator_name,dataset_repo
10.5281/zenodo.19518593,Acid dissociation constants in selected dipolar non-hydrogen-bond-donor solvents,Zenodo,Zenodo,https://zenodo.org/doi/10.5281/zenodo.19518593,cern.zenodo,2026,False,0,,creator_name,dataset_repo
10.5281/zenodo.19616929,GC-MS data for lipid analysis of HAS and sediment samples: La Draga and Pendimoun archaeological sites,Zenodo,Zenodo,https://zenodo.org/doi/10.5281/zenodo.19616929,cern.zenodo,2026,False,0,,creator_name,dataset_repo
10.5281/zenodo.19616930,GC-MS data for lipid analysis of HAS and sediment samples: La Draga and Pendimoun archaeological sites,Zenodo,Zenodo,https://zenodo.org/doi/10.5281/zenodo.19616930,cern.zenodo,2026,False,0,,creator_name,dataset_repo
10.5281/zenodo.19907502,The relationship between physical fitness and physical literacy: empirical evidence linking two physical activity-health concepts,Zenodo,Zenodo,https://zenodo.org/doi/10.5281/zenodo.19907502,cern.zenodo,2026,False,0,,,dataset_repo
10.5281/zenodo.19907503,The relationship between physical fitness and physical literacy: empirical evidence linking two physical activity-health concepts,Zenodo,Zenodo,https://zenodo.org/doi/10.5281/zenodo.19907503,cern.zenodo,2026,False,0,,,dataset_repo
10.5281/zenodo.19911897,Algorithm Delegation and Responsibility: Do people shift the blame to the programmer?,Zenodo,Zenodo,https://zenodo.org/doi/10.5281/zenodo.19911897,cern.zenodo,2026,False,0,,creator_name,dataset_repo
10.5281/zenodo.19911898,Algorithm Delegation and Responsibility: Do people shift the blame to the programmer?,Zenodo,Zenodo,https://zenodo.org/doi/10.5281/zenodo.19911898,cern.zenodo,2026,False,0,,creator_name,dataset_repo
10.5281/zenodo.20001729,Clock-state olfactory search in turbulent flows using Q-learning: The geometry of plume recovery,Zenodo,Zenodo,https://zenodo.org/doi/10.5281/zenodo.20001729,cern.zenodo,2026,False,0,,creator_name,dataset_repo
10.5281/zenodo.20001730,Clock-state olfactory search in turbulent flows using Q-learning: The geometry of plume recovery,Zenodo,Zenodo,https://zenodo.org/doi/10.5281/zenodo.20001730,cern.zenodo,2026,False,0,,creator_name,dataset_repo
10.5281/zenodo.20270117,KG4FUN: A benchmark for Knowledge Graph Funneling,Zenodo,Zenodo,https://zenodo.org/doi/10.5281/zenodo.20270117,cern.zenodo,2026,False,0,,creator_name,dataset_repo
10.5281/zenodo.20270118,KG4FUN: A benchmark for Knowledge Graph Funneling,Zenodo,Zenodo,https://zenodo.org/doi/10.5281/zenodo.20270118,cern.zenodo,2026,False,0,,creator_name,dataset_repo
10.5281/zenodo.20272079,WCVP-KG: World Checklist of Vascular Plants as an RDF Knowledge Graph,Zenodo,Zenodo,https://zenodo.org/doi/10.5281/zenodo.20272079,cern.zenodo,2026,False,0,,creator_name,dataset_repo
10.5281/zenodo.20272080,WCVP-KG: World Checklist of Vascular Plants as an RDF Knowledge Graph,Zenodo,Zenodo,https://zenodo.org/doi/10.5281/zenodo.20272080,cern.zenodo,2026,False,0,,creator_name,dataset_repo
10.5281/zenodo.20308980,Cyclic triaxial test results on French soils,Zenodo,Zenodo,https://zenodo.org/doi/10.5281/zenodo.20308980,cern.zenodo,2026,False,0,,,dataset_repo
10.5281/zenodo.20308981,Cyclic triaxial test results on French soils,Zenodo,Zenodo,https://zenodo.org/doi/10.5281/zenodo.20308981,cern.zenodo,2026,False,0,,,dataset_repo
10.5281/zenodo.20348720,Resonant column test results on French soils,Zenodo,Zenodo,https://zenodo.org/doi/10.5281/zenodo.20348720,cern.zenodo,2026,False,0,,,dataset_repo
10.5281/zenodo.20348721,Resonant column test results on French soils,Zenodo,Zenodo,https://zenodo.org/doi/10.5281/zenodo.20348721,cern.zenodo,2026,False,0,,,dataset_repo
10.5281/zenodo.20446669,MoDRE26 - Safety First! Modelling Requirements from GPT-5 System Card using Lightweight Safety Models,Zenodo,Zenodo,https://zenodo.org/doi/10.5281/zenodo.20446669,cern.zenodo,2026,True,1,hal-05681913,creator_name,dataset_repo
10.5281/zenodo.20446670,MoDRE26 - Safety First! Modelling Requirements from GPT-5 System Card using Lightweight Safety Models,Zenodo,Zenodo,https://zenodo.org/doi/10.5281/zenodo.20446670,cern.zenodo,2026,False,0,,creator_name,dataset_repo
10.5281/zenodo.20608081,13CO and potential variability in β Pictoris b with GRAVITY+,Zenodo,Zenodo,https://zenodo.org/doi/10.5281/zenodo.20608081,cern.zenodo,2026,False,0,,creator_name,dataset_repo
10.5281/zenodo.20608083,13CO and potential variability in β Pictoris b with GRAVITY+,Zenodo,Zenodo,https://zenodo.org/doi/10.5281/zenodo.20608083,cern.zenodo,2026,False,0,,creator_name,dataset_repo
10.5281/zenodo.20728076,PJB6_YS1 model steps 30 - 39,Zenodo,Zenodo,https://zenodo.org/doi/10.5281/zenodo.20728076,cern.zenodo,2026,False,0,,creator_name,dataset_repo
10.5281/zenodo.20728077,PJB6_YS1 model steps 30 - 39,Zenodo,Zenodo,https://zenodo.org/doi/10.5281/zenodo.20728077,cern.zenodo,2026,False,0,,creator_name,dataset_repo
10.5281/zenodo.20729612,N-UCF Sports: A Neuromorphic version of the UCF Sports Saliency Dataset,Zenodo,Zenodo,https://zenodo.org/doi/10.5281/zenodo.20729612,cern.zenodo,2026,False,0,,,dataset_repo
10.5281/zenodo.20729613,N-UCF Sports: A Neuromorphic version of the UCF Sports Saliency Dataset,Zenodo,Zenodo,https://zenodo.org/doi/10.5281/zenodo.20729613,cern.zenodo,2026,False,0,,,dataset_repo
10.5281/zenodo.20752560,TABLEAU 1 in L'alimentation des premières sociétés agropastorales du Sud de la France: premières données isotopiques sur des graines et fruits carbonisés néolithiques et essais de modélisation,Zenodo,Zenodo,https://zenodo.org/doi/10.5281/zenodo.20752560,cern.zenodo,2022,False,0,,,dataset_repo
10.5281/zenodo.20752561,TABLEAU 1 in L'alimentation des premières sociétés agropastorales du Sud de la France: premières données isotopiques sur des graines et fruits carbonisés néolithiques et essais de modélisation,Zenodo,Zenodo,https://zenodo.org/doi/10.5281/zenodo.20752561,cern.zenodo,2022,False,0,,,dataset_repo
10.5281/zenodo.20794026,ASB Metabolomics Skill Collection v2 (metabolomics-v0.1.0),Zenodo,Zenodo,https://zenodo.org/doi/10.5281/zenodo.20794026,cern.zenodo,2026,False,0,,,dataset_repo
10.5281/zenodo.20794027,ASB Metabolomics Skill Collection v2 (metabolomics-v0.1.0),Zenodo,Zenodo,https://zenodo.org/doi/10.5281/zenodo.20794027,cern.zenodo,2026,False,0,,,dataset_repo
10.5281/zenodo.20826945,Trajectory and analysis for amyloids peptides interacting with the lacunary POM,Zenodo,Zenodo,https://zenodo.org/doi/10.5281/zenodo.20826945,cern.zenodo,2026,False,0,,creator_name,dataset_repo
10.5281/zenodo.20826946,Trajectory and analysis for amyloids peptides interacting with the lacunary POM,Zenodo,Zenodo,https://zenodo.org/doi/10.5281/zenodo.20826946,cern.zenodo,2026,False,0,,creator_name,dataset_repo
10.5281/zenodo.20933958,"Data for : ""All-Optical Control of Birefringence in a Cold Atomic Ensemble""",Zenodo,Zenodo,https://zenodo.org/doi/10.5281/zenodo.20933958,cern.zenodo,2026,False,0,,creator_name,dataset_repo
10.5281/zenodo.20933959,"Data for : ""All-Optical Control of Birefringence in a Cold Atomic Ensemble""",Zenodo,Zenodo,https://zenodo.org/doi/10.5281/zenodo.20933959,cern.zenodo,2026,False,0,,creator_name,dataset_repo
10.5281/zenodo.21043647,TABLEAU 2 in L'alimentation des premières sociétés agropastorales du Sud de la France: premières données isotopiques sur des graines et fruits carbonisés néolithiques et essais de modélisation,Zenodo,Zenodo,https://zenodo.org/doi/10.5281/zenodo.21043647,cern.zenodo,2022,False,0,,,dataset_repo
10.5281/zenodo.21043648,TABLEAU 2 in L'alimentation des premières sociétés agropastorales du Sud de la France: premières données isotopiques sur des graines et fruits carbonisés néolithiques et essais de modélisation,Zenodo,Zenodo,https://zenodo.org/doi/10.5281/zenodo.21043648,cern.zenodo,2022,False,0,,,dataset_repo
10.5281/zenodo.21103718,"Data for manuscript: ""Potassium modulates Phytophthora zoospore motility and flagellar beating through dose-dependent effects """,Zenodo,Zenodo,https://zenodo.org/doi/10.5281/zenodo.21103718,cern.zenodo,2026,False,0,,,dataset_repo
10.5281/zenodo.21103719,"Data for manuscript: ""Potassium modulates Phytophthora zoospore motility and flagellar beating through dose-dependent effects """,Zenodo,Zenodo,https://zenodo.org/doi/10.5281/zenodo.21103719,cern.zenodo,2026,False,0,,,dataset_repo
10.5281/zenodo.21268345,"Phenotypic, metabolomic and phylogenetic datasets with R workflows for the analysis of tomato resistance to Phthorimaea (=Tuta) absoluta",Zenodo,Zenodo,https://zenodo.org/doi/10.5281/zenodo.21268345,cern.zenodo,2026,False,0,,creator_name,dataset_repo
10.5281/zenodo.21268346,"Phenotypic, metabolomic and phylogenetic datasets with R workflows for the analysis of tomato resistance to Tuta absoluta",Zenodo,Zenodo,https://zenodo.org/doi/10.5281/zenodo.21268346,cern.zenodo,2026,False,0,,creator_name,dataset_repo
10.5281/zenodo.21280659,"Phenotypic, metabolomic and phylogenetic datasets with R workflows for the analysis of tomato resistance to Phthorimaea (=Tuta) absoluta",Zenodo,Zenodo,https://zenodo.org/doi/10.5281/zenodo.21280659,cern.zenodo,2026,False,0,,creator_name,dataset_repo
10.5281/zenodo.21456884,Panchromatic view of the frigid Jovian exoplanet COCONUTS-2 b,Zenodo,Zenodo,https://zenodo.org/doi/10.5281/zenodo.21456884,cern.zenodo,2026,False,0,,creator_name,dataset_repo
10.5281/zenodo.21456885,Panchromatic view of the frigid Jovian exoplanet COCONUTS-2 b,Zenodo,Zenodo,https://zenodo.org/doi/10.5281/zenodo.21456885,cern.zenodo,2026,False,0,,creator_name,dataset_repo
10.5281/zenodo.21771187,NMMA fits for SN 2021ugl (NMMA–Astro-COLIBRI paper),Zenodo,Zenodo,https://zenodo.org/doi/10.5281/zenodo.21771187,cern.zenodo,2026,False,0,,,dataset_repo
10.5281/zenodo.21771188,NMMA fits for SN 2021ugl (NMMA–Astro-COLIBRI paper),Zenodo,Zenodo,https://zenodo.org/doi/10.5281/zenodo.21771188,cern.zenodo,2026,False,0,,,dataset_repo
10.5281/zenodo.21774434,Data : Tracking Deep Mantle Melting on Mars Using Phobos Tides,Zenodo,Zenodo,https://zenodo.org/doi/10.5281/zenodo.21774434,cern.zenodo,2026,False,0,,creator_name,dataset_repo
10.5281/zenodo.21807454,WCVP-KG: World Checklist of Vascular Plants as an RDF Knowledge Graph,Zenodo,Zenodo,https://zenodo.org/doi/10.5281/zenodo.21807454,cern.zenodo,2026,False,0,,creator_name,dataset_repo
10.5281/zenodo.21909193,GOMS-KLM Operator Sequences and Timing Data for ChatInVis: Supplementary Material,Zenodo,Zenodo,https://zenodo.org/doi/10.5281/zenodo.21909193,cern.zenodo,2026,False,0,,creator_name,dataset_repo
10.5281/zenodo.21909194,GOMS-KLM Operator Sequences and Timing Data for ChatInVis: Supplementary Material,Zenodo,Zenodo,https://zenodo.org/doi/10.5281/zenodo.21909194,cern.zenodo,2026,False,0,,creator_name,dataset_repo
10.5281/zenodo.21914728,HD 148797: A bright F-type star with two moderate-period low-density sub-Jovian planets,Zenodo,Zenodo,https://zenodo.org/doi/10.5281/zenodo.21914728,cern.zenodo,2026,False,0,,creator_name,dataset_repo
10.5281/zenodo.21914729,HD 148797: A bright F-type star with two moderate-period low-density sub-Jovian planets,Zenodo,Zenodo,https://zenodo.org/doi/10.5281/zenodo.21914729,cern.zenodo,2026,False,0,,creator_name,dataset_repo
10.5281/zenodo.21944526,Site characterisation Amorgos - Geophysical survey data,Zenodo,Zenodo,https://zenodo.org/doi/10.5281/zenodo.21944526,cern.zenodo,2026,False,0,,creator_name,dataset_repo
10.5281/zenodo.21944527,Site characterisation Amorgos - Geophysical survey data,Zenodo,Zenodo,https://zenodo.org/doi/10.5281/zenodo.21944527,cern.zenodo,2026,False,0,,creator_name,dataset_repo
10.5281/zenodo.21980064,BAISen2: A Sentinel-2 image dataset for rip channels detection along the French Atlantic coast,Zenodo,Zenodo,https://zenodo.org/doi/10.5281/zenodo.21980064,cern.zenodo,2026,False,0,,creator_name,dataset_repo
10.5281/zenodo.21980065,BAISen2: A Sentinel-2 image dataset for rip channels detection along the French Atlantic coast,Zenodo,Zenodo,https://zenodo.org/doi/10.5281/zenodo.21980065,cern.zenodo,2026,False,0,,creator_name,dataset_repo
10.5281/zenodo.22096080,KoNAMIC Electronic Throttle Body Experimental Dataset for Nonlinear System Identification,Zenodo,Zenodo,https://zenodo.org/doi/10.5281/zenodo.22096080,cern.zenodo,2026,False,0,,creator_name,dataset_repo
10.5281/zenodo.22096081,KoNAMIC Electronic Throttle Body Experimental Dataset for Nonlinear System Identification,Zenodo,Zenodo,https://zenodo.org/doi/10.5281/zenodo.22096081,cern.zenodo,2026,False,0,,creator_name,dataset_repo
10.5281/zenodo.22145070,"Code and data for ""Simulating passive scalar advection in rough Kraichnan flows""",Zenodo,Zenodo,https://zenodo.org/doi/10.5281/zenodo.22145070,cern.zenodo,2026,False,0,,creator_name,dataset_repo
10.5281/zenodo.22145071,"Code and data for ""Simulating passive scalar advection in rough Kraichnan flows""",Zenodo,Zenodo,https://zenodo.org/doi/10.5281/zenodo.22145071,cern.zenodo,2026,False,0,,creator_name,dataset_repo
10.5281/zenodo.22200263,MATRIX GaN diode-array proton beam characterisation,Zenodo,Zenodo,https://zenodo.org/doi/10.5281/zenodo.22200263,cern.zenodo,2026,False,0,,,dataset_repo
10.5281/zenodo.22200264,MATRIX GaN diode-array proton beam characterisation,Zenodo,Zenodo,https://zenodo.org/doi/10.5281/zenodo.22200264,cern.zenodo,2026,False,0,,,dataset_repo
10.5281/zenodo.22705698,New and published AFT data from the Western Alps (FAIR),Zenodo,Zenodo,https://zenodo.org/doi/10.5281/zenodo.22705698,cern.zenodo,2026,False,0,,creator_name,dataset_repo
10.5281/zenodo.22705699,New and published AFT data from the Western Alps (FAIR),Zenodo,Zenodo,https://zenodo.org/doi/10.5281/zenodo.22705699,cern.zenodo,2026,False,0,,creator_name,dataset_repo
10.5281/zenodo.22831843,Structures of FDA-approved drugs and their active metabolites and data sets of experimental PD and PK properties,Zenodo,Zenodo,https://zenodo.org/doi/10.5281/zenodo.22831843,cern.zenodo,2026,False,0,,,dataset_repo
10.5281/zenodo.22920512,"Counter-flow heat exchanger: experimental data, physical model and controllers",Zenodo,Zenodo,https://zenodo.org/doi/10.5281/zenodo.22920512,cern.zenodo,2026,False,0,,,dataset_repo
10.5281/zenodo.22920513,"Counter-flow heat exchanger: experimental data, physical model and controllers",Zenodo,Zenodo,https://zenodo.org/doi/10.5281/zenodo.22920513,cern.zenodo,2026,False,0,,,dataset_repo
10.5281/zenodo.2538023,SeisSol model setup of the Kaikōura's dynamic rupture model of Ulrich et al.,Zenodo,Zenodo,https://zenodo.org/record/2538023,cern.zenodo,2019,False,0,,,dataset_repo
10.5281/zenodo.2538024,SeisSol model setup of the Kaikōura's dynamic rupture model of Ulrich et al.,Zenodo,Zenodo,https://zenodo.org/record/2538024,cern.zenodo,2019,False,0,,,dataset_repo
10.5281/zenodo.2581011,A High-resolution Mosaic of the Neutral Hydrogen in the M81 Triplet,Zenodo,Zenodo,https://zenodo.org/record/2581011,cern.zenodo,2019,False,0,,creator_name,dataset_repo
10.5281/zenodo.2581012,A High-resolution Mosaic of the Neutral Hydrogen in the M81 Triplet,Zenodo,Zenodo,https://zenodo.org/record/2581012,cern.zenodo,2019,False,0,,creator_name,dataset_repo
10.5281/zenodo.2598387,An evaluation of pool-sequencing transcriptome-based exon capture for population genomics of non-model species.,Zenodo,Zenodo,https://zenodo.org/record/2598387,cern.zenodo,2019,False,0,,,dataset_repo
10.5281/zenodo.2598388,An evaluation of pool-sequencing transcriptome-based exon capture for population genomics of non-model species.,Zenodo,Zenodo,https://zenodo.org/record/2598388,cern.zenodo,2019,False,0,,,dataset_repo
10.5281/zenodo.3247646,"Lower Bound Estimates of WM Capacity dataFiles (Chekaf, Cowan, Mathy)",Zenodo,Zenodo,https://zenodo.org/record/3247646,cern.zenodo,2019,False,0,,,dataset_repo
10.5281/zenodo.3247647,"Lower Bound Estimates of WM Capacity dataFiles (Chekaf, Cowan, Mathy)",Zenodo,Zenodo,https://zenodo.org/record/3247647,cern.zenodo,2019,False,0,,,dataset_repo
10.5281/zenodo.3355271,"Human Bony Labyrinth: Co-Registered CT and micro-CT Images, Surface Models and Anatomical Landmarks",Zenodo,Zenodo,https://zenodo.org/record/3355271,cern.zenodo,2019,False,0,,,dataset_repo
10.5281/zenodo.3355272,"Human Bony Labyrinth: Co-Registered CT and micro-CT Images, Surface Models and Anatomical Landmarks",Zenodo,Zenodo,https://zenodo.org/record/3355272,cern.zenodo,2019,False,0,,,dataset_repo
10.5281/zenodo.3515934,Written and spoken digits database for multimodal learning,Zenodo,Zenodo,https://zenodo.org/record/3515934,cern.zenodo,2020,False,0,,,dataset_repo
10.5281/zenodo.3515935,Written and spoken digits database for multimodal learning,Zenodo,Zenodo,https://zenodo.org/record/3515935,cern.zenodo,2019,False,0,,,dataset_repo
10.5281/zenodo.3723461,Dataset for Residual Study: Testing Jupiter Atmosphere Models Against Juno MWR Observations,Zenodo,Zenodo,https://zenodo.org/record/3723461,cern.zenodo,2020,False,0,,creator_name,dataset_repo
10.5281/zenodo.3723462,Dataset for Residual Study: Testing Jupiter Atmosphere Models Against Juno MWR Observations,Zenodo,Zenodo,https://zenodo.org/record/3723462,cern.zenodo,2020,False,0,,creator_name,dataset_repo
10.5281/zenodo.3724882,"DATA SET FOR: Active faulting, submarine surface rupture and seismic migration along the Liquiñe-Ofqui fault system, Patagonian Andes",Zenodo,Zenodo,https://zenodo.org/record/3724882,cern.zenodo,2020,False,0,,,dataset_repo
10.5281/zenodo.3724883,"DATA SET FOR: Active faulting, submarine surface rupture and seismic migration along the Liquiñe-Ofqui fault system, Patagonian Andes",Zenodo,Zenodo,https://zenodo.org/record/3724883,cern.zenodo,2020,False,0,,,dataset_repo
10.5281/zenodo.3744831,"Data for ""Martian Infrasound: Numerical Modeling and Analysis of InSight's Data""",Zenodo,Zenodo,https://zenodo.org/record/3744831,cern.zenodo,2020,False,0,,,dataset_repo
10.5281/zenodo.3744832,"Data for ""Martian Infrasound: Numerical Modeling and Analysis of InSight's Data""",Zenodo,Zenodo,https://zenodo.org/record/3744832,cern.zenodo,2020,False,0,,,dataset_repo
10.5281/zenodo.3752750,Improving early estimates of large ea­­rthquake's final fault lengths and magnitudes leveraging source fault structural maturity information - supplementary data,Zenodo,Zenodo,https://zenodo.org/record/3752750,cern.zenodo,2020,False,0,,,dataset_repo
10.5281/zenodo.3752751,Improving early estimates of large ea­­rthquake's final fault lengths and magnitudes leveraging source fault structural maturity information - supplementary data,Zenodo,Zenodo,https://zenodo.org/record/3752751,cern.zenodo,2020,False,0,,,dataset_repo
10.5281/zenodo.3759348,Improving early estimates of large ea­­rthquake's final fault lengths and magnitudes leveraging source fault structural maturity information - supplementary data,Zenodo,Zenodo,https://zenodo.org/record/3759348,cern.zenodo,2020,False,0,,,dataset_repo
10.5281/zenodo.3761786,Improving early estimates of large ea­­rthquake's final fault lengths and magnitudes leveraging source fault structural maturity information - supplementary data,Zenodo,Zenodo,https://zenodo.org/record/3761786,cern.zenodo,2020,False,0,,,dataset_repo
10.5281/zenodo.3766725,Improving early estimates of large ea­­rthquake's final fault lengths and magnitudes leveraging source fault structural maturity information - supplementary data,Zenodo,Zenodo,https://zenodo.org/record/3766725,cern.zenodo,2020,False,0,,,dataset_repo
10.5281/zenodo.3769362,Improving early estimates of large ea­­rthquake's final fault lengths and magnitudes leveraging source fault structural maturity information - supplementary data,Zenodo,Zenodo,https://zenodo.org/record/3769362,cern.zenodo,2020,False,0,,,dataset_repo
10.5281/zenodo.3827448,CORD-19 Named Entities Knowledge Graph (CORD19-NEKG),Zenodo,Zenodo,https://zenodo.org/record/3827448,cern.zenodo,2020,False,0,,,dataset_repo
10.5281/zenodo.3827449,CORD-19 Named Entities Knowledge Graph (CORD19-NEKG),Zenodo,Zenodo,https://zenodo.org/record/3827449,cern.zenodo,2020,False,0,,,dataset_repo
10.5281/zenodo.3833752,Covid-on-the-Web dataset,Zenodo,Zenodo,https://zenodo.org/record/3833752,cern.zenodo,2020,False,0,,,dataset_repo
10.5281/zenodo.3833753,Covid-on-the-Web dataset,Zenodo,Zenodo,https://zenodo.org/record/3833753,cern.zenodo,2020,False,0,,,dataset_repo
10.5281/zenodo.3928605,Terrestrial Laser Scans of surface deformation associated with the 11/11/2019 Mw 4.7 Le Teil earthquake (SE France),Zenodo,Zenodo,https://zenodo.org/record/3928605,cern.zenodo,2020,False,0,,,dataset_repo
10.5281/zenodo.3928606,Terrestrial Laser Scans of surface deformation associated with the 11/11/2019 Mw 4.7 Le Teil earthquake (SE France),Zenodo,Zenodo,https://zenodo.org/record/3928606,cern.zenodo,2020,False,0,,,dataset_repo
10.5281/zenodo.3936065,Dataset for Residual Study: Testing Jupiter Atmosphere Models Against Juno MWR Observations,Zenodo,Zenodo,https://zenodo.org/record/3936065,cern.zenodo,2020,False,0,,creator_name,dataset_repo
10.5281/zenodo.3999998,TARA-PACIFIC_telomere-length,Zenodo,Zenodo,https://zenodo.org/record/3999998,cern.zenodo,2020,False,0,,,dataset_repo
10.5281/zenodo.3999999,TARA-PACIFIC_telomere-length,Zenodo,Zenodo,https://zenodo.org/record/3999999,cern.zenodo,2020,False,0,,,dataset_repo
10.5281/zenodo.4061796,Tara Pacific ITS2 Symbiodiniaceae data release version 1,Zenodo,Zenodo,https://zenodo.org/record/4061796,cern.zenodo,2020,False,0,,,dataset_repo
10.5281/zenodo.4061797,Tara Pacific ITS2 Symbiodiniaceae data release version 1,Zenodo,Zenodo,https://zenodo.org/record/4061797,cern.zenodo,2020,False,0,,,dataset_repo
10.5281/zenodo.4073034,"Tara Pacific metabarcoding sequencing (16S, 18S, ITS2) reference &amp; replication tables version 1",Zenodo,Zenodo,https://zenodo.org/record/4073034,cern.zenodo,2020,False,0,,,dataset_repo
10.5281/zenodo.4073035,"Tara Pacific metabarcoding sequencing (16S, 18S, ITS2) reference &amp; replication tables version 1",Zenodo,Zenodo,https://zenodo.org/record/4073035,cern.zenodo,2020,False,0,,,dataset_repo
10.5281/zenodo.4073268,Tara Pacific 16S rRNA data analysis release,Zenodo,Zenodo,https://zenodo.org/doi/10.5281/zenodo.4073268,cern.zenodo,2022,False,0,,,dataset_repo
10.5281/zenodo.4073269,Tara Pacific 16S rRNA data analysis release,Zenodo,Zenodo,https://zenodo.org/record/4073269,cern.zenodo,2020,False,0,,,dataset_repo
10.5281/zenodo.4146875,"Dataset of manuscript ""Automatic fault mapping in remote optical images and topographic data with deep learning"", Journal of Geophysical Research - Solid Earth, 2021",Zenodo,Zenodo,https://zenodo.org/record/4146875,cern.zenodo,2020,False,0,,,dataset_repo
10.5281/zenodo.4146876,"Dataset of manuscript ""Automatic fault mapping in remote optical images and topographic data with deep learning"", submitted to Journal of Geophysical Research - Solid Earth on October 28, 2020",Zenodo,Zenodo,https://zenodo.org/record/4146876,cern.zenodo,2020,False,0,,,dataset_repo
10.5281/zenodo.4147023,"Dataset of manuscript ""Automatic fault mapping in remote optical images and topographic data with deep learning"", submitted to Journal of Geophysical Research - Solid Earth on October 28, 2020",Zenodo,Zenodo,https://zenodo.org/record/4147023,cern.zenodo,2020,False,0,,,dataset_repo
10.5281/zenodo.4147054,"Dataset of manuscript ""Automatic fault mapping in remote optical images and topographic data with deep learning"", submitted to Journal of Geophysical Research - Solid Earth on October 28, 2020",Zenodo,Zenodo,https://zenodo.org/record/4147054,cern.zenodo,2020,False,0,,,dataset_repo
10.5281/zenodo.4247134,Covid-on-the-Web dataset,Zenodo,Zenodo,https://zenodo.org/record/4247134,cern.zenodo,2020,False,0,,,dataset_repo
10.5281/zenodo.4265265,Tara Pacific 18S-based coral host genetic analysis data release version 1,Zenodo,Zenodo,https://zenodo.org/record/4265265,cern.zenodo,2020,False,0,,,dataset_repo
10.5281/zenodo.4265266,Tara Pacific 18S-based coral host genetic analysis data release version 1,Zenodo,Zenodo,https://zenodo.org/record/4265266,cern.zenodo,2020,False,0,,,dataset_repo
10.5281/zenodo.4312640,The WASABI Dataset and RDF Knowledge Graph,Zenodo,Zenodo,https://zenodo.org/record/4312640,cern.zenodo,2020,False,0,,,dataset_repo
10.5281/zenodo.4312641,The WASABI RDF Knowledge Graph,Zenodo,Zenodo,https://zenodo.org/record/4312641,cern.zenodo,2020,False,0,,,dataset_repo
10.5281/zenodo.4432351,Structures of FDA-approved drugs and their active metabolites and data sets of experimental PD and PK properties,Zenodo,Zenodo,https://zenodo.org/doi/10.5281/zenodo.4432351,cern.zenodo,2026,False,0,,,dataset_repo
10.5281/zenodo.4432352,FDA-approved drug structures and data sets of experimental properties,Zenodo,Zenodo,https://zenodo.org/record/4432352,cern.zenodo,2021,False,0,,,dataset_repo
10.5281/zenodo.4451892,Tara Pacific 16S rRNA data analysis release,Zenodo,Zenodo,https://zenodo.org/record/4451892,cern.zenodo,2021,False,0,,,dataset_repo
10.5281/zenodo.4452953,Written and spoken digits database for multimodal learning,Zenodo,Zenodo,https://zenodo.org/record/4452953,cern.zenodo,2020,False,0,,,dataset_repo
10.5281/zenodo.4611494,"Dataset of manuscript ""Automatic fault mapping in remote optical images and topographic data with deep learning"", Journal of Geophysical Research - Solid Earth, 2021",Zenodo,Zenodo,https://zenodo.org/record/4611494,cern.zenodo,2020,False,0,,,dataset_repo
10.5281/zenodo.4745527,Reproduction package for 'Limits on long-timescale radio transients at 150 MHz using theTGSS ADR1 and LoTSS DR2 catalogues',Zenodo,Zenodo,https://zenodo.org/record/4745527,cern.zenodo,2021,False,0,,creator_name,dataset_repo
10.5281/zenodo.4745528,Reproduction package for 'Limits on long-timescale radio transients at 150 MHz using theTGSS ADR1 and LoTSS DR2 catalogues',Zenodo,Zenodo,https://zenodo.org/record/4745528,cern.zenodo,2021,False,0,,creator_name,dataset_repo
10.5281/zenodo.4769781,"Supplementary Material on ""Early timing analysis based on scenario requirements and platform models""",Zenodo,Zenodo,https://zenodo.org/record/4769781,cern.zenodo,2022,False,0,,creator_name,dataset_repo
10.5281/zenodo.4769782,"Supplementary Material on ""Early timing analysis based on scenario requirements and platform models""",Zenodo,Zenodo,https://zenodo.org/record/4769782,cern.zenodo,2021,False,0,,creator_name,dataset_repo
10.5281/zenodo.4889145,LERC: Linked Extended Regulatory Circuits dataset on interactions between transcription factors and genes,Zenodo,Zenodo,https://zenodo.org/record/4889145,cern.zenodo,2021,False,0,,,dataset_repo
10.5281/zenodo.4889146,LERC: Linked Extended Regulatory Circuits dataset on interactions between transcription factors and genes,Zenodo,Zenodo,https://zenodo.org/record/4889146,cern.zenodo,2021,False,0,,,dataset_repo
10.5281/zenodo.4926119,Modeling NaV1.1/SCN1A sodium channel mutations in a microcircuit with realistic ion concentration dynamics suggests differential GABAergic mechanisms leading to hyperexcitability in epilepsy and hemiplegic migraine.,Zenodo,Zenodo,https://zenodo.org/record/4926119,cern.zenodo,2021,False,0,,,dataset_repo
10.5281/zenodo.4926120,Modeling NaV1.1/SCN1A sodium channel mutations in a microcircuit with realistic ion concentration dynamics suggests differential GABAergic mechanisms leading to hyperexcitability in epilepsy and hemiplegic migraine.,Zenodo,Zenodo,https://zenodo.org/record/4926120,cern.zenodo,2021,False,0,,,dataset_repo
10.5281/zenodo.4980609,"Data and code related to publication ""Migration pulsedness alters patterns of allele fixation and local adaptation in a mainland-island model"" - Aubree et al. 2021",Zenodo,Zenodo,https://zenodo.org/record/4980609,cern.zenodo,2022,False,0,,,dataset_repo
10.5281/zenodo.4980610,"Data and code related to publication ""Migration pulsedness alters patterns of allele fixation and local adaptation in a mainland-island model"" - Aubree et al. 2021",Zenodo,Zenodo,https://zenodo.org/record/4980610,cern.zenodo,2021,False,0,,,dataset_repo
10.5281/zenodo.5041069,rDNA 18S V9 ASV tables (SWARM) for Tara Pacific Expedition,Zenodo,Zenodo,https://zenodo.org/doi/10.5281/zenodo.5041069,cern.zenodo,2024,False,0,,,dataset_repo
10.5281/zenodo.5041070,Tara Pacific V9 18S rDNA metabarcoding dataset,Zenodo,Zenodo,https://zenodo.org/doi/10.5281/zenodo.5041070,cern.zenodo,2021,False,0,,,dataset_repo
10.5281/zenodo.5411797,"Fault trace data and supplementary table and figures of ""Fault trace corrugation and segmentation as a measure of fault structural maturity""",Zenodo,Zenodo,https://zenodo.org/record/5411797,cern.zenodo,2021,False,0,,creator_name,dataset_repo
10.5281/zenodo.5411798,"Fault trace data and supplementary table and figures of ""Fault trace corrugation and segmentation as a measure of fault structural maturity""",Zenodo,Zenodo,https://zenodo.org/record/5411798,cern.zenodo,2021,False,0,,creator_name,dataset_repo
10.5281/zenodo.5460096,Eurodoc Survey on Publishing in Open Science 2020,Zenodo,Zenodo,https://zenodo.org/record/5460096,cern.zenodo,2021,False,0,,,dataset_repo
10.5281/zenodo.5460097,Eurodoc Survey on Publishing in Open Science 2020,Zenodo,Zenodo,https://zenodo.org/record/5460097,cern.zenodo,2021,False,0,,,dataset_repo
10.5281/zenodo.5510350,Sample generalised Gross-Pitaevskii data for circulation statistics,Zenodo,Zenodo,https://zenodo.org/record/5510350,cern.zenodo,2021,False,0,,,dataset_repo
10.5281/zenodo.5510351,Sample generalised Gross-Pitaevskii data for circulation statistics,Zenodo,Zenodo,https://zenodo.org/record/5510351,cern.zenodo,2021,False,0,,,dataset_repo
10.5281/zenodo.5516931,"Microsatellite dataset from: The fast invasion of Europe by the box tree moth: An additional example coupling multiple introduction events, bridgehead effects and admixture events.",Zenodo,Zenodo,https://zenodo.org/record/5516931,cern.zenodo,2021,False,0,,,dataset_repo
10.5281/zenodo.5516932,"Microsatellite dataset from: The fast invasion of Europe by the box tree moth: An additional example coupling multiple introduction events, bridgehead effects and admixture events.",Zenodo,Zenodo,https://zenodo.org/record/5516932,cern.zenodo,2021,False,0,,,dataset_repo
10.5281/zenodo.5526207,"dataset related to article ""Dynamic expression of NR2F1 and SOX2 in developing and adult human cortex: comparison with cortical malformations""",Zenodo,Zenodo,https://zenodo.org/record/5526207,cern.zenodo,2021,False,0,,,dataset_repo
10.5281/zenodo.5526208,"dataset related to article ""Dynamic expression of NR2F1 and SOX2 in developing and adult human cortex: comparison with cortical malformations""",Zenodo,Zenodo,https://zenodo.org/record/5526208,cern.zenodo,2021,False,0,,,dataset_repo
10.5281/zenodo.5541191,"Supplementary Material on ""Early timing analysis based on scenario requirements and platform models""",Zenodo,Zenodo,https://zenodo.org/record/5541191,cern.zenodo,2021,False,0,,creator_name,dataset_repo
10.5281/zenodo.5556972,"Vortex under scrutiny, Collet, 2021",Zenodo,Zenodo,https://zenodo.org/record/5556972,cern.zenodo,2021,False,0,,,dataset_repo
10.5281/zenodo.5556973,"Vortex under scrutiny, Collet, 2021",Zenodo,Zenodo,https://zenodo.org/record/5556973,cern.zenodo,2021,False,0,,,dataset_repo
10.5281/zenodo.5593215,WeKG-MF: Weather Knowledge Graph of Météo France Meteorological Observations,Zenodo,Zenodo,https://zenodo.org/doi/10.5281/zenodo.5593215,cern.zenodo,2023,False,0,,,dataset_repo
10.5281/zenodo.5593216,Meteo France Weather RDF Dataset,Zenodo,Zenodo,https://zenodo.org/record/5593216,cern.zenodo,2021,False,0,,,dataset_repo
10.5281/zenodo.5603369,The WASABI Dataset and RDF Knowledge Graph,Zenodo,Zenodo,https://zenodo.org/record/5603369,cern.zenodo,2020,False,0,,,dataset_repo
10.5281/zenodo.5659335,UCA-EHAR,Zenodo,Zenodo,https://zenodo.org/record/5659335,cern.zenodo,2021,False,0,,,dataset_repo
10.5281/zenodo.5659336,UCA-EHAR,Zenodo,Zenodo,https://zenodo.org/record/5659336,cern.zenodo,2021,False,0,,,dataset_repo
10.5281/zenodo.5751285,Structures of FDA-approved drugs and their active metabolites and data sets of experimental PD and PK properties,Zenodo,Zenodo,https://zenodo.org/record/5751285,cern.zenodo,2021,False,0,,,dataset_repo
10.5281/zenodo.5821490,"Supplementary Material on ""Early timing analysis based on scenario requirements and platform models""",Zenodo,Zenodo,https://zenodo.org/record/5821490,cern.zenodo,2022,False,0,,creator_name,dataset_repo
10.5281/zenodo.5827205,State of open science practices in France _ Dataset,Zenodo,Zenodo,https://zenodo.org/record/5827205,cern.zenodo,2022,False,0,,creator_name,dataset_repo
10.5281/zenodo.5827206,State of open science practices in France _ Dataset,Zenodo,Zenodo,https://zenodo.org/record/5827206,cern.zenodo,2022,True,1,hal-03545512,creator_name,dataset_repo
10.5281/zenodo.5832295,"Dataset for ""The paucity of supershear earthquakes on large faults governed by rate and state friction""",Zenodo,Zenodo,https://zenodo.org/record/5832295,cern.zenodo,2022,False,0,,,dataset_repo
10.5281/zenodo.5832296,"Dataset for ""The paucity of supershear earthquakes on large faults governed by rate and state friction""",Zenodo,Zenodo,https://zenodo.org/record/5832296,cern.zenodo,2022,False,0,,,dataset_repo
10.5281/zenodo.5839822,VariCity: Visualizing Object-Oriented Variability Implementations as Cities — Scenarios projects,Zenodo,Zenodo,https://zenodo.org/record/5839822,cern.zenodo,2022,False,0,,,dataset_repo
10.5281/zenodo.5839823,VariCity: Visualizing Object-Oriented Variability Implementations as Cities — Scenarios projects,Zenodo,Zenodo,https://zenodo.org/record/5839823,cern.zenodo,2022,False,0,,,dataset_repo
10.5281/zenodo.5844885,Localized admittance and crustal thickness maps of Crustal Plateaus on Venus,Zenodo,Zenodo,https://zenodo.org/record/5844885,cern.zenodo,2022,False,0,,,dataset_repo
10.5281/zenodo.5844886,Localized admittance and crustal thickness maps of Crustal Plateaus on Venus,Zenodo,Zenodo,https://zenodo.org/record/5844886,cern.zenodo,2022,False,0,,,dataset_repo
10.5281/zenodo.5845326,Localized admittance and crustal thickness maps of Crustal Plateaus on Venus,Zenodo,Zenodo,https://zenodo.org/record/5845326,cern.zenodo,2022,False,0,,,dataset_repo
10.5281/zenodo.5845377,Localized admittance and crustal thickness maps of Crustal Plateaus on Venus,Zenodo,Zenodo,https://zenodo.org/record/5845377,cern.zenodo,2022,False,0,,,dataset_repo
10.5281/zenodo.5848915,TAXREF-LD: Knowledge Graph of the French taxonomic registry,Zenodo,Zenodo,https://zenodo.org/doi/10.5281/zenodo.5848915,cern.zenodo,2024,False,0,,,dataset_repo
10.5281/zenodo.5848916,TAXREF-LD: Knowledge Graph of the French taxonomic registry,Zenodo,Zenodo,https://zenodo.org/record/5848916,cern.zenodo,2022,False,0,,,dataset_repo
10.5281/zenodo.5876775,TAXREF-LD: Knowledge Graph of the French taxonomic registry,Zenodo,Zenodo,https://zenodo.org/record/5876775,cern.zenodo,2022,False,0,,,dataset_repo
10.5281/zenodo.5925413,WeKG-MF: Weather Knowledge Graph of Météo France Meteorological Observations,Zenodo,Zenodo,https://zenodo.org/doi/10.5281/zenodo.5925413,cern.zenodo,2022,False,0,,,dataset_repo
10.5281/zenodo.6043523,Data for Embryo-scale epithelial buckling forms a propagating furrow that initiates gastrulation,Zenodo,Zenodo,https://zenodo.org/record/6043523,cern.zenodo,2022,False,0,,,dataset_repo
10.5281/zenodo.6043524,Data for Embryo-scale epithelial buckling forms a propagating furrow that initiates gastrulation,Zenodo,Zenodo,https://zenodo.org/record/6043524,cern.zenodo,2022,False,0,,,dataset_repo
10.5281/zenodo.6322847,Tara Pacific CDIV ITS2 Symbiodiniaceae data release V2,Zenodo,Zenodo,https://zenodo.org/doi/10.5281/zenodo.6322847,cern.zenodo,2025,False,0,,,dataset_repo
10.5281/zenodo.6322848,Tara Pacific CDIV ITS2 Symbiodiniaceae data release,Zenodo,Zenodo,https://zenodo.org/doi/10.5281/zenodo.6322848,cern.zenodo,2022,False,0,,,dataset_repo
10.5281/zenodo.6327047,TARA Pacific CDIV cnidarian host taxonomic annotation release version 1_1,Zenodo,Zenodo,https://zenodo.org/record/6327047,cern.zenodo,2022,False,0,,,dataset_repo
10.5281/zenodo.6327048,TARA Pacific CDIV cnidarian host taxonomic annotation release version 1_1,Zenodo,Zenodo,https://zenodo.org/record/6327048,cern.zenodo,2022,False,0,,,dataset_repo
10.5281/zenodo.6341639,"Mechanical data of rotary shear experiments for the manuscript: ""Determination of parameters characteristic of dynamic weakening mechanisms during seismic faulting in cohesive rocks"".",Zenodo,Zenodo,https://zenodo.org/record/6341639,cern.zenodo,2022,False,0,,creator_name,dataset_repo
10.5281/zenodo.6341640,"Mechanical data of rotary shear experiments for the manuscript: ""Determination of parameters characteristic of dynamic weakening mechanisms during seismic faulting in cohesive rocks"".",Zenodo,Zenodo,https://zenodo.org/record/6341640,cern.zenodo,2022,False,0,,creator_name,dataset_repo
10.5281/zenodo.6373667,Fractures on Bennu's boulders,Zenodo,Zenodo,https://zenodo.org/record/6373667,cern.zenodo,2022,False,0,,,dataset_repo
10.5281/zenodo.6373668,Fractures on Bennu's boulders,Zenodo,Zenodo,https://zenodo.org/record/6373668,cern.zenodo,2022,False,0,,,dataset_repo
10.5281/zenodo.6384774,TARA Pacific CTAX colony morphological annotations release version 1_1,Zenodo,Zenodo,https://zenodo.org/doi/10.5281/zenodo.6384774,cern.zenodo,2022,False,0,,,dataset_repo
10.5281/zenodo.6384775,TARA Pacific CTAX colony morphological annotations release version 1_0,Zenodo,Zenodo,https://zenodo.org/record/6384775,cern.zenodo,2022,False,0,,,dataset_repo
10.5281/zenodo.6417077,Dissipation-enhanced collapse singularity of a nonlocal fluid of light in a hot atomic vapor,Zenodo,Zenodo,https://zenodo.org/record/6417077,cern.zenodo,2022,False,0,,,dataset_repo
10.5281/zenodo.6417078,Dissipation-enhanced collapse singularity of a nonlocal fluid of light in a hot atomic vapor,Zenodo,Zenodo,https://zenodo.org/record/6417078,cern.zenodo,2022,False,0,,,dataset_repo
10.5281/zenodo.6449892,"Chlorophyll a concentration, particulate organique carbon, and particle mean size index [gamma; 0.2 - 20 µm] measured using an hyperspectral spectrophotometer [ACS, Wetlabs] during the Tara Pacific Expedition 2016-2018",Zenodo,Zenodo,https://zenodo.org/record/6449892,cern.zenodo,2022,False,0,,,dataset_repo
10.5281/zenodo.6449893,"Chlorophyll a concentration, particulate organique carbon, and particle mean size index [gamma; 0.2 - 20 µm] measured using an hyperspectral spectrophotometer [ACS, Wetlabs] during the Tara Pacific Expedition 2016-2018",Zenodo,Zenodo,https://zenodo.org/record/6449893,cern.zenodo,2022,False,0,,,dataset_repo
10.5281/zenodo.6499373,"Historical Sea Surface Temperature (SST) data and thermal stress indices of the Tara Pacific Expedition's coral reef sampling sites, from May 1st 2002 to August 31st 2018.",Zenodo,Zenodo,https://zenodo.org/record/6499373,cern.zenodo,2022,False,0,,,dataset_repo
10.5281/zenodo.6499374,"Historical Sea Surface Temperature (SST) data and thermal stress indices of the Tara Pacific Expedition's coral reef sampling sites, from May 1st 2002 to August 31st 2018.",Zenodo,Zenodo,https://zenodo.org/record/6499374,cern.zenodo,2022,False,0,,,dataset_repo
10.5281/zenodo.6505846,ISSA Agritrop Dataset,Zenodo,Zenodo,https://zenodo.org/doi/10.5281/zenodo.6505846,cern.zenodo,2023,False,0,,,dataset_repo
10.5281/zenodo.6505847,ISSA Agritrop Dataset,Zenodo,Zenodo,https://zenodo.org/record/6505847,cern.zenodo,2022,False,0,,,dataset_repo
10.5281/zenodo.6506336,Data for Embryo-scale epithelial buckling forms a propagating furrow that initiates gastrulation,Zenodo,Zenodo,https://zenodo.org/record/6506336,cern.zenodo,2022,False,0,,,dataset_repo
10.5281/zenodo.6511405,TARA Pacific Bleaching Prevalence of Sampling Sites (Islands),Zenodo,Zenodo,https://zenodo.org/record/6511405,cern.zenodo,2022,False,0,,,dataset_repo
10.5281/zenodo.6511406,TARA Pacific Bleaching Prevalence of Sampling Sites (Islands),Zenodo,Zenodo,https://zenodo.org/record/6511406,cern.zenodo,2022,False,0,,,dataset_repo
10.5281/zenodo.6536163,Number of public photos uploaded to Flickr,Zenodo,Zenodo,https://zenodo.org/record/6536163,cern.zenodo,2022,False,0,,,dataset_repo
10.5281/zenodo.6536164,Number of public photos uploaded to Flickr,Zenodo,Zenodo,https://zenodo.org/record/6536164,cern.zenodo,2022,False,0,,,dataset_repo
10.5281/zenodo.6558626,fMRI_Pilot_1_PERFORM,Zenodo,Zenodo,https://zenodo.org/record/6558626,cern.zenodo,2022,False,0,,creator_name,dataset_repo
10.5281/zenodo.6558627,fMRI_Pilot_1_PERFORM,Zenodo,Zenodo,https://zenodo.org/record/6558627,cern.zenodo,2022,False,0,,creator_name,dataset_repo
10.5281/zenodo.6598864,Tara Pacific 16S rRNA data analysis release,Zenodo,Zenodo,https://zenodo.org/doi/10.5281/zenodo.6598864,cern.zenodo,2022,False,0,,,dataset_repo
10.5281/zenodo.6644633,Customizable Visualization of Quality Metrics for Object-Oriented Variability Implementations - Artifact,Zenodo,Zenodo,https://zenodo.org/record/6644633,cern.zenodo,2022,False,0,,,dataset_repo
10.5281/zenodo.6644634,Customizable Visualization of Quality Metrics for Object-Oriented Variability Implementations - Artifact,Zenodo,Zenodo,https://zenodo.org/record/6644634,cern.zenodo,2022,True,1,hal-03717858,,dataset_repo
10.5281/zenodo.6669425,"Carbon and oxygen isotope data (550 B.C. to 950 A.D.) from Basura cave (BA14-1), northern Italy",Zenodo,Zenodo,https://zenodo.org/record/6669425,cern.zenodo,2022,False,0,,creator_name,dataset_repo
10.5281/zenodo.6669426,"Carbon and oxygen isotope data (550 B.C. to 950 A.D.) from Basura cave (BA14-1), northern Italy",Zenodo,Zenodo,https://zenodo.org/record/6669426,cern.zenodo,2022,False,0,,creator_name,dataset_repo
10.5281/zenodo.6940891,TAXREF-LD: Knowledge Graph of the French taxonomic registry,Zenodo,Zenodo,https://zenodo.org/record/6940891,cern.zenodo,2022,False,0,,,dataset_repo
10.5281/zenodo.6977302,High resolution spectra of the spinning-top Be star Achernar,Zenodo,Zenodo,https://zenodo.org/doi/10.5281/zenodo.6977302,cern.zenodo,2022,False,0,,creator_name,dataset_repo
10.5281/zenodo.6977303,High resolution spectra of the spinning-top Be star Achernar,Zenodo,Zenodo,https://zenodo.org/doi/10.5281/zenodo.6977303,cern.zenodo,2022,False,0,,creator_name,dataset_repo
10.5281/zenodo.7016622,"Holocene marine tephra offshore Ecuador and Southern Colombia collected during the Amadeus and Atacames oceanographic campaigns (2005, 2012)",Zenodo,Zenodo,https://zenodo.org/record/7016622,cern.zenodo,2022,False,0,,,dataset_repo
10.5281/zenodo.7016623,"Holocene marine tephra offshore Ecuador and Southern Colombia collected during the Amadeus and Atacames oceanographic campaigns (2005, 2012)",Zenodo,Zenodo,https://zenodo.org/record/7016623,cern.zenodo,2022,False,0,,,dataset_repo
10.5281/zenodo.7054415,"Data (corrected spectra per pixels) from ""Artificial reefs efficiency changes among types as revealed by underwater hyperspectral imagery""",Zenodo,Zenodo,https://zenodo.org/record/7054415,cern.zenodo,2022,False,0,,creator_name,dataset_repo
10.5281/zenodo.7054416,"Data (corrected spectra per pixels) from ""Artificial reefs efficiency changes among types as revealed by underwater hyperspectral imagery""",Zenodo,Zenodo,https://zenodo.org/record/7054416,cern.zenodo,2022,False,0,,creator_name,dataset_repo
10.5281/zenodo.7096130,SEM database of spherical objects,Zenodo,Zenodo,https://zenodo.org/record/7096130,cern.zenodo,2022,False,0,,,dataset_repo
10.5281/zenodo.7096131,SEM database of spherical objects,Zenodo,Zenodo,https://zenodo.org/record/7096131,cern.zenodo,2022,False,0,,,dataset_repo
10.5281/zenodo.7133443,"Data and code related to publication ""Migration pulsedness alters patterns of allele fixation and local adaptation in a mainland-island model"" - Aubree et al. 2021",Zenodo,Zenodo,https://zenodo.org/record/7133443,cern.zenodo,2022,False,0,,,dataset_repo
10.5281/zenodo.7148412,Tara Pacific Biomarker-Based Coral Phenotype Data Release - Pocillopora,Zenodo,Zenodo,https://zenodo.org/doi/10.5281/zenodo.7148412,cern.zenodo,2023,False,0,,creator_name,dataset_repo
10.5281/zenodo.7148413,Tara Pacific Biomarker-Based Coral Phenotype Data Release : Islands 1 to 10 and 15,Zenodo,Zenodo,https://zenodo.org/record/7148413,cern.zenodo,2022,False,0,,,dataset_repo
10.5281/zenodo.7180966,Resources from: Disparate patterns of genetic divergence in three widespread corals across a pan-pacific environmental gradient highlights species-specific adaptation trajectories,Zenodo,Zenodo,https://zenodo.org/record/7180966,cern.zenodo,2022,False,0,,,dataset_repo
10.5281/zenodo.7180967,Resources from: Disparate patterns of genetic divergence in three widespread corals across a pan-pacific environmental gradient highlights species-specific adaptation trajectories,Zenodo,Zenodo,https://zenodo.org/record/7180967,cern.zenodo,2022,False,0,,,dataset_repo
10.5281/zenodo.7187687,TARA Pacific CTAX colony morphological annotations release version 1_1,Zenodo,Zenodo,https://zenodo.org/doi/10.5281/zenodo.7187687,cern.zenodo,2022,False,0,,,dataset_repo
10.5281/zenodo.7229405,Resources from: Disparate patterns of genetic divergence in three widespread corals across a pan-pacific environmental gradient highlights species-specific adaptation trajectories,Zenodo,Zenodo,https://zenodo.org/record/7229405,cern.zenodo,2022,False,0,,,dataset_repo
10.5281/zenodo.7246516,Prediction of synaptic activity,Zenodo,Zenodo,https://zenodo.org/record/7246516,cern.zenodo,2022,False,0,,creator_name,dataset_repo
10.5281/zenodo.7246517,Prediction of synaptic activity,Zenodo,Zenodo,https://zenodo.org/record/7246517,cern.zenodo,2022,False,0,,creator_name,dataset_repo
10.5281/zenodo.7303744,Displacement measurement via self mixing interferometry and neural network training set,Zenodo,Zenodo,https://zenodo.org/record/7303744,cern.zenodo,2022,False,0,,,dataset_repo
10.5281/zenodo.7303745,Displacement measurement via self mixing interferometry and neural network training set,Zenodo,Zenodo,https://zenodo.org/record/7303745,cern.zenodo,2022,False,0,,,dataset_repo
10.5281/zenodo.7307530,Resources from: Disparate patterns of genetic divergence in three widespread corals across a pan-pacific environmental gradient highlights species-specific adaptation trajectories,Zenodo,Zenodo,https://zenodo.org/record/7307530,cern.zenodo,2022,False,0,,,dataset_repo
10.5281/zenodo.7386356,GTnum RAVEL (Ressources pour l'Apprentissage en classe Virtuelle et l'Enseignement des Langues) Revue des pratiques,Zenodo,Zenodo,https://zenodo.org/record/7386356,cern.zenodo,2022,False,0,,,dataset_repo
10.5281/zenodo.7386357,GTnum RAVEL (Ressources pour l'Apprentissage en classe Virtuelle et l'Enseignement des Langues) Revue des pratiques,Zenodo,Zenodo,https://zenodo.org/record/7386357,cern.zenodo,2022,False,0,,,dataset_repo
10.5281/zenodo.7418701,The spatial landscape of gene expression isoforms in tissue sections,Zenodo,Zenodo,https://zenodo.org/record/7418701,cern.zenodo,2023,False,0,,,dataset_repo
10.5281/zenodo.7418702,The spatial landscape of gene expression isoforms in tissue sections,Zenodo,Zenodo,https://zenodo.org/record/7418702,cern.zenodo,2022,False,0,,,dataset_repo
10.5281/zenodo.7419273,"data for [Petitdemange, Marcotte, Gissinger (ArXiv 2022)]",Zenodo,Zenodo,https://zenodo.org/record/7419273,cern.zenodo,2022,False,0,,,dataset_repo
10.5281/zenodo.7419274,"data for [Petitdemange, Marcotte, Gissinger (ArXiv 2022)]",Zenodo,Zenodo,https://zenodo.org/record/7419274,cern.zenodo,2022,False,0,,,dataset_repo
10.5281/zenodo.7526243,YAGO4-LP,Zenodo,Zenodo,https://zenodo.org/doi/10.5281/zenodo.7526243,cern.zenodo,2024,False,0,,creator_name,dataset_repo
10.5281/zenodo.7554007,Multichannel Displacement measurement via self mixing interferometry and neural network : training and test datasets,Zenodo,Zenodo,https://zenodo.org/record/7554007,cern.zenodo,2023,False,0,,,dataset_repo
10.5281/zenodo.7554008,Multichannel Displacement measurement via self mixing interferometry and neural network : training and test datasets,Zenodo,Zenodo,https://zenodo.org/record/7554008,cern.zenodo,2023,False,0,,,dataset_repo
10.5281/zenodo.7560663,Influence of viscous lubricant on nucleation and propagation of frictional ruptures.,Zenodo,Zenodo,https://zenodo.org/record/7560663,cern.zenodo,2023,False,0,,,dataset_repo
10.5281/zenodo.7560665,Influence of viscous lubricant on nucleation and propagation of frictional ruptures.,Zenodo,Zenodo,https://zenodo.org/record/7560665,cern.zenodo,2023,False,0,,,dataset_repo
10.5281/zenodo.7585047,The spatial landscape of gene expression isoforms in tissue sections,Zenodo,Zenodo,https://zenodo.org/record/7585047,cern.zenodo,2022,False,0,,,dataset_repo
10.5281/zenodo.7657383,Dual contribution of ASIC1a channels in the spinal processing of pain information by deep projection neurons revealed by computational modeling,Zenodo,Zenodo,https://zenodo.org/record/7657383,cern.zenodo,2023,False,0,,,dataset_repo
10.5281/zenodo.7657384,Dual contribution of ASIC1a channels in the spinal processing of pain information by deep projection neurons revealed by computational modeling,Zenodo,Zenodo,https://zenodo.org/record/7657384,cern.zenodo,2023,False,0,,,dataset_repo
10.5281/zenodo.7664367,The spatial landscape of gene expression isoforms in tissue sections,Zenodo,Zenodo,https://zenodo.org/record/7664367,cern.zenodo,2023,False,0,,,dataset_repo
10.5281/zenodo.7665832,Resources from: Disparate patterns of genetic divergence in three widespread corals across a pan-pacific environmental gradient highlights species-specific adaptation trajectories,Zenodo,Zenodo,https://zenodo.org/record/7665832,cern.zenodo,2022,False,0,,,dataset_repo
10.5281/zenodo.7696468,Bandgap fluctuations and robustness in two-dimensional hyperuniform dielectric materials,Zenodo,Zenodo,https://zenodo.org/record/7696468,cern.zenodo,2023,False,0,,,dataset_repo
10.5281/zenodo.7696469,Bandgap fluctuations and robustness in two-dimensional hyperuniform dielectric materials,Zenodo,Zenodo,https://zenodo.org/record/7696469,cern.zenodo,2023,False,0,,,dataset_repo
10.5281/zenodo.7839794,Assemblies of 269 Metagenomic Tara Pacific Sequencing Samples - part 1,Zenodo,Zenodo,https://zenodo.org/record/7839794,cern.zenodo,2023,False,0,,,dataset_repo
10.5281/zenodo.7839795,Assemblies of 269 Metagenomic Tara Pacific Sequencing Samples - part 1,Zenodo,Zenodo,https://zenodo.org/record/7839795,cern.zenodo,2023,False,0,,,dataset_repo
10.5281/zenodo.7840044,Assemblies of 269 Metagenomic Tara Pacific Sequencing Samples - part 2,Zenodo,Zenodo,https://zenodo.org/record/7840044,cern.zenodo,2023,False,0,,,dataset_repo
10.5281/zenodo.7840045,Assemblies of 269 Metagenomic Tara Pacific Sequencing Samples - part 2,Zenodo,Zenodo,https://zenodo.org/record/7840045,cern.zenodo,2023,False,0,,,dataset_repo
10.5281/zenodo.7840162,27 MAGs from the Family of Endozoicomonadaceae derived from Tara Pacific Metagenomes,Zenodo,Zenodo,https://zenodo.org/record/7840162,cern.zenodo,2023,False,0,,,dataset_repo
10.5281/zenodo.7840163,27 MAGs from the Family of Endozoicomonadaceae derived from Tara Pacific Metagenomes,Zenodo,Zenodo,https://zenodo.org/record/7840163,cern.zenodo,2023,False,0,,,dataset_repo
10.5281/zenodo.7865423,Raw and post-processed data for the study of prosodic cues to word boundaries in a segmentation task using reverse correlation,Zenodo,Zenodo,https://zenodo.org/record/7865423,cern.zenodo,2023,False,0,,,dataset_repo
10.5281/zenodo.7865424,Raw and post-processed data for the study of prosodic cues to word boundaries in a segmentation task using reverse correlation,Zenodo,Zenodo,https://zenodo.org/record/7865424,cern.zenodo,2023,False,0,,,dataset_repo
10.5281/zenodo.7885756,SURE-KG dataset,Zenodo,Zenodo,https://zenodo.org/record/7885756,cern.zenodo,2023,False,0,,,dataset_repo
10.5281/zenodo.7885757,SURE-KG dataset,Zenodo,Zenodo,https://zenodo.org/record/7885757,cern.zenodo,2023,False,0,,,dataset_repo
10.5281/zenodo.7907568,"Products and Models for ""A broadband thermal emission spectrum of the ultra-hot Jupiter WASP-18b""",Zenodo,Zenodo,https://zenodo.org/record/7907568,cern.zenodo,2023,False,0,,creator_name,dataset_repo
10.5281/zenodo.7907569,"Products and Models for ""A broadband thermal emission spectrum of the ultra-hot Jupiter WASP-18b""",Zenodo,Zenodo,https://zenodo.org/record/7907569,cern.zenodo,2023,False,0,,creator_name,dataset_repo
10.5281/zenodo.7927372,Maps of solar wind plasma precipitation onto Mercury's surface: a geographical perspective,Zenodo,Zenodo,https://zenodo.org/record/7927372,cern.zenodo,2023,False,0,,,dataset_repo
10.5281/zenodo.7927373,Maps of solar wind plasma precipitation onto Mercury's surface: a geographical perspective,Zenodo,Zenodo,https://zenodo.org/record/7927373,cern.zenodo,2023,True,1,insu-04227973,,dataset_repo
10.5281/zenodo.7971396,Resources from: Disparate patterns of genetic divergence in three widespread corals across a pan-pacific environmental gradient highlights species-specific adaptation trajectories,Zenodo,Zenodo,https://zenodo.org/record/7971396,cern.zenodo,2022,False,0,,,dataset_repo
10.5281/zenodo.8063931,Source code and simulation results: Poles and zeros of electromagnetic quantities in photonic systems,Zenodo,Zenodo,https://zenodo.org/doi/10.5281/zenodo.8063931,cern.zenodo,2023,False,0,,creator_name,dataset_repo
10.5281/zenodo.8063932,Source code and simulation results: Poles and zeros of electromagnetic quantities in photonic systems,Zenodo,Zenodo,https://zenodo.org/record/8063932,cern.zenodo,2023,False,0,,creator_name,dataset_repo
10.5281/zenodo.8067080,2021 Results of Complex Academic Integrity and Open Science Surveys of OPTIMA Project,Zenodo,Zenodo,https://zenodo.org/record/8067080,cern.zenodo,2021,False,0,,creator_name,dataset_repo
10.5281/zenodo.8067081,2021 Results of Complex Academic Integrity and Open Science Surveys of OPTIMA Project,Zenodo,Zenodo,https://zenodo.org/record/8067081,cern.zenodo,2021,False,0,,creator_name,dataset_repo
10.5281/zenodo.8081718,Strain and slip data for Kinematic inversion of fault slip during the nucleation of laboratory earthquakes,Zenodo,Zenodo,https://zenodo.org/doi/10.5281/zenodo.8081718,cern.zenodo,2025,False,0,,,dataset_repo
10.5281/zenodo.8081719,Strain and slip data for Kinematic inversion of fault slip during the nucleation of laboratory earthquakes,Zenodo,Zenodo,https://zenodo.org/record/8081719,cern.zenodo,2023,False,0,,,dataset_repo
10.5281/zenodo.8131060,The effect of normal stress oscillations on fault slip behavior near the stability transition from stable to unstable motion,Zenodo,Zenodo,https://zenodo.org/record/8131060,cern.zenodo,2023,False,0,,,dataset_repo
10.5281/zenodo.8131061,The effect of normal stress oscillations on fault slip behavior near the stability transition from stable to unstable motion,Zenodo,Zenodo,https://zenodo.org/record/8131061,cern.zenodo,2023,False,0,,,dataset_repo
10.5281/zenodo.8144595,"Data for ""Chasing rainbows and ocean glints: Inner working angle constraints for the Habitable Worlds Observatory""",Zenodo,Zenodo,https://zenodo.org/record/8144595,cern.zenodo,2023,False,0,,,dataset_repo
10.5281/zenodo.8144596,"Data for ""Chasing rainbows and ocean glints: Inner working angle constraints for the Habitable Worlds Observatory""",Zenodo,Zenodo,https://zenodo.org/record/8144596,cern.zenodo,2023,False,0,,,dataset_repo
10.5281/zenodo.8172596,"Psycho-physio-neurological correlates of qualitative attention, emotion and flow experiences in a close-to-real-life extreme sports situation: low- and high-altitude slackline walking",Zenodo,Zenodo,https://zenodo.org/record/8172596,cern.zenodo,2023,False,0,,,dataset_repo
10.5281/zenodo.8172597,"Psycho-physio-neurological correlates of qualitative attention, emotion and flow experiences in a close-to-real-life extreme sports situation: low- and high-altitude slackline walking",Zenodo,Zenodo,https://zenodo.org/record/8172597,cern.zenodo,2023,False,0,,,dataset_repo
10.5281/zenodo.8181973,Structures of FDA-approved drugs and their active metabolites and data sets of experimental PD and PK properties,Zenodo,Zenodo,https://zenodo.org/record/8181973,cern.zenodo,2022,False,0,,,dataset_repo
10.5281/zenodo.8195908,Pharmacogenomics datasets for Ontology Matching,Zenodo,Zenodo,https://zenodo.org/record/8195908,cern.zenodo,2023,False,0,,,dataset_repo
10.5281/zenodo.8195909,Pharmacogenomics datasets for Ontology Matching,Zenodo,Zenodo,https://zenodo.org/record/8195909,cern.zenodo,2023,False,0,,,dataset_repo
10.5281/zenodo.8224469,"Distributions of throws, widths and scarp slopes on normal faults and their relations to fault growth: insights from Auto_Throw code",Zenodo,Zenodo,https://zenodo.org/doi/10.5281/zenodo.8224469,cern.zenodo,2025,False,0,,,dataset_repo
10.5281/zenodo.8224470,"Distributions and scaling of offsets, dips and widths on normal faults and their relations to fault growth: insights from Auto_Throw code",Zenodo,Zenodo,https://zenodo.org/record/8224470,cern.zenodo,2023,False,0,,,dataset_repo
10.5281/zenodo.8269108,CREATTIVE3D multimodal dataset of user behavior in virtual reality,Zenodo,Zenodo,https://zenodo.org/doi/10.5281/zenodo.8269108,cern.zenodo,2024,True,1,hal-04429351,,dataset_repo
10.5281/zenodo.8269109,CREATTIVE3D multimodal dataset of user behavior in virtual reality,Zenodo,Zenodo,https://zenodo.org/doi/10.5281/zenodo.8269109,cern.zenodo,2023,False,0,,,dataset_repo
10.5281/zenodo.8311627,Maps of solar wind plasma precipitation onto Mercury's surface: a geographical perspective,Zenodo,Zenodo,https://zenodo.org/record/8311627,cern.zenodo,2023,False,0,,,dataset_repo
10.5281/zenodo.8370355,The neural correlates of embodied L2 learning Does embodied L2 verb learning affect representation and retention?,Zenodo,Zenodo,https://zenodo.org/record/8370355,cern.zenodo,2023,False,0,,,dataset_repo
10.5281/zenodo.8370356,The neural correlates of embodied L2 learning Does embodied L2 verb learning affect representation and retention?,Zenodo,Zenodo,https://zenodo.org/record/8370356,cern.zenodo,2023,False,0,,,dataset_repo
10.5281/zenodo.8402535,The effect of normal stress oscillations on fault slip behavior near the stability transition from stable to unstable motion,Zenodo,Zenodo,https://zenodo.org/record/8402535,cern.zenodo,2023,False,0,,,dataset_repo
10.5281/zenodo.8419361,Pharmacogenomics datasets for Ontology Matching,Zenodo,Zenodo,https://zenodo.org/record/8419361,cern.zenodo,2023,False,0,,,dataset_repo
10.5281/zenodo.996888,"Test-Retest Qt-Dmri Datasets For ""Non-Parametric Graphnet-Regularized Representation Of Dmri In Space And Time""",Zenodo,Zenodo,https://zenodo.org/record/996888,cern.zenodo,2017,False,0,,,dataset_repo
10.5281/zenodo.996889,"Test-Retest Qt-Dmri Datasets For ""Non-Parametric Graphnet-Regularized Representation Of Dmri In Space And Time""",Zenodo,Zenodo,https://zenodo.org/record/996889,cern.zenodo,2017,False,0,,,dataset_repo
10.57745/0ccu8z,300.zip.001,Recherche Data Gouv,Recherche Data Gouv,https://entrepot.recherche.data.gouv.fr/file.xhtml?persistentId=doi:10.57745/0CCU8Z,rdg.prod,2023,False,0,,,dataset_repo
10.57745/0cn0tq,analysis_output.pkl,Recherche Data Gouv,Recherche Data Gouv,https://entrepot.recherche.data.gouv.fr/file.xhtml?persistentId=doi:10.57745/0CN0TQ,rdg.prod,2026,False,0,,,dataset_repo
10.57745/0eczfj,12-overlap-genes.pdf,Recherche Data Gouv,Recherche Data Gouv,https://entrepot.recherche.data.gouv.fr/file.xhtml?persistentId=doi:10.57745/0ECZFJ,rdg.prod,2023,False,0,,,dataset_repo
10.57745/0fzxdl,500.zip.014,Recherche Data Gouv,Recherche Data Gouv,https://entrepot.recherche.data.gouv.fr/file.xhtml?persistentId=doi:10.57745/0FZXDL,rdg.prod,2023,False,0,,,dataset_repo
10.57745/0gfbeb,metadata.json,Recherche Data Gouv,Recherche Data Gouv,https://entrepot.recherche.data.gouv.fr/file.xhtml?persistentId=doi:10.57745/0GFBEB,rdg.prod,2026,False,0,,,dataset_repo
10.57745/0vrkne,sim_parameters.json,Recherche Data Gouv,Recherche Data Gouv,https://entrepot.recherche.data.gouv.fr/file.xhtml?persistentId=doi:10.57745/0VRKNE,rdg.prod,2026,False,0,,,dataset_repo
10.57745/0yzppz,ANALYSIS_CSTs_vs_common_input.png,Recherche Data Gouv,Recherche Data Gouv,https://entrepot.recherche.data.gouv.fr/file.xhtml?persistentId=doi:10.57745/0YZPPZ,rdg.prod,2026,False,0,,,dataset_repo
10.57745/0zl0xp,500.zip.016,Recherche Data Gouv,Recherche Data Gouv,https://entrepot.recherche.data.gouv.fr/file.xhtml?persistentId=doi:10.57745/0ZL0XP,rdg.prod,2023,False,0,,,dataset_repo
10.57745/18k9du,P5_Quadriceps_10percent.mat,Recherche Data Gouv,Recherche Data Gouv,https://entrepot.recherche.data.gouv.fr/file.xhtml?persistentId=doi:10.57745/18K9DU,rdg.prod,2026,False,0,,,dataset_repo
10.57745/1ur58u,600.zip.026,Recherche Data Gouv,Recherche Data Gouv,https://entrepot.recherche.data.gouv.fr/file.xhtml?persistentId=doi:10.57745/1UR58U,rdg.prod,2023,False,0,,,dataset_repo
10.57745/1yflxx,500.zip.010,Recherche Data Gouv,Recherche Data Gouv,https://entrepot.recherche.data.gouv.fr/file.xhtml?persistentId=doi:10.57745/1YFLXX,rdg.prod,2023,False,0,,,dataset_repo
10.57745/20ylgx,simulation_output.h5,Recherche Data Gouv,Recherche Data Gouv,https://entrepot.recherche.data.gouv.fr/file.xhtml?persistentId=doi:10.57745/20YLGX,rdg.prod,2026,False,0,,,dataset_repo
10.57745/21mjp9,400.zip.018,Recherche Data Gouv,Recherche Data Gouv,https://entrepot.recherche.data.gouv.fr/file.xhtml?persistentId=doi:10.57745/21MJP9,rdg.prod,2023,False,0,,,dataset_repo
10.57745/2enlxb,NEWS.md,Recherche Data Gouv,Recherche Data Gouv,https://entrepot.recherche.data.gouv.fr/file.xhtml?persistentId=doi:10.57745/2ENLXB,rdg.prod,2025,False,0,,,dataset_repo
10.57745/2gr7wj,ANALYSIS_coherence.png,Recherche Data Gouv,Recherche Data Gouv,https://entrepot.recherche.data.gouv.fr/file.xhtml?persistentId=doi:10.57745/2GR7WJ,rdg.prod,2026,False,0,,,dataset_repo
10.57745/2hhqla,500.zip.024,Recherche Data Gouv,Recherche Data Gouv,https://entrepot.recherche.data.gouv.fr/file.xhtml?persistentId=doi:10.57745/2HHQLA,rdg.prod,2023,False,0,,,dataset_repo
10.57745/2lhhjh,300.zip.012,Recherche Data Gouv,Recherche Data Gouv,https://entrepot.recherche.data.gouv.fr/file.xhtml?persistentId=doi:10.57745/2LHHJH,rdg.prod,2023,False,0,,,dataset_repo
10.57745/2o9t6x,400.zip.020,Recherche Data Gouv,Recherche Data Gouv,https://entrepot.recherche.data.gouv.fr/file.xhtml?persistentId=doi:10.57745/2O9T6X,rdg.prod,2023,False,0,,,dataset_repo
10.57745/2qqzcu,WTO-OWL-SKOS-v3.2.zip,Recherche Data Gouv,Recherche Data Gouv,https://entrepot.recherche.data.gouv.fr/file.xhtml?persistentId=doi:10.57745/2QQZCU,rdg.prod,2024,False,0,,,dataset_repo
10.57745/2yugyg,200.zip.004,Recherche Data Gouv,Recherche Data Gouv,https://entrepot.recherche.data.gouv.fr/file.xhtml?persistentId=doi:10.57745/2YUGYG,rdg.prod,2023,False,0,,,dataset_repo
10.57745/39nnom,ParcourspréHospCovid19_ReadMe.txt,Recherche Data Gouv,Recherche Data Gouv,https://entrepot.recherche.data.gouv.fr/file.xhtml?persistentId=doi:10.57745/39NNOM,rdg.prod,2023,False,0,,,dataset_repo
10.57745/3gprbs,P4_FDI_10percent.mat,Recherche Data Gouv,Recherche Data Gouv,https://entrepot.recherche.data.gouv.fr/file.xhtml?persistentId=doi:10.57745/3GPRBS,rdg.prod,2026,False,0,,,dataset_repo
10.57745/3mipp7,600.zip.013,Recherche Data Gouv,Recherche Data Gouv,https://entrepot.recherche.data.gouv.fr/file.xhtml?persistentId=doi:10.57745/3MIPP7,rdg.prod,2023,False,0,,,dataset_repo
10.57745/3n8blj,CAMELS-FR_description.ods,Recherche Data Gouv,Recherche Data Gouv,https://entrepot.recherche.data.gouv.fr/file.xhtml?persistentId=doi:10.57745/3N8BLJ,rdg.prod,2024,False,0,,,dataset_repo
10.57745/3q0vlv,P4_TA_40percent.mat,Recherche Data Gouv,Recherche Data Gouv,https://entrepot.recherche.data.gouv.fr/file.xhtml?persistentId=doi:10.57745/3Q0VLV,rdg.prod,2026,False,0,,,dataset_repo
10.57745/3zyfur,Files_to_run_scripts.zip,Recherche Data Gouv,Recherche Data Gouv,https://entrepot.recherche.data.gouv.fr/file.xhtml?persistentId=doi:10.57745/3ZYFUR,rdg.prod,2026,False,0,,,dataset_repo
10.57745/40ju0t,600.zip.052,Recherche Data Gouv,Recherche Data Gouv,https://entrepot.recherche.data.gouv.fr/file.xhtml?persistentId=doi:10.57745/40JU0T,rdg.prod,2023,False,0,,,dataset_repo
10.57745/4aokxx,ANALYSIS_coherence_with_common_input.png,Recherche Data Gouv,Recherche Data Gouv,https://entrepot.recherche.data.gouv.fr/file.xhtml?persistentId=doi:10.57745/4AOKXX,rdg.prod,2026,False,0,,,dataset_repo
10.57745/4ckbpo,Experimental and Simulated Motor Unit Spike Trains for Simulation-Based Inference of Recurrent Inhibition,Recherche Data Gouv,Recherche Data Gouv,https://entrepot.recherche.data.gouv.fr/citation?persistentId=doi:10.57745/4CKBPO,rdg.prod,2026,False,0,,,dataset_repo
10.57745/4cu9rm,CAMELS_FR_geography.zip,Recherche Data Gouv,Recherche Data Gouv,https://entrepot.recherche.data.gouv.fr/file.xhtml?persistentId=doi:10.57745/4CU9RM,rdg.prod,2024,False,0,,,dataset_repo
10.57745/4cwdqr,simulation_output.h5,Recherche Data Gouv,Recherche Data Gouv,https://entrepot.recherche.data.gouv.fr/file.xhtml?persistentId=doi:10.57745/4CWDQR,rdg.prod,2026,False,0,,,dataset_repo
10.57745/4ewt5o,400.zip.009,Recherche Data Gouv,Recherche Data Gouv,https://entrepot.recherche.data.gouv.fr/file.xhtml?persistentId=doi:10.57745/4EWT5O,rdg.prod,2023,False,0,,,dataset_repo
10.57745/4mvcxi,600.zip.044,Recherche Data Gouv,Recherche Data Gouv,https://entrepot.recherche.data.gouv.fr/file.xhtml?persistentId=doi:10.57745/4MVCXI,rdg.prod,2023,False,0,,,dataset_repo
10.57745/4rlmxk,20200301_ReponsesEnqueteDR_Strasbourg_Nice.ods,Recherche Data Gouv,Recherche Data Gouv,https://entrepot.recherche.data.gouv.fr/file.xhtml?persistentId=doi:10.57745/4RLMXK,rdg.prod,2023,False,0,,,dataset_repo
10.57745/4ynti3,ANALYSIS_CSTs_vs_common_input.png,Recherche Data Gouv,Recherche Data Gouv,https://entrepot.recherche.data.gouv.fr/file.xhtml?persistentId=doi:10.57745/4YNTI3,rdg.prod,2026,False,0,,,dataset_repo
10.57745/58gbhc,XINDMERG.20240529.recipeA.20240529.cds.fasta,Recherche Data Gouv,Recherche Data Gouv,https://entrepot.recherche.data.gouv.fr/file.xhtml?persistentId=doi:10.57745/58GBHC,rdg.prod,2026,False,0,,,dataset_repo
10.57745/59n2xw,P4_Quadriceps_10percent.mat,Recherche Data Gouv,Recherche Data Gouv,https://entrepot.recherche.data.gouv.fr/file.xhtml?persistentId=doi:10.57745/59N2XW,rdg.prod,2026,False,0,,,dataset_repo
10.57745/5ffzvf,P4_Quadriceps_40percent.mat,Recherche Data Gouv,Recherche Data Gouv,https://entrepot.recherche.data.gouv.fr/file.xhtml?persistentId=doi:10.57745/5FFZVF,rdg.prod,2026,False,0,,,dataset_repo
10.57745/5fwnzl,500.zip.022,Recherche Data Gouv,Recherche Data Gouv,https://entrepot.recherche.data.gouv.fr/file.xhtml?persistentId=doi:10.57745/5FWNZL,rdg.prod,2023,False,0,,,dataset_repo
10.57745/5sd3qd,Example_simulation_batch_priors_batch0.pkl,Recherche Data Gouv,Recherche Data Gouv,https://entrepot.recherche.data.gouv.fr/file.xhtml?persistentId=doi:10.57745/5SD3QD,rdg.prod,2026,False,0,,,dataset_repo
10.57745/5wrwsa,labels.txt,Recherche Data Gouv,Recherche Data Gouv,https://entrepot.recherche.data.gouv.fr/file.xhtml?persistentId=doi:10.57745/5WRWSA,rdg.prod,2023,False,0,,,dataset_repo
10.57745/69mmma,600.zip.043,Recherche Data Gouv,Recherche Data Gouv,https://entrepot.recherche.data.gouv.fr/file.xhtml?persistentId=doi:10.57745/69MMMA,rdg.prod,2023,False,0,,,dataset_repo
10.57745/6bsu5p,600.zip.047,Recherche Data Gouv,Recherche Data Gouv,https://entrepot.recherche.data.gouv.fr/file.xhtml?persistentId=doi:10.57745/6BSU5P,rdg.prod,2023,False,0,,,dataset_repo
10.57745/6d77fa,ANALYSIS_Firing_rate_and_ISI.png,Recherche Data Gouv,Recherche Data Gouv,https://entrepot.recherche.data.gouv.fr/file.xhtml?persistentId=doi:10.57745/6D77FA,rdg.prod,2026,False,0,,,dataset_repo
10.57745/6ns98f,400.zip.015,Recherche Data Gouv,Recherche Data Gouv,https://entrepot.recherche.data.gouv.fr/file.xhtml?persistentId=doi:10.57745/6NS98F,rdg.prod,2023,False,0,,,dataset_repo
10.57745/6pskuu,Xiphinema index genome - sequences,Recherche Data Gouv,Recherche Data Gouv,https://entrepot.recherche.data.gouv.fr/citation?persistentId=doi:10.57745/6PSKUU,rdg.prod,2026,False,0,,,dataset_repo
10.57745/6z7dpo,P1_TricepsSurae_40percent.mat,Recherche Data Gouv,Recherche Data Gouv,https://entrepot.recherche.data.gouv.fr/file.xhtml?persistentId=doi:10.57745/6Z7DPO,rdg.prod,2026,False,0,,,dataset_repo
10.57745/7aosnh,100.zip.002,Recherche Data Gouv,Recherche Data Gouv,https://entrepot.recherche.data.gouv.fr/file.xhtml?persistentId=doi:10.57745/7AOSNH,rdg.prod,2023,False,0,,,dataset_repo
10.57745/7ilelm,.DS_Store,Recherche Data Gouv,Recherche Data Gouv,https://entrepot.recherche.data.gouv.fr/file.xhtml?persistentId=doi:10.57745/7ILELM,rdg.prod,2026,False,0,,,dataset_repo
10.57745/7j9veq,Expérience patient parcours préhospitalier des patients COVID-19,Recherche Data Gouv,Recherche Data Gouv,https://entrepot.recherche.data.gouv.fr/citation?persistentId=doi:10.57745/7J9VEQ,rdg.prod,2023,False,0,,,dataset_repo
10.57745/7xlj5u,300.zip.007,Recherche Data Gouv,Recherche Data Gouv,https://entrepot.recherche.data.gouv.fr/file.xhtml?persistentId=doi:10.57745/7XLJ5U,rdg.prod,2023,False,0,,,dataset_repo
10.57745/7xuqjt,ANALYSIS_coherence_with_common_input.png,Recherche Data Gouv,Recherche Data Gouv,https://entrepot.recherche.data.gouv.fr/file.xhtml?persistentId=doi:10.57745/7XUQJT,rdg.prod,2026,False,0,,,dataset_repo
10.57745/8dleoc,500.zip.032,Recherche Data Gouv,Recherche Data Gouv,https://entrepot.recherche.data.gouv.fr/file.xhtml?persistentId=doi:10.57745/8DLEOC,rdg.prod,2023,False,0,,,dataset_repo
10.57745/8gdey1,schema.json,Recherche Data Gouv,Recherche Data Gouv,https://entrepot.recherche.data.gouv.fr/file.xhtml?persistentId=doi:10.57745/8GDEY1,rdg.prod,2026,False,0,,,dataset_repo
10.57745/8nu6ey,Repository_Part1.zip,Recherche Data Gouv,Recherche Data Gouv,https://entrepot.recherche.data.gouv.fr/file.xhtml?persistentId=doi:10.57745/8NU6EY,rdg.prod,2024,False,0,,,dataset_repo
10.57745/8skbea,simulation_output.h5,Recherche Data Gouv,Recherche Data Gouv,https://entrepot.recherche.data.gouv.fr/file.xhtml?persistentId=doi:10.57745/8SKBEA,rdg.prod,2026,False,0,,,dataset_repo
10.57745/8stb9h,500.zip.015,Recherche Data Gouv,Recherche Data Gouv,https://entrepot.recherche.data.gouv.fr/file.xhtml?persistentId=doi:10.57745/8STB9H,rdg.prod,2023,False,0,,,dataset_repo
10.57745/8xfdmf,600.zip.002,Recherche Data Gouv,Recherche Data Gouv,https://entrepot.recherche.data.gouv.fr/file.xhtml?persistentId=doi:10.57745/8XFDMF,rdg.prod,2023,False,0,,,dataset_repo
10.57745/95oc20,README.md,Recherche Data Gouv,Recherche Data Gouv,https://entrepot.recherche.data.gouv.fr/file.xhtml?persistentId=doi:10.57745/95OC20,rdg.prod,2026,False,0,,,dataset_repo
10.57745/9cnaha,P5_TA_40percent.mat,Recherche Data Gouv,Recherche Data Gouv,https://entrepot.recherche.data.gouv.fr/file.xhtml?persistentId=doi:10.57745/9CNAHA,rdg.prod,2026,False,0,,,dataset_repo
10.57745/9itcfq,500.zip.017,Recherche Data Gouv,Recherche Data Gouv,https://entrepot.recherche.data.gouv.fr/file.xhtml?persistentId=doi:10.57745/9ITCFQ,rdg.prod,2023,False,0,,,dataset_repo
10.57745/9iziey,P5_FDI_10percent.mat,Recherche Data Gouv,Recherche Data Gouv,https://entrepot.recherche.data.gouv.fr/file.xhtml?persistentId=doi:10.57745/9IZIEY,rdg.prod,2026,False,0,,,dataset_repo
10.57745/9nei7u,Fig3_bottom.nc,Recherche Data Gouv,Recherche Data Gouv,https://entrepot.recherche.data.gouv.fr/file.xhtml?persistentId=doi:10.57745/9NEI7U,rdg.prod,2026,False,0,,,dataset_repo
10.57745/9rxae6,ANALYSIS_coherence.png,Recherche Data Gouv,Recherche Data Gouv,https://entrepot.recherche.data.gouv.fr/file.xhtml?persistentId=doi:10.57745/9RXAE6,rdg.prod,2026,False,0,,,dataset_repo
10.57745/9salq5,Signal_peptide_proteins_encoding_genes.tab,Recherche Data Gouv,Recherche Data Gouv,https://entrepot.recherche.data.gouv.fr/file.xhtml?persistentId=doi:10.57745/9SALQ5,rdg.prod,2026,False,0,,,dataset_repo
10.57745/9tevlp,300.zip.002,Recherche Data Gouv,Recherche Data Gouv,https://entrepot.recherche.data.gouv.fr/file.xhtml?persistentId=doi:10.57745/9TEVLP,rdg.prod,2023,False,0,,,dataset_repo
10.57745/9tlpew,simulation_output.h5,Recherche Data Gouv,Recherche Data Gouv,https://entrepot.recherche.data.gouv.fr/file.xhtml?persistentId=doi:10.57745/9TLPEW,rdg.prod,2026,False,0,,,dataset_repo
10.57745/9wfwee,600.zip.007,Recherche Data Gouv,Recherche Data Gouv,https://entrepot.recherche.data.gouv.fr/file.xhtml?persistentId=doi:10.57745/9WFWEE,rdg.prod,2023,False,0,,,dataset_repo
10.57745/a28t0a,400.zip.016,Recherche Data Gouv,Recherche Data Gouv,https://entrepot.recherche.data.gouv.fr/file.xhtml?persistentId=doi:10.57745/A28T0A,rdg.prod,2023,False,0,,,dataset_repo
10.57745/abcr7k,DG-U_in-vivo_fitH8V_final.k2,Recherche Data Gouv,Recherche Data Gouv,https://entrepot.recherche.data.gouv.fr/file.xhtml?persistentId=doi:10.57745/ABCR7K,rdg.prod,2026,False,0,,,dataset_repo
10.57745/acyc3o,ANALYSIS_connectivity_ground_truth.png,Recherche Data Gouv,Recherche Data Gouv,https://entrepot.recherche.data.gouv.fr/file.xhtml?persistentId=doi:10.57745/ACYC3O,rdg.prod,2026,False,0,,,dataset_repo
10.57745/afwasn,power_per_frequency_band_independent_input.tab,Recherche Data Gouv,Recherche Data Gouv,https://entrepot.recherche.data.gouv.fr/file.xhtml?persistentId=doi:10.57745/AFWASN,rdg.prod,2026,False,0,,,dataset_repo
10.57745/ahit9v,200.zip.002,Recherche Data Gouv,Recherche Data Gouv,https://entrepot.recherche.data.gouv.fr/file.xhtml?persistentId=doi:10.57745/AHIT9V,rdg.prod,2023,False,0,,,dataset_repo
10.57745/aixbwy,200.zip.003,Recherche Data Gouv,Recherche Data Gouv,https://entrepot.recherche.data.gouv.fr/file.xhtml?persistentId=doi:10.57745/AIXBWY,rdg.prod,2023,False,0,,,dataset_repo
10.57745/aixq88,README.md,Recherche Data Gouv,Recherche Data Gouv,https://entrepot.recherche.data.gouv.fr/file.xhtml?persistentId=doi:10.57745/AIXQ88,rdg.prod,2024,False,0,,,dataset_repo
10.57745/ajazas,ANALYSIS_connectivity_ground_truth.png,Recherche Data Gouv,Recherche Data Gouv,https://entrepot.recherche.data.gouv.fr/file.xhtml?persistentId=doi:10.57745/AJAZAS,rdg.prod,2026,False,0,,,dataset_repo
10.57745/ak2jbz,P3_TA_40percent.mat,Recherche Data Gouv,Recherche Data Gouv,https://entrepot.recherche.data.gouv.fr/file.xhtml?persistentId=doi:10.57745/AK2JBZ,rdg.prod,2026,False,0,,,dataset_repo
10.57745/alz1hx,600.zip.015,Recherche Data Gouv,Recherche Data Gouv,https://entrepot.recherche.data.gouv.fr/file.xhtml?persistentId=doi:10.57745/ALZ1HX,rdg.prod,2023,False,0,,,dataset_repo
10.57745/amqmuf,README.txt,Recherche Data Gouv,Recherche Data Gouv,https://entrepot.recherche.data.gouv.fr/file.xhtml?persistentId=doi:10.57745/AMQMUF,rdg.prod,2026,False,0,,,dataset_repo
10.57745/apo9em,ANALYSIS_CSTs_vs_common_input.png,Recherche Data Gouv,Recherche Data Gouv,https://entrepot.recherche.data.gouv.fr/file.xhtml?persistentId=doi:10.57745/APO9EM,rdg.prod,2026,False,0,,,dataset_repo
10.57745/aq6d98,300.zip.004,Recherche Data Gouv,Recherche Data Gouv,https://entrepot.recherche.data.gouv.fr/file.xhtml?persistentId=doi:10.57745/AQ6D98,rdg.prod,2023,False,0,,,dataset_repo
10.57745/atzfkv,400.zip.022,Recherche Data Gouv,Recherche Data Gouv,https://entrepot.recherche.data.gouv.fr/file.xhtml?persistentId=doi:10.57745/ATZFKV,rdg.prod,2023,False,0,,,dataset_repo
10.57745/ax5mag,README.txt,Recherche Data Gouv,Recherche Data Gouv,https://entrepot.recherche.data.gouv.fr/file.xhtml?persistentId=doi:10.57745/AX5MAG,rdg.prod,2023,False,0,,,dataset_repo
10.57745/axtwn0,power_per_frequency_band_common_input.tab,Recherche Data Gouv,Recherche Data Gouv,https://entrepot.recherche.data.gouv.fr/file.xhtml?persistentId=doi:10.57745/AXTWN0,rdg.prod,2026,False,0,,,dataset_repo
10.57745/b58sya,ReadMe.txt,Recherche Data Gouv,Recherche Data Gouv,https://entrepot.recherche.data.gouv.fr/file.xhtml?persistentId=doi:10.57745/B58SYA,rdg.prod,2025,False,0,,,dataset_repo
10.57745/b8m3g4,400.zip.011,Recherche Data Gouv,Recherche Data Gouv,https://entrepot.recherche.data.gouv.fr/file.xhtml?persistentId=doi:10.57745/B8M3G4,rdg.prod,2023,False,0,,,dataset_repo
10.57745/batrw9,.DS_Store,Recherche Data Gouv,Recherche Data Gouv,https://entrepot.recherche.data.gouv.fr/file.xhtml?persistentId=doi:10.57745/BATRW9,rdg.prod,2026,False,0,,,dataset_repo
10.57745/bchmit,400.zip.001,Recherche Data Gouv,Recherche Data Gouv,https://entrepot.recherche.data.gouv.fr/file.xhtml?persistentId=doi:10.57745/BCHMIT,rdg.prod,2023,False,0,,,dataset_repo
10.57745/bcthca,ANALYSIS_coherence.png,Recherche Data Gouv,Recherche Data Gouv,https://entrepot.recherche.data.gouv.fr/file.xhtml?persistentId=doi:10.57745/BCTHCA,rdg.prod,2026,False,0,,,dataset_repo
10.57745/bdw6ni,500.zip.027,Recherche Data Gouv,Recherche Data Gouv,https://entrepot.recherche.data.gouv.fr/file.xhtml?persistentId=doi:10.57745/BDW6NI,rdg.prod,2023,False,0,,,dataset_repo
10.57745/be5qrv,600.zip.025,Recherche Data Gouv,Recherche Data Gouv,https://entrepot.recherche.data.gouv.fr/file.xhtml?persistentId=doi:10.57745/BE5QRV,rdg.prod,2023,False,0,,,dataset_repo
10.57745/bf4zlt,README.txt,Recherche Data Gouv,Recherche Data Gouv,https://entrepot.recherche.data.gouv.fr/file.xhtml?persistentId=doi:10.57745/BF4ZLT,rdg.prod,2024,False,0,,,dataset_repo
10.57745/bfiapu,XINDMERG.20240529.recipeA.20240529.prot.fasta,Recherche Data Gouv,Recherche Data Gouv,https://entrepot.recherche.data.gouv.fr/file.xhtml?persistentId=doi:10.57745/BFIAPU,rdg.prod,2026,False,0,,,dataset_repo
10.57745/bfp4yz,P1_Fingers_10percent.mat,Recherche Data Gouv,Recherche Data Gouv,https://entrepot.recherche.data.gouv.fr/file.xhtml?persistentId=doi:10.57745/BFP4YZ,rdg.prod,2026,False,0,,,dataset_repo
10.57745/bic6mb,Réponses Enquête Données de la recherche Université de Strasbourg et Université Côte d’Azur,Recherche Data Gouv,Recherche Data Gouv,https://entrepot.recherche.data.gouv.fr/citation?persistentId=doi:10.57745/BIC6MB,rdg.prod,2023,True,1,hal-03997711,,dataset_repo
10.57745/blxjtg,500.zip.033,Recherche Data Gouv,Recherche Data Gouv,https://entrepot.recherche.data.gouv.fr/file.xhtml?persistentId=doi:10.57745/BLXJTG,rdg.prod,2023,False,0,,,dataset_repo
10.57745/bp74c0,analysis_output.pkl,Recherche Data Gouv,Recherche Data Gouv,https://entrepot.recherche.data.gouv.fr/file.xhtml?persistentId=doi:10.57745/BP74C0,rdg.prod,2026,False,0,,,dataset_repo
10.57745/bsyl20,P6_FDI_10percent.mat,Recherche Data Gouv,Recherche Data Gouv,https://entrepot.recherche.data.gouv.fr/file.xhtml?persistentId=doi:10.57745/BSYL20,rdg.prod,2026,False,0,,,dataset_repo
10.57745/btpvom,ANALYSIS_coherence.png,Recherche Data Gouv,Recherche Data Gouv,https://entrepot.recherche.data.gouv.fr/file.xhtml?persistentId=doi:10.57745/BTPVOM,rdg.prod,2026,False,0,,,dataset_repo
10.57745/buxqwk,400.zip.017,Recherche Data Gouv,Recherche Data Gouv,https://entrepot.recherche.data.gouv.fr/file.xhtml?persistentId=doi:10.57745/BUXQWK,rdg.prod,2023,False,0,,,dataset_repo
10.57745/bvw62h,600.zip.019,Recherche Data Gouv,Recherche Data Gouv,https://entrepot.recherche.data.gouv.fr/file.xhtml?persistentId=doi:10.57745/BVW62H,rdg.prod,2023,False,0,,,dataset_repo
10.57745/bwlx3m,README.md,Recherche Data Gouv,Recherche Data Gouv,https://entrepot.recherche.data.gouv.fr/file.xhtml?persistentId=doi:10.57745/BWLX3M,rdg.prod,2025,False,0,,,dataset_repo
10.57745/c7sm8d,600.zip.034,Recherche Data Gouv,Recherche Data Gouv,https://entrepot.recherche.data.gouv.fr/file.xhtml?persistentId=doi:10.57745/C7SM8D,rdg.prod,2023,False,0,,,dataset_repo
10.57745/c8v1cb,analysis_output.pkl,Recherche Data Gouv,Recherche Data Gouv,https://entrepot.recherche.data.gouv.fr/file.xhtml?persistentId=doi:10.57745/C8V1CB,rdg.prod,2026,False,0,,,dataset_repo
10.57745/c9oifz,P3_Quadriceps_40percent.mat,Recherche Data Gouv,Recherche Data Gouv,https://entrepot.recherche.data.gouv.fr/file.xhtml?persistentId=doi:10.57745/C9OIFZ,rdg.prod,2026,False,0,,,dataset_repo
10.57745/c9qigp,600.zip.001,Recherche Data Gouv,Recherche Data Gouv,https://entrepot.recherche.data.gouv.fr/file.xhtml?persistentId=doi:10.57745/C9QIGP,rdg.prod,2023,False,0,,,dataset_repo
10.57745/cajshh,600.zip.017,Recherche Data Gouv,Recherche Data Gouv,https://entrepot.recherche.data.gouv.fr/file.xhtml?persistentId=doi:10.57745/CAJSHH,rdg.prod,2023,False,0,,,dataset_repo
10.57745/ccj2zn,500.zip.003,Recherche Data Gouv,Recherche Data Gouv,https://entrepot.recherche.data.gouv.fr/file.xhtml?persistentId=doi:10.57745/CCJ2ZN,rdg.prod,2023,False,0,,,dataset_repo
10.57745/cdfnoh,ANALYSIS_coherence.png,Recherche Data Gouv,Recherche Data Gouv,https://entrepot.recherche.data.gouv.fr/file.xhtml?persistentId=doi:10.57745/CDFNOH,rdg.prod,2026,False,0,,,dataset_repo
10.57745/ceypws,ANALYSIS_connectivity_ground_truth.png,Recherche Data Gouv,Recherche Data Gouv,https://entrepot.recherche.data.gouv.fr/file.xhtml?persistentId=doi:10.57745/CEYPWS,rdg.prod,2026,False,0,,,dataset_repo
10.57745/cgqfou,P2_FDI_10percent.mat,Recherche Data Gouv,Recherche Data Gouv,https://entrepot.recherche.data.gouv.fr/file.xhtml?persistentId=doi:10.57745/CGQFOU,rdg.prod,2026,False,0,,,dataset_repo
10.57745/chnjqt,README.txt,Recherche Data Gouv,Recherche Data Gouv,https://entrepot.recherche.data.gouv.fr/file.xhtml?persistentId=doi:10.57745/CHNJQT,rdg.prod,2025,False,0,,,dataset_repo
10.57745/chonaz,ANALYSIS_Firing_rate_and_ISI.png,Recherche Data Gouv,Recherche Data Gouv,https://entrepot.recherche.data.gouv.fr/file.xhtml?persistentId=doi:10.57745/CHONAZ,rdg.prod,2026,False,0,,,dataset_repo
10.57745/cicdn5,600.zip.041,Recherche Data Gouv,Recherche Data Gouv,https://entrepot.recherche.data.gouv.fr/file.xhtml?persistentId=doi:10.57745/CICDN5,rdg.prod,2023,False,0,,,dataset_repo
10.57745/cwi7l6,200.zip.006,Recherche Data Gouv,Recherche Data Gouv,https://entrepot.recherche.data.gouv.fr/file.xhtml?persistentId=doi:10.57745/CWI7L6,rdg.prod,2023,False,0,,,dataset_repo
10.57745/cxr7dj,600.zip.020,Recherche Data Gouv,Recherche Data Gouv,https://entrepot.recherche.data.gouv.fr/file.xhtml?persistentId=doi:10.57745/CXR7DJ,rdg.prod,2023,False,0,,,dataset_repo
10.57745/d6xqd0,ANALYSIS_CSTs_vs_common_input.png,Recherche Data Gouv,Recherche Data Gouv,https://entrepot.recherche.data.gouv.fr/file.xhtml?persistentId=doi:10.57745/D6XQD0,rdg.prod,2026,False,0,,,dataset_repo
10.57745/dk64pb,analysis_output.pkl,Recherche Data Gouv,Recherche Data Gouv,https://entrepot.recherche.data.gouv.fr/file.xhtml?persistentId=doi:10.57745/DK64PB,rdg.prod,2026,False,0,,,dataset_repo
10.57745/drkmln,ANALYSIS_connectivity_ground_truth.png,Recherche Data Gouv,Recherche Data Gouv,https://entrepot.recherche.data.gouv.fr/file.xhtml?persistentId=doi:10.57745/DRKMLN,rdg.prod,2026,False,0,,,dataset_repo
10.57745/dxoc23,P2_TricepsSurae_40percent.mat,Recherche Data Gouv,Recherche Data Gouv,https://entrepot.recherche.data.gouv.fr/file.xhtml?persistentId=doi:10.57745/DXOC23,rdg.prod,2026,False,0,,,dataset_repo
10.57745/e38ixh,power_per_frequency_band_independent_input.tab,Recherche Data Gouv,Recherche Data Gouv,https://entrepot.recherche.data.gouv.fr/file.xhtml?persistentId=doi:10.57745/E38IXH,rdg.prod,2026,False,0,,,dataset_repo
10.57745/e9w6g3,ANALYSIS_Firing_rate_and_ISI.png,Recherche Data Gouv,Recherche Data Gouv,https://entrepot.recherche.data.gouv.fr/file.xhtml?persistentId=doi:10.57745/E9W6G3,rdg.prod,2026,False,0,,,dataset_repo
10.57745/eacqif,P4_TricepsSurae_40percent.mat,Recherche Data Gouv,Recherche Data Gouv,https://entrepot.recherche.data.gouv.fr/file.xhtml?persistentId=doi:10.57745/EACQIF,rdg.prod,2026,False,0,,,dataset_repo
10.57745/ebbryu,sim_parameters.json,Recherche Data Gouv,Recherche Data Gouv,https://entrepot.recherche.data.gouv.fr/file.xhtml?persistentId=doi:10.57745/EBBRYU,rdg.prod,2026,False,0,,,dataset_repo
10.57745/ebtm2r,From bioaccumulation to molecular complexation of uranium and neptunium in hepatopancreas and metallothioneins from Mytilus galloprovincialis,Recherche Data Gouv,Recherche Data Gouv,https://entrepot.recherche.data.gouv.fr/citation?persistentId=doi:10.57745/EBTM2R,rdg.prod,2026,False,0,,,dataset_repo
10.57745/eccchp,2025_structure-questionnaire-donnees-adbu.pdf,Recherche Data Gouv,Recherche Data Gouv,https://entrepot.recherche.data.gouv.fr/file.xhtml?persistentId=doi:10.57745/ECCCHP,rdg.prod,2025,False,0,,,dataset_repo
10.57745/ecpwhv,Predicted Genes Overlapping Minc Telomeres,Recherche Data Gouv,Recherche Data Gouv,https://entrepot.recherche.data.gouv.fr/citation?persistentId=doi:10.57745/ECPWHV,rdg.prod,2023,False,0,,,dataset_repo
10.57745/edl50m,600.zip.037,Recherche Data Gouv,Recherche Data Gouv,https://entrepot.recherche.data.gouv.fr/file.xhtml?persistentId=doi:10.57745/EDL50M,rdg.prod,2023,False,0,,,dataset_repo
10.57745/enbais,Replication Data for: Towards tsunami early-warning with Distributed Acoustic Sensing: expected seafloor strains induced by tsunamis,Recherche Data Gouv,Recherche Data Gouv,https://entrepot.recherche.data.gouv.fr/citation?persistentId=doi:10.57745/ENBAIS,rdg.prod,2024,True,1,hal-05630218,,dataset_repo
10.57745/eoegzf,sim_parameters.json,Recherche Data Gouv,Recherche Data Gouv,https://entrepot.recherche.data.gouv.fr/file.xhtml?persistentId=doi:10.57745/EOEGZF,rdg.prod,2026,False,0,,,dataset_repo
10.57745/eopauc,ANALYSIS_CSTs_vs_common_input.png,Recherche Data Gouv,Recherche Data Gouv,https://entrepot.recherche.data.gouv.fr/file.xhtml?persistentId=doi:10.57745/EOPAUC,rdg.prod,2026,False,0,,,dataset_repo
10.57745/epzzx5,WTO-OWL-SKOS-v3.1.zip,Recherche Data Gouv,Recherche Data Gouv,https://entrepot.recherche.data.gouv.fr/file.xhtml?persistentId=doi:10.57745/EPZZX5,rdg.prod,2024,False,0,,,dataset_repo
10.57745/ffnyzd,500.zip.006,Recherche Data Gouv,Recherche Data Gouv,https://entrepot.recherche.data.gouv.fr/file.xhtml?persistentId=doi:10.57745/FFNYZD,rdg.prod,2023,False,0,,,dataset_repo
10.57745/fgbpfs,P5_TricepsSurae_40percent.mat,Recherche Data Gouv,Recherche Data Gouv,https://entrepot.recherche.data.gouv.fr/file.xhtml?persistentId=doi:10.57745/FGBPFS,rdg.prod,2026,False,0,,,dataset_repo
10.57745/fitejg,P1_Fingers_40percent.mat,Recherche Data Gouv,Recherche Data Gouv,https://entrepot.recherche.data.gouv.fr/file.xhtml?persistentId=doi:10.57745/FITEJG,rdg.prod,2026,False,0,,,dataset_repo
10.57745/fmdywi,Wheat Crop Ontology OWL/SKOS,Recherche Data Gouv,Recherche Data Gouv,https://entrepot.recherche.data.gouv.fr/citation?persistentId=doi:10.57745/FMDYWI,rdg.prod,2024,False,0,,,dataset_repo
10.57745/fmismm,___general_analysis_of_simulations.csv,Recherche Data Gouv,Recherche Data Gouv,https://entrepot.recherche.data.gouv.fr/file.xhtml?persistentId=doi:10.57745/FMISMM,rdg.prod,2026,False,0,,,dataset_repo
10.57745/fnfgqg,600.zip.003,Recherche Data Gouv,Recherche Data Gouv,https://entrepot.recherche.data.gouv.fr/file.xhtml?persistentId=doi:10.57745/FNFGQG,rdg.prod,2023,False,0,,,dataset_repo
10.57745/fswnrs,Wheat Observations KG,Recherche Data Gouv,Recherche Data Gouv,https://entrepot.recherche.data.gouv.fr/citation?persistentId=doi:10.57745/FSWNRS,rdg.prod,2024,False,0,,,dataset_repo
10.57745/fsy4i0,ANALYSIS_Firing_rate_and_ISI.png,Recherche Data Gouv,Recherche Data Gouv,https://entrepot.recherche.data.gouv.fr/file.xhtml?persistentId=doi:10.57745/FSY4I0,rdg.prod,2026,False,0,,,dataset_repo
10.57745/fykvcb,500.zip.029,Recherche Data Gouv,Recherche Data Gouv,https://entrepot.recherche.data.gouv.fr/file.xhtml?persistentId=doi:10.57745/FYKVCB,rdg.prod,2023,False,0,,,dataset_repo
10.57745/fyyxqn,ANALYSIS_CSTs_vs_common_input.png,Recherche Data Gouv,Recherche Data Gouv,https://entrepot.recherche.data.gouv.fr/file.xhtml?persistentId=doi:10.57745/FYYXQN,rdg.prod,2026,False,0,,,dataset_repo
10.57745/fz7xaj,P5_TA_10percent.mat,Recherche Data Gouv,Recherche Data Gouv,https://entrepot.recherche.data.gouv.fr/file.xhtml?persistentId=doi:10.57745/FZ7XAJ,rdg.prod,2026,False,0,,,dataset_repo
10.57745/g4dato,sim_parameters.json,Recherche Data Gouv,Recherche Data Gouv,https://entrepot.recherche.data.gouv.fr/file.xhtml?persistentId=doi:10.57745/G4DATO,rdg.prod,2026,False,0,,,dataset_repo
10.57745/gbasjj,500.zip.025,Recherche Data Gouv,Recherche Data Gouv,https://entrepot.recherche.data.gouv.fr/file.xhtml?persistentId=doi:10.57745/GBASJJ,rdg.prod,2023,False,0,,,dataset_repo
10.57745/gdcqbc,300.zip.003,Recherche Data Gouv,Recherche Data Gouv,https://entrepot.recherche.data.gouv.fr/file.xhtml?persistentId=doi:10.57745/GDCQBC,rdg.prod,2023,False,0,,,dataset_repo
10.57745/getqf8,P1_Quadriceps_40percent.mat,Recherche Data Gouv,Recherche Data Gouv,https://entrepot.recherche.data.gouv.fr/file.xhtml?persistentId=doi:10.57745/GETQF8,rdg.prod,2026,False,0,,,dataset_repo
10.57745/gfr8se,400.zip.019,Recherche Data Gouv,Recherche Data Gouv,https://entrepot.recherche.data.gouv.fr/file.xhtml?persistentId=doi:10.57745/GFR8SE,rdg.prod,2023,False,0,,,dataset_repo
10.57745/ggujh2,train_dataset.jsonl,Recherche Data Gouv,Recherche Data Gouv,https://entrepot.recherche.data.gouv.fr/file.xhtml?persistentId=doi:10.57745/GGUJH2,rdg.prod,2026,False,0,,,dataset_repo
10.57745/ghozzy,600.zip.005,Recherche Data Gouv,Recherche Data Gouv,https://entrepot.recherche.data.gouv.fr/file.xhtml?persistentId=doi:10.57745/GHOZZY,rdg.prod,2023,False,0,,,dataset_repo
10.57745/gjtmor,ANALYSIS_Firing_rate_and_ISI.png,Recherche Data Gouv,Recherche Data Gouv,https://entrepot.recherche.data.gouv.fr/file.xhtml?persistentId=doi:10.57745/GJTMOR,rdg.prod,2026,False,0,,,dataset_repo
10.57745/gllwwh,CAMELS_FR_attributes.zip,Recherche Data Gouv,Recherche Data Gouv,https://entrepot.recherche.data.gouv.fr/file.xhtml?persistentId=doi:10.57745/GLLWWH,rdg.prod,2025,False,0,,,dataset_repo
10.57745/glxkj3,ANALYSIS_coherence_with_common_input.png,Recherche Data Gouv,Recherche Data Gouv,https://entrepot.recherche.data.gouv.fr/file.xhtml?persistentId=doi:10.57745/GLXKJ3,rdg.prod,2026,False,0,,,dataset_repo
10.57745/gq4lkg,500.zip.004,Recherche Data Gouv,Recherche Data Gouv,https://entrepot.recherche.data.gouv.fr/file.xhtml?persistentId=doi:10.57745/GQ4LKG,rdg.prod,2023,False,0,,,dataset_repo
10.57745/gtwxrc,P1_TA_40percent.mat,Recherche Data Gouv,Recherche Data Gouv,https://entrepot.recherche.data.gouv.fr/file.xhtml?persistentId=doi:10.57745/GTWXRC,rdg.prod,2026,False,0,,,dataset_repo
10.57745/gw2vgj,600.zip.027,Recherche Data Gouv,Recherche Data Gouv,https://entrepot.recherche.data.gouv.fr/file.xhtml?persistentId=doi:10.57745/GW2VGJ,rdg.prod,2023,False,0,,,dataset_repo
10.57745/h8cpmk,README.txt,Recherche Data Gouv,Recherche Data Gouv,https://entrepot.recherche.data.gouv.fr/file.xhtml?persistentId=doi:10.57745/H8CPMK,rdg.prod,2026,False,0,,,dataset_repo
10.57745/hc63kd,100.zip.001,Recherche Data Gouv,Recherche Data Gouv,https://entrepot.recherche.data.gouv.fr/file.xhtml?persistentId=doi:10.57745/HC63KD,rdg.prod,2023,False,0,,,dataset_repo
10.57745/hdhvl3,analysis_output.pkl,Recherche Data Gouv,Recherche Data Gouv,https://entrepot.recherche.data.gouv.fr/file.xhtml?persistentId=doi:10.57745/HDHVL3,rdg.prod,2026,False,0,,,dataset_repo
10.57745/hhnt10,Labeled Temporal Brain Networks,Recherche Data Gouv,Recherche Data Gouv,https://entrepot.recherche.data.gouv.fr/citation?persistentId=doi:10.57745/HHNT10,rdg.prod,2023,False,0,,,dataset_repo
10.57745/hjl88s,P3_Quadriceps_10percent.mat,Recherche Data Gouv,Recherche Data Gouv,https://entrepot.recherche.data.gouv.fr/file.xhtml?persistentId=doi:10.57745/HJL88S,rdg.prod,2026,False,0,,,dataset_repo
10.57745/hmvg2q,power_per_frequency_band_common_input.tab,Recherche Data Gouv,Recherche Data Gouv,https://entrepot.recherche.data.gouv.fr/file.xhtml?persistentId=doi:10.57745/HMVG2Q,rdg.prod,2026,False,0,,,dataset_repo
10.57745/hniteu,putative_secreted_proteins_encoding_genes.tab,Recherche Data Gouv,Recherche Data Gouv,https://entrepot.recherche.data.gouv.fr/file.xhtml?persistentId=doi:10.57745/HNITEU,rdg.prod,2026,False,0,,,dataset_repo
10.57745/hodnhg,power_per_frequency_band_independent_input.tab,Recherche Data Gouv,Recherche Data Gouv,https://entrepot.recherche.data.gouv.fr/file.xhtml?persistentId=doi:10.57745/HODNHG,rdg.prod,2026,False,0,,,dataset_repo
10.57745/hsq9d8,power_per_frequency_band_common_input.tab,Recherche Data Gouv,Recherche Data Gouv,https://entrepot.recherche.data.gouv.fr/file.xhtml?persistentId=doi:10.57745/HSQ9D8,rdg.prod,2026,False,0,,,dataset_repo
10.57745/hxk9qw,400.zip.004,Recherche Data Gouv,Recherche Data Gouv,https://entrepot.recherche.data.gouv.fr/file.xhtml?persistentId=doi:10.57745/HXK9QW,rdg.prod,2023,False,0,,,dataset_repo
10.57745/i32zof,ANALYSIS_coherence.png,Recherche Data Gouv,Recherche Data Gouv,https://entrepot.recherche.data.gouv.fr/file.xhtml?persistentId=doi:10.57745/I32ZOF,rdg.prod,2026,False,0,,,dataset_repo
10.57745/ies5o1,ANALYSIS_Firing_rate_and_ISI.png,Recherche Data Gouv,Recherche Data Gouv,https://entrepot.recherche.data.gouv.fr/file.xhtml?persistentId=doi:10.57745/IES5O1,rdg.prod,2026,False,0,,,dataset_repo
10.57745/ikyaxe,analysis_output.pkl,Recherche Data Gouv,Recherche Data Gouv,https://entrepot.recherche.data.gouv.fr/file.xhtml?persistentId=doi:10.57745/IKYAXE,rdg.prod,2026,False,0,,,dataset_repo
10.57745/ip9oey,power_per_frequency_band_independent_input.tab,Recherche Data Gouv,Recherche Data Gouv,https://entrepot.recherche.data.gouv.fr/file.xhtml?persistentId=doi:10.57745/IP9OEY,rdg.prod,2026,False,0,,,dataset_repo
10.57745/ipgxzy,P3_FDI_40percent.mat,Recherche Data Gouv,Recherche Data Gouv,https://entrepot.recherche.data.gouv.fr/file.xhtml?persistentId=doi:10.57745/IPGXZY,rdg.prod,2026,False,0,,,dataset_repo
10.57745/ippsge,simulation_output.h5,Recherche Data Gouv,Recherche Data Gouv,https://entrepot.recherche.data.gouv.fr/file.xhtml?persistentId=doi:10.57745/IPPSGE,rdg.prod,2026,False,0,,,dataset_repo
10.57745/italog,500.zip.019,Recherche Data Gouv,Recherche Data Gouv,https://entrepot.recherche.data.gouv.fr/file.xhtml?persistentId=doi:10.57745/ITALOG,rdg.prod,2023,False,0,,,dataset_repo
10.57745/iuhoiy,2025_donnees-brutes-questionnaire-donnees-adbu.csv,Recherche Data Gouv,Recherche Data Gouv,https://entrepot.recherche.data.gouv.fr/file.xhtml?persistentId=doi:10.57745/IUHOIY,rdg.prod,2025,False,0,,,dataset_repo
10.57745/ivabig,600.zip.045,Recherche Data Gouv,Recherche Data Gouv,https://entrepot.recherche.data.gouv.fr/file.xhtml?persistentId=doi:10.57745/IVABIG,rdg.prod,2023,False,0,,,dataset_repo
10.57745/ivekqz,600.zip.004,Recherche Data Gouv,Recherche Data Gouv,https://entrepot.recherche.data.gouv.fr/file.xhtml?persistentId=doi:10.57745/IVEKQZ,rdg.prod,2023,False,0,,,dataset_repo
10.57745/iwj7dw,P6_TricepsSurae_40percent.mat,Recherche Data Gouv,Recherche Data Gouv,https://entrepot.recherche.data.gouv.fr/file.xhtml?persistentId=doi:10.57745/IWJ7DW,rdg.prod,2026,False,0,,,dataset_repo
10.57745/iyxre8,500.zip.034,Recherche Data Gouv,Recherche Data Gouv,https://entrepot.recherche.data.gouv.fr/file.xhtml?persistentId=doi:10.57745/IYXRE8,rdg.prod,2023,False,0,,,dataset_repo
10.57745/j1myer,500.zip.020,Recherche Data Gouv,Recherche Data Gouv,https://entrepot.recherche.data.gouv.fr/file.xhtml?persistentId=doi:10.57745/J1MYER,rdg.prod,2023,False,0,,,dataset_repo
10.57745/j4kgw4,300.zip.009,Recherche Data Gouv,Recherche Data Gouv,https://entrepot.recherche.data.gouv.fr/file.xhtml?persistentId=doi:10.57745/J4KGW4,rdg.prod,2023,False,0,,,dataset_repo
10.57745/jcejgp,ANALYSIS_coherence.png,Recherche Data Gouv,Recherche Data Gouv,https://entrepot.recherche.data.gouv.fr/file.xhtml?persistentId=doi:10.57745/JCEJGP,rdg.prod,2026,False,0,,,dataset_repo
10.57745/jgfymh,600.zip.048,Recherche Data Gouv,Recherche Data Gouv,https://entrepot.recherche.data.gouv.fr/file.xhtml?persistentId=doi:10.57745/JGFYMH,rdg.prod,2023,False,0,,,dataset_repo
10.57745/jihphf,ANALYSIS_connectivity_ground_truth.png,Recherche Data Gouv,Recherche Data Gouv,https://entrepot.recherche.data.gouv.fr/file.xhtml?persistentId=doi:10.57745/JIHPHF,rdg.prod,2026,False,0,,,dataset_repo
10.57745/jivey4,300.zip.010,Recherche Data Gouv,Recherche Data Gouv,https://entrepot.recherche.data.gouv.fr/file.xhtml?persistentId=doi:10.57745/JIVEY4,rdg.prod,2023,False,0,,,dataset_repo
10.57745/jlxeod,simulation_output.h5,Recherche Data Gouv,Recherche Data Gouv,https://entrepot.recherche.data.gouv.fr/file.xhtml?persistentId=doi:10.57745/JLXEOD,rdg.prod,2026,False,0,,,dataset_repo
10.57745/jovkkl,20210601_FichierLimeSurvey_Questionnaire_Enquete_DR_GIS_Reseau_URFIST.lss,Recherche Data Gouv,Recherche Data Gouv,https://entrepot.recherche.data.gouv.fr/file.xhtml?persistentId=doi:10.57745/JOVKKL,rdg.prod,2023,False,0,,,dataset_repo
10.57745/jqittg,ANALYSIS_coherence_with_common_input.png,Recherche Data Gouv,Recherche Data Gouv,https://entrepot.recherche.data.gouv.fr/file.xhtml?persistentId=doi:10.57745/JQITTG,rdg.prod,2026,False,0,,,dataset_repo
10.57745/ju8yny,600.zip.018,Recherche Data Gouv,Recherche Data Gouv,https://entrepot.recherche.data.gouv.fr/file.xhtml?persistentId=doi:10.57745/JU8YNY,rdg.prod,2023,False,0,,,dataset_repo
10.57745/jxat1t,analysis_output.pkl,Recherche Data Gouv,Recherche Data Gouv,https://entrepot.recherche.data.gouv.fr/file.xhtml?persistentId=doi:10.57745/JXAT1T,rdg.prod,2026,False,0,,,dataset_repo
10.57745/jxg1xo,600.zip.030,Recherche Data Gouv,Recherche Data Gouv,https://entrepot.recherche.data.gouv.fr/file.xhtml?persistentId=doi:10.57745/JXG1XO,rdg.prod,2023,False,0,,,dataset_repo
10.57745/jywuiy,Données de l'enquête ADBU sur l'implication des structures documentaires dans l'accompagnement sur les données de recherche,Recherche Data Gouv,Recherche Data Gouv,https://entrepot.recherche.data.gouv.fr/citation?persistentId=doi:10.57745/JYWUIY,rdg.prod,2025,True,1,hal-05221870,,dataset_repo
10.57745/jznqiu,20191101_Questionnaire_Original_limesurvey_survey_EN.html,Recherche Data Gouv,Recherche Data Gouv,https://entrepot.recherche.data.gouv.fr/file.xhtml?persistentId=doi:10.57745/JZNQIU,rdg.prod,2023,False,0,,,dataset_repo
10.57745/k0d78c,XINDMERG.20240529.recipeA.20240529.gene.fasta,Recherche Data Gouv,Recherche Data Gouv,https://entrepot.recherche.data.gouv.fr/file.xhtml?persistentId=doi:10.57745/K0D78C,rdg.prod,2026,False,0,,,dataset_repo
10.57745/k7vupx,600.zip.032,Recherche Data Gouv,Recherche Data Gouv,https://entrepot.recherche.data.gouv.fr/file.xhtml?persistentId=doi:10.57745/K7VUPX,rdg.prod,2023,False,0,,,dataset_repo
10.57745/k960vh,networks.zip,Recherche Data Gouv,Recherche Data Gouv,https://entrepot.recherche.data.gouv.fr/file.xhtml?persistentId=doi:10.57745/K960VH,rdg.prod,2023,False,0,,,dataset_repo
10.57745/kbd86c,200.zip.005,Recherche Data Gouv,Recherche Data Gouv,https://entrepot.recherche.data.gouv.fr/file.xhtml?persistentId=doi:10.57745/KBD86C,rdg.prod,2023,False,0,,,dataset_repo
10.57745/kcekmz,P1_TA_10percent.mat,Recherche Data Gouv,Recherche Data Gouv,https://entrepot.recherche.data.gouv.fr/file.xhtml?persistentId=doi:10.57745/KCEKMZ,rdg.prod,2026,False,0,,,dataset_repo
10.57745/kdb8mi,MADAM_french_reservoirs.gpkg,Recherche Data Gouv,Recherche Data Gouv,https://entrepot.recherche.data.gouv.fr/file.xhtml?persistentId=doi:10.57745/KDB8MI,rdg.prod,2024,False,0,,,dataset_repo
10.57745/kde1cc,P4_TA_10percent.mat,Recherche Data Gouv,Recherche Data Gouv,https://entrepot.recherche.data.gouv.fr/file.xhtml?persistentId=doi:10.57745/KDE1CC,rdg.prod,2026,False,0,,,dataset_repo
10.57745/kgcffp,ANALYSIS_connectivity_ground_truth.png,Recherche Data Gouv,Recherche Data Gouv,https://entrepot.recherche.data.gouv.fr/file.xhtml?persistentId=doi:10.57745/KGCFFP,rdg.prod,2026,False,0,,,dataset_repo
10.57745/kgglme,power_per_frequency_band_common_input.tab,Recherche Data Gouv,Recherche Data Gouv,https://entrepot.recherche.data.gouv.fr/file.xhtml?persistentId=doi:10.57745/KGGLME,rdg.prod,2026,False,0,,,dataset_repo
10.57745/kgnjmw,300.zip.008,Recherche Data Gouv,Recherche Data Gouv,https://entrepot.recherche.data.gouv.fr/file.xhtml?persistentId=doi:10.57745/KGNJMW,rdg.prod,2023,False,0,,,dataset_repo
10.57745/kgrixk,ADDITIONAL_LICENSES.zip,Recherche Data Gouv,Recherche Data Gouv,https://entrepot.recherche.data.gouv.fr/file.xhtml?persistentId=doi:10.57745/KGRIXK,rdg.prod,2024,False,0,,,dataset_repo
10.57745/kk2svj,CAMELS-FR graphical fact sheets,Recherche Data Gouv,Recherche Data Gouv,https://entrepot.recherche.data.gouv.fr/citation?persistentId=doi:10.57745/KK2SVJ,rdg.prod,2024,True,3,hal-03687235|hal-04790476|hal-05028312,,dataset_repo
10.57745/kunsrm,putative_GPI_proteins_encoding_genes.tab,Recherche Data Gouv,Recherche Data Gouv,https://entrepot.recherche.data.gouv.fr/file.xhtml?persistentId=doi:10.57745/KUNSRM,rdg.prod,2026,False,0,,,dataset_repo
10.57745/kxvhze,sim_parameters.json,Recherche Data Gouv,Recherche Data Gouv,https://entrepot.recherche.data.gouv.fr/file.xhtml?persistentId=doi:10.57745/KXVHZE,rdg.prod,2026,False,0,,,dataset_repo
10.57745/ky5n4w,analyzes_parameters.pkl,Recherche Data Gouv,Recherche Data Gouv,https://entrepot.recherche.data.gouv.fr/file.xhtml?persistentId=doi:10.57745/KY5N4W,rdg.prod,2026,False,0,,,dataset_repo
10.57745/l4qc1l,power_per_frequency_band_common_input.tab,Recherche Data Gouv,Recherche Data Gouv,https://entrepot.recherche.data.gouv.fr/file.xhtml?persistentId=doi:10.57745/L4QC1L,rdg.prod,2026,False,0,,,dataset_repo
10.57745/l94phx,P3_TricepsSurae_10percent.mat,Recherche Data Gouv,Recherche Data Gouv,https://entrepot.recherche.data.gouv.fr/file.xhtml?persistentId=doi:10.57745/L94PHX,rdg.prod,2026,False,0,,,dataset_repo
10.57745/ldjwof,600.zip.022,Recherche Data Gouv,Recherche Data Gouv,https://entrepot.recherche.data.gouv.fr/file.xhtml?persistentId=doi:10.57745/LDJWOF,rdg.prod,2023,False,0,,,dataset_repo
10.57745/lf9fcy,400.zip.005,Recherche Data Gouv,Recherche Data Gouv,https://entrepot.recherche.data.gouv.fr/file.xhtml?persistentId=doi:10.57745/LF9FCY,rdg.prod,2023,False,0,,,dataset_repo
10.57745/lfciy6,P2_TricepsSurae_10percent.mat,Recherche Data Gouv,Recherche Data Gouv,https://entrepot.recherche.data.gouv.fr/file.xhtml?persistentId=doi:10.57745/LFCIY6,rdg.prod,2026,False,0,,,dataset_repo
10.57745/lfcmef,Repository_Part2.zip,Recherche Data Gouv,Recherche Data Gouv,https://entrepot.recherche.data.gouv.fr/file.xhtml?persistentId=doi:10.57745/LFCMEF,rdg.prod,2025,False,0,,,dataset_repo
10.57745/ljlbjh,P2_TA_10percent.mat,Recherche Data Gouv,Recherche Data Gouv,https://entrepot.recherche.data.gouv.fr/file.xhtml?persistentId=doi:10.57745/LJLBJH,rdg.prod,2026,False,0,,,dataset_repo
10.57745/lmbgje,600.zip.008,Recherche Data Gouv,Recherche Data Gouv,https://entrepot.recherche.data.gouv.fr/file.xhtml?persistentId=doi:10.57745/LMBGJE,rdg.prod,2023,False,0,,,dataset_repo
10.57745/lqa9en,600.zip.029,Recherche Data Gouv,Recherche Data Gouv,https://entrepot.recherche.data.gouv.fr/file.xhtml?persistentId=doi:10.57745/LQA9EN,rdg.prod,2023,False,0,,,dataset_repo
10.57745/lqq6iz,power_per_frequency_band_common_input.tab,Recherche Data Gouv,Recherche Data Gouv,https://entrepot.recherche.data.gouv.fr/file.xhtml?persistentId=doi:10.57745/LQQ6IZ,rdg.prod,2026,False,0,,,dataset_repo
10.57745/luisrp,sim_parameters.json,Recherche Data Gouv,Recherche Data Gouv,https://entrepot.recherche.data.gouv.fr/file.xhtml?persistentId=doi:10.57745/LUISRP,rdg.prod,2026,False,0,,,dataset_repo
10.57745/lvv8uk,README.txt,Recherche Data Gouv,Recherche Data Gouv,https://entrepot.recherche.data.gouv.fr/file.xhtml?persistentId=doi:10.57745/LVV8UK,rdg.prod,2026,False,0,,,dataset_repo
10.57745/lxgwwj,200.zip.001,Recherche Data Gouv,Recherche Data Gouv,https://entrepot.recherche.data.gouv.fr/file.xhtml?persistentId=doi:10.57745/LXGWWJ,rdg.prod,2023,False,0,,,dataset_repo
10.57745/m1vmwl,500.zip.026,Recherche Data Gouv,Recherche Data Gouv,https://entrepot.recherche.data.gouv.fr/file.xhtml?persistentId=doi:10.57745/M1VMWL,rdg.prod,2023,False,0,,,dataset_repo
10.57745/m7zixf,ANALYSIS_coherence.png,Recherche Data Gouv,Recherche Data Gouv,https://entrepot.recherche.data.gouv.fr/file.xhtml?persistentId=doi:10.57745/M7ZIXF,rdg.prod,2026,False,0,,,dataset_repo
10.57745/maxxvn,400.zip.008,Recherche Data Gouv,Recherche Data Gouv,https://entrepot.recherche.data.gouv.fr/file.xhtml?persistentId=doi:10.57745/MAXXVN,rdg.prod,2023,False,0,,,dataset_repo
10.57745/mddnse,power_per_frequency_band_common_input.tab,Recherche Data Gouv,Recherche Data Gouv,https://entrepot.recherche.data.gouv.fr/file.xhtml?persistentId=doi:10.57745/MDDNSE,rdg.prod,2026,False,0,,,dataset_repo
10.57745/mkhcxj,500.zip.028,Recherche Data Gouv,Recherche Data Gouv,https://entrepot.recherche.data.gouv.fr/file.xhtml?persistentId=doi:10.57745/MKHCXJ,rdg.prod,2023,False,0,,,dataset_repo
10.57745/mmba7u,MTs-fit_U-S.rmag,Recherche Data Gouv,Recherche Data Gouv,https://entrepot.recherche.data.gouv.fr/file.xhtml?persistentId=doi:10.57745/MMBA7U,rdg.prod,2026,False,0,,,dataset_repo
10.57745/mmjlww,600.zip.009,Recherche Data Gouv,Recherche Data Gouv,https://entrepot.recherche.data.gouv.fr/file.xhtml?persistentId=doi:10.57745/MMJLWW,rdg.prod,2023,False,0,,,dataset_repo
10.57745/ms4jge,sim_parameters.json,Recherche Data Gouv,Recherche Data Gouv,https://entrepot.recherche.data.gouv.fr/file.xhtml?persistentId=doi:10.57745/MS4JGE,rdg.prod,2026,False,0,,,dataset_repo
10.57745/mtojdz,500.zip.021,Recherche Data Gouv,Recherche Data Gouv,https://entrepot.recherche.data.gouv.fr/file.xhtml?persistentId=doi:10.57745/MTOJDZ,rdg.prod,2023,False,0,,,dataset_repo
10.57745/myqkep,power_per_frequency_band_common_input.tab,Recherche Data Gouv,Recherche Data Gouv,https://entrepot.recherche.data.gouv.fr/file.xhtml?persistentId=doi:10.57745/MYQKEP,rdg.prod,2026,False,0,,,dataset_repo
10.57745/mzetwl,400.zip.002,Recherche Data Gouv,Recherche Data Gouv,https://entrepot.recherche.data.gouv.fr/file.xhtml?persistentId=doi:10.57745/MZETWL,rdg.prod,2023,False,0,,,dataset_repo
10.57745/n98nen,MADAM: Metropolitan Area Dams,Recherche Data Gouv,Recherche Data Gouv,https://entrepot.recherche.data.gouv.fr/citation?persistentId=doi:10.57745/N98NEN,rdg.prod,2024,False,0,,,dataset_repo
10.57745/n9nmgu,analysis_output.pkl,Recherche Data Gouv,Recherche Data Gouv,https://entrepot.recherche.data.gouv.fr/file.xhtml?persistentId=doi:10.57745/N9NMGU,rdg.prod,2026,False,0,,,dataset_repo
10.57745/ned3km,XIND_Mitochondrion_20220331.fasta,Recherche Data Gouv,Recherche Data Gouv,https://entrepot.recherche.data.gouv.fr/file.xhtml?persistentId=doi:10.57745/NED3KM,rdg.prod,2026,False,0,,,dataset_repo
10.57745/nfwyjp,ANALYSIS_coherence_with_common_input.png,Recherche Data Gouv,Recherche Data Gouv,https://entrepot.recherche.data.gouv.fr/file.xhtml?persistentId=doi:10.57745/NFWYJP,rdg.prod,2026,False,0,,,dataset_repo
10.57745/ni5het,500.zip.008,Recherche Data Gouv,Recherche Data Gouv,https://entrepot.recherche.data.gouv.fr/file.xhtml?persistentId=doi:10.57745/NI5HET,rdg.prod,2023,False,0,,,dataset_repo
10.57745/njx9pq,P6_FDI_40percent.mat,Recherche Data Gouv,Recherche Data Gouv,https://entrepot.recherche.data.gouv.fr/file.xhtml?persistentId=doi:10.57745/NJX9PQ,rdg.prod,2026,False,0,,,dataset_repo
10.57745/nlioll,400.zip.021,Recherche Data Gouv,Recherche Data Gouv,https://entrepot.recherche.data.gouv.fr/file.xhtml?persistentId=doi:10.57745/NLIOLL,rdg.prod,2023,False,0,,,dataset_repo
10.57745/nmdjyj,600.zip.010,Recherche Data Gouv,Recherche Data Gouv,https://entrepot.recherche.data.gouv.fr/file.xhtml?persistentId=doi:10.57745/NMDJYJ,rdg.prod,2023,False,0,,,dataset_repo
10.57745/noyjkg,500.zip.011,Recherche Data Gouv,Recherche Data Gouv,https://entrepot.recherche.data.gouv.fr/file.xhtml?persistentId=doi:10.57745/NOYJKG,rdg.prod,2023,False,0,,,dataset_repo
10.57745/ns3kab,README.md,Recherche Data Gouv,Recherche Data Gouv,https://entrepot.recherche.data.gouv.fr/file.xhtml?persistentId=doi:10.57745/NS3KAB,rdg.prod,2026,False,0,,,dataset_repo
10.57745/nw3gax,test_dataset.jsonl,Recherche Data Gouv,Recherche Data Gouv,https://entrepot.recherche.data.gouv.fr/file.xhtml?persistentId=doi:10.57745/NW3GAX,rdg.prod,2026,False,0,,,dataset_repo
10.57745/nwypxz,600.zip.039,Recherche Data Gouv,Recherche Data Gouv,https://entrepot.recherche.data.gouv.fr/file.xhtml?persistentId=doi:10.57745/NWYPXZ,rdg.prod,2023,False,0,,,dataset_repo
10.57745/nz5tnu,ParcourspréHospCovid19_Dataset.csv,Recherche Data Gouv,Recherche Data Gouv,https://entrepot.recherche.data.gouv.fr/file.xhtml?persistentId=doi:10.57745/NZ5TNU,rdg.prod,2023,False,0,,,dataset_repo
10.57745/o1tgmh,ANALYSIS_coherence_with_common_input.png,Recherche Data Gouv,Recherche Data Gouv,https://entrepot.recherche.data.gouv.fr/file.xhtml?persistentId=doi:10.57745/O1TGMH,rdg.prod,2026,False,0,,,dataset_repo
10.57745/o4raoy,ANALYSIS_coherence.png,Recherche Data Gouv,Recherche Data Gouv,https://entrepot.recherche.data.gouv.fr/file.xhtml?persistentId=doi:10.57745/O4RAOY,rdg.prod,2026,False,0,,,dataset_repo
10.57745/o82jaw,ANALYSIS_connectivity_ground_truth.png,Recherche Data Gouv,Recherche Data Gouv,https://entrepot.recherche.data.gouv.fr/file.xhtml?persistentId=doi:10.57745/O82JAW,rdg.prod,2026,False,0,,,dataset_repo
10.57745/od6sfb,P2_Quadriceps_40percent.mat,Recherche Data Gouv,Recherche Data Gouv,https://entrepot.recherche.data.gouv.fr/file.xhtml?persistentId=doi:10.57745/OD6SFB,rdg.prod,2026,False,0,,,dataset_repo
10.57745/ojd2cs,P6_Quadriceps_40percent.mat,Recherche Data Gouv,Recherche Data Gouv,https://entrepot.recherche.data.gouv.fr/file.xhtml?persistentId=doi:10.57745/OJD2CS,rdg.prod,2026,False,0,,,dataset_repo
10.57745/oouk20,600.zip.050,Recherche Data Gouv,Recherche Data Gouv,https://entrepot.recherche.data.gouv.fr/file.xhtml?persistentId=doi:10.57745/OOUK20,rdg.prod,2023,False,0,,,dataset_repo
10.57745/orbikw,power_per_frequency_band_independent_input.tab,Recherche Data Gouv,Recherche Data Gouv,https://entrepot.recherche.data.gouv.fr/file.xhtml?persistentId=doi:10.57745/ORBIKW,rdg.prod,2026,False,0,,,dataset_repo
10.57745/ouxyng,P3_FDI_10percent.mat,Recherche Data Gouv,Recherche Data Gouv,https://entrepot.recherche.data.gouv.fr/file.xhtml?persistentId=doi:10.57745/OUXYNG,rdg.prod,2026,False,0,,,dataset_repo
10.57745/owxhfg,README.md,Recherche Data Gouv,Recherche Data Gouv,https://entrepot.recherche.data.gouv.fr/file.xhtml?persistentId=doi:10.57745/OWXHFG,rdg.prod,2024,False,0,,,dataset_repo
10.57745/ozrgus,600.zip.049,Recherche Data Gouv,Recherche Data Gouv,https://entrepot.recherche.data.gouv.fr/file.xhtml?persistentId=doi:10.57745/OZRGUS,rdg.prod,2023,False,0,,,dataset_repo
10.57745/p81uqp,500.zip.031,Recherche Data Gouv,Recherche Data Gouv,https://entrepot.recherche.data.gouv.fr/file.xhtml?persistentId=doi:10.57745/P81UQP,rdg.prod,2023,False,0,,,dataset_repo
10.57745/pdsh4s,ECOLUNICA2026questionnairelimesurvey.lss,Recherche Data Gouv,Recherche Data Gouv,https://entrepot.recherche.data.gouv.fr/file.xhtml?persistentId=doi:10.57745/PDSH4S,rdg.prod,2026,False,0,,,dataset_repo
10.57745/piamqm,ParcourspréHospCovid19_MetaData.lss,Recherche Data Gouv,Recherche Data Gouv,https://entrepot.recherche.data.gouv.fr/file.xhtml?persistentId=doi:10.57745/PIAMQM,rdg.prod,2023,False,0,,,dataset_repo
10.57745/pkrbcc,500.zip.005,Recherche Data Gouv,Recherche Data Gouv,https://entrepot.recherche.data.gouv.fr/file.xhtml?persistentId=doi:10.57745/PKRBCC,rdg.prod,2023,False,0,,,dataset_repo
10.57745/pkwdno,400.zip.013,Recherche Data Gouv,Recherche Data Gouv,https://entrepot.recherche.data.gouv.fr/file.xhtml?persistentId=doi:10.57745/PKWDNO,rdg.prod,2023,False,0,,,dataset_repo
10.57745/pl5lkj,400.zip.012,Recherche Data Gouv,Recherche Data Gouv,https://entrepot.recherche.data.gouv.fr/file.xhtml?persistentId=doi:10.57745/PL5LKJ,rdg.prod,2023,False,0,,,dataset_repo
10.57745/pmgvfs,co-321-owl-2022-02-18.zip,Recherche Data Gouv,Recherche Data Gouv,https://entrepot.recherche.data.gouv.fr/file.xhtml?persistentId=doi:10.57745/PMGVFS,rdg.prod,2024,False,0,,,dataset_repo
10.57745/pmliyg,P2_FDI_40percent.mat,Recherche Data Gouv,Recherche Data Gouv,https://entrepot.recherche.data.gouv.fr/file.xhtml?persistentId=doi:10.57745/PMLIYG,rdg.prod,2026,False,0,,,dataset_repo
10.57745/pmpqlp,600.zip.035,Recherche Data Gouv,Recherche Data Gouv,https://entrepot.recherche.data.gouv.fr/file.xhtml?persistentId=doi:10.57745/PMPQLP,rdg.prod,2023,False,0,,,dataset_repo
10.57745/pms3l2,ANALYSIS_connectivity_ground_truth.png,Recherche Data Gouv,Recherche Data Gouv,https://entrepot.recherche.data.gouv.fr/file.xhtml?persistentId=doi:10.57745/PMS3L2,rdg.prod,2026,False,0,,,dataset_repo
10.57745/pppmul,WTO-OWL-SKOS-v3.1.zip,Recherche Data Gouv,Recherche Data Gouv,https://entrepot.recherche.data.gouv.fr/file.xhtml?persistentId=doi:10.57745/PPPMUL,rdg.prod,2024,False,0,,,dataset_repo
10.57745/pr8vuv,Temporal Brain Networks,Recherche Data Gouv,Recherche Data Gouv,https://entrepot.recherche.data.gouv.fr/citation?persistentId=doi:10.57745/PR8VUV,rdg.prod,2023,True,1,hal-04130380,,dataset_repo
10.57745/pulopd,power_per_frequency_band_independent_input.tab,Recherche Data Gouv,Recherche Data Gouv,https://entrepot.recherche.data.gouv.fr/file.xhtml?persistentId=doi:10.57745/PULOPD,rdg.prod,2026,False,0,,,dataset_repo
10.57745/px4cpy,500.zip.018,Recherche Data Gouv,Recherche Data Gouv,https://entrepot.recherche.data.gouv.fr/file.xhtml?persistentId=doi:10.57745/PX4CPY,rdg.prod,2023,False,0,,,dataset_repo
10.57745/py15dm,READ_ME.txt,Recherche Data Gouv,Recherche Data Gouv,https://entrepot.recherche.data.gouv.fr/file.xhtml?persistentId=doi:10.57745/PY15DM,rdg.prod,2023,False,0,,,dataset_repo
10.57745/pzkypz,vortex_data.nc,Recherche Data Gouv,Recherche Data Gouv,https://entrepot.recherche.data.gouv.fr/file.xhtml?persistentId=doi:10.57745/PZKYPZ,rdg.prod,2026,False,0,,,dataset_repo
10.57745/q5m1p0,600.zip.042,Recherche Data Gouv,Recherche Data Gouv,https://entrepot.recherche.data.gouv.fr/file.xhtml?persistentId=doi:10.57745/Q5M1P0,rdg.prod,2023,False,0,,,dataset_repo
10.57745/qafers,power_per_frequency_band_common_input.tab,Recherche Data Gouv,Recherche Data Gouv,https://entrepot.recherche.data.gouv.fr/file.xhtml?persistentId=doi:10.57745/QAFERS,rdg.prod,2026,False,0,,,dataset_repo
10.57745/qbig26,Repository_Part2.zip,Recherche Data Gouv,Recherche Data Gouv,https://entrepot.recherche.data.gouv.fr/file.xhtml?persistentId=doi:10.57745/QBIG26,rdg.prod,2024,False,0,,,dataset_repo
10.57745/qbqaff,MTs-fit_U-S.rim,Recherche Data Gouv,Recherche Data Gouv,https://entrepot.recherche.data.gouv.fr/file.xhtml?persistentId=doi:10.57745/QBQAFF,rdg.prod,2026,False,0,,,dataset_repo
10.57745/qefdrg,ANALYSIS_coherence_with_common_input.png,Recherche Data Gouv,Recherche Data Gouv,https://entrepot.recherche.data.gouv.fr/file.xhtml?persistentId=doi:10.57745/QEFDRG,rdg.prod,2026,False,0,,,dataset_repo
10.57745/qetojg,500.zip.002,Recherche Data Gouv,Recherche Data Gouv,https://entrepot.recherche.data.gouv.fr/file.xhtml?persistentId=doi:10.57745/QETOJG,rdg.prod,2023,False,0,,,dataset_repo
10.57745/qf6rup,P5_FDI_40percent.mat,Recherche Data Gouv,Recherche Data Gouv,https://entrepot.recherche.data.gouv.fr/file.xhtml?persistentId=doi:10.57745/QF6RUP,rdg.prod,2026,False,0,,,dataset_repo
10.57745/qfjhkb,P4_TricepsSurae_10percent.mat,Recherche Data Gouv,Recherche Data Gouv,https://entrepot.recherche.data.gouv.fr/file.xhtml?persistentId=doi:10.57745/QFJHKB,rdg.prod,2026,False,0,,,dataset_repo
10.57745/qg9rym,600.zip.038,Recherche Data Gouv,Recherche Data Gouv,https://entrepot.recherche.data.gouv.fr/file.xhtml?persistentId=doi:10.57745/QG9RYM,rdg.prod,2023,False,0,,,dataset_repo
10.57745/qi0agt,300.zip.011,Recherche Data Gouv,Recherche Data Gouv,https://entrepot.recherche.data.gouv.fr/file.xhtml?persistentId=doi:10.57745/QI0AGT,rdg.prod,2023,False,0,,,dataset_repo
10.57745/qitw5r,power_per_frequency_band_common_input.tab,Recherche Data Gouv,Recherche Data Gouv,https://entrepot.recherche.data.gouv.fr/file.xhtml?persistentId=doi:10.57745/QITW5R,rdg.prod,2026,False,0,,,dataset_repo
10.57745/qjhfcm,CAMELS_FR_attributes.zip,Recherche Data Gouv,Recherche Data Gouv,https://entrepot.recherche.data.gouv.fr/file.xhtml?persistentId=doi:10.57745/QJHFCM,rdg.prod,2024,False,0,,,dataset_repo
10.57745/qjwr2q,French Context-Aware Natural Language to Structured Command Dataset for Fine-Tuning Small Language Models,Recherche Data Gouv,Recherche Data Gouv,https://entrepot.recherche.data.gouv.fr/citation?persistentId=doi:10.57745/QJWR2Q,rdg.prod,2026,False,0,,,dataset_repo
10.57745/ql7ho6,ANALYSIS_CSTs_vs_common_input.png,Recherche Data Gouv,Recherche Data Gouv,https://entrepot.recherche.data.gouv.fr/file.xhtml?persistentId=doi:10.57745/QL7HO6,rdg.prod,2026,False,0,,,dataset_repo
10.57745/qtzule,ANALYSIS_coherence_with_common_input.png,Recherche Data Gouv,Recherche Data Gouv,https://entrepot.recherche.data.gouv.fr/file.xhtml?persistentId=doi:10.57745/QTZULE,rdg.prod,2026,False,0,,,dataset_repo
10.57745/qxmlad,simulation_output.h5,Recherche Data Gouv,Recherche Data Gouv,https://entrepot.recherche.data.gouv.fr/file.xhtml?persistentId=doi:10.57745/QXMLAD,rdg.prod,2026,False,0,,,dataset_repo
10.57745/qy9f7x,ANALYSIS_connectivity_ground_truth.png,Recherche Data Gouv,Recherche Data Gouv,https://entrepot.recherche.data.gouv.fr/file.xhtml?persistentId=doi:10.57745/QY9F7X,rdg.prod,2026,False,0,,,dataset_repo
10.57745/qyu93h,300.zip.006,Recherche Data Gouv,Recherche Data Gouv,https://entrepot.recherche.data.gouv.fr/file.xhtml?persistentId=doi:10.57745/QYU93H,rdg.prod,2023,False,0,,,dataset_repo
10.57745/r1dzoo,500.zip.030,Recherche Data Gouv,Recherche Data Gouv,https://entrepot.recherche.data.gouv.fr/file.xhtml?persistentId=doi:10.57745/R1DZOO,rdg.prod,2023,False,0,,,dataset_repo
10.57745/r2mi8k,600.zip.040,Recherche Data Gouv,Recherche Data Gouv,https://entrepot.recherche.data.gouv.fr/file.xhtml?persistentId=doi:10.57745/R2MI8K,rdg.prod,2023,False,0,,,dataset_repo
10.57745/rapd5a,500.zip.009,Recherche Data Gouv,Recherche Data Gouv,https://entrepot.recherche.data.gouv.fr/file.xhtml?persistentId=doi:10.57745/RAPD5A,rdg.prod,2023,False,0,,,dataset_repo
10.57745/razc6b,P2_TA_40percent.mat,Recherche Data Gouv,Recherche Data Gouv,https://entrepot.recherche.data.gouv.fr/file.xhtml?persistentId=doi:10.57745/RAZC6B,rdg.prod,2026,False,0,,,dataset_repo
10.57745/rf6pke,Replication Data for: Kelvin wave and soliton propagation in classical viscous vortex filaments,Recherche Data Gouv,Recherche Data Gouv,https://entrepot.recherche.data.gouv.fr/citation?persistentId=doi:10.57745/RF6PKE,rdg.prod,2026,False,0,,,dataset_repo
10.57745/rj9op6,P4_FDI_40percent.mat,Recherche Data Gouv,Recherche Data Gouv,https://entrepot.recherche.data.gouv.fr/file.xhtml?persistentId=doi:10.57745/RJ9OP6,rdg.prod,2026,False,0,,,dataset_repo
10.57745/rl2www,600.zip.051,Recherche Data Gouv,Recherche Data Gouv,https://entrepot.recherche.data.gouv.fr/file.xhtml?persistentId=doi:10.57745/RL2WWW,rdg.prod,2023,False,0,,,dataset_repo
10.57745/rqo1hb,ANALYSIS_Firing_rate_and_ISI.png,Recherche Data Gouv,Recherche Data Gouv,https://entrepot.recherche.data.gouv.fr/file.xhtml?persistentId=doi:10.57745/RQO1HB,rdg.prod,2026,False,0,,,dataset_repo
10.57745/rvc2zt,ANALYSIS_CSTs_vs_common_input.png,Recherche Data Gouv,Recherche Data Gouv,https://entrepot.recherche.data.gouv.fr/file.xhtml?persistentId=doi:10.57745/RVC2ZT,rdg.prod,2026,False,0,,,dataset_repo
10.57745/rzr9uh,XINDMERG.20240529.recipeA.20240529.mrna.fasta,Recherche Data Gouv,Recherche Data Gouv,https://entrepot.recherche.data.gouv.fr/file.xhtml?persistentId=doi:10.57745/RZR9UH,rdg.prod,2026,False,0,,,dataset_repo
10.57745/sknh77,Fig6_right.nc,Recherche Data Gouv,Recherche Data Gouv,https://entrepot.recherche.data.gouv.fr/file.xhtml?persistentId=doi:10.57745/SKNH77,rdg.prod,2026,False,0,,,dataset_repo
10.57745/slawqu,ECOLUNICA2026dataset.tab,Recherche Data Gouv,Recherche Data Gouv,https://entrepot.recherche.data.gouv.fr/file.xhtml?persistentId=doi:10.57745/SLAWQU,rdg.prod,2026,False,0,,,dataset_repo
10.57745/sppmjz,id_subjects.txt,Recherche Data Gouv,Recherche Data Gouv,https://entrepot.recherche.data.gouv.fr/file.xhtml?persistentId=doi:10.57745/SPPMJZ,rdg.prod,2023,False,0,,,dataset_repo
10.57745/sui4eh,600.zip.023,Recherche Data Gouv,Recherche Data Gouv,https://entrepot.recherche.data.gouv.fr/file.xhtml?persistentId=doi:10.57745/SUI4EH,rdg.prod,2023,False,0,,,dataset_repo
10.57745/szfkcy,400.zip.007,Recherche Data Gouv,Recherche Data Gouv,https://entrepot.recherche.data.gouv.fr/file.xhtml?persistentId=doi:10.57745/SZFKCY,rdg.prod,2023,False,0,,,dataset_repo
10.57745/t3akts,P2_Quadriceps_10percent.mat,Recherche Data Gouv,Recherche Data Gouv,https://entrepot.recherche.data.gouv.fr/file.xhtml?persistentId=doi:10.57745/T3AKTS,rdg.prod,2026,False,0,,,dataset_repo
10.57745/taqqfz,Wheat Trait and Phenotype Ontology OWL/SKOS,Recherche Data Gouv,Recherche Data Gouv,https://entrepot.recherche.data.gouv.fr/citation?persistentId=doi:10.57745/TAQQFZ,rdg.prod,2024,True,1,hal-04495022,,dataset_repo
10.57745/tcn7rx,Predicted Secreted protein encoding genes in Xiphinema index genome,Recherche Data Gouv,Recherche Data Gouv,https://entrepot.recherche.data.gouv.fr/citation?persistentId=doi:10.57745/TCN7RX,rdg.prod,2026,False,0,,,dataset_repo
10.57745/tdd0kx,sim_parameters.json,Recherche Data Gouv,Recherche Data Gouv,https://entrepot.recherche.data.gouv.fr/file.xhtml?persistentId=doi:10.57745/TDD0KX,rdg.prod,2026,False,0,,,dataset_repo
10.57745/thdrgz,MTs-fit_U-S.k2,Recherche Data Gouv,Recherche Data Gouv,https://entrepot.recherche.data.gouv.fr/file.xhtml?persistentId=doi:10.57745/THDRGZ,rdg.prod,2026,False,0,,,dataset_repo
10.57745/tlae5m,500.zip.023,Recherche Data Gouv,Recherche Data Gouv,https://entrepot.recherche.data.gouv.fr/file.xhtml?persistentId=doi:10.57745/TLAE5M,rdg.prod,2023,False,0,,,dataset_repo
10.57745/tnzlib,README.md,Recherche Data Gouv,Recherche Data Gouv,https://entrepot.recherche.data.gouv.fr/file.xhtml?persistentId=doi:10.57745/TNZLIB,rdg.prod,2024,False,0,,,dataset_repo
10.57745/togg1y,fr.zip,Recherche Data Gouv,Recherche Data Gouv,https://entrepot.recherche.data.gouv.fr/file.xhtml?persistentId=doi:10.57745/TOGG1Y,rdg.prod,2024,False,0,,,dataset_repo
10.57745/tomxk7,500.zip.012,Recherche Data Gouv,Recherche Data Gouv,https://entrepot.recherche.data.gouv.fr/file.xhtml?persistentId=doi:10.57745/TOMXK7,rdg.prod,2023,False,0,,,dataset_repo
10.57745/top8ab,power_per_frequency_band_independent_input.tab,Recherche Data Gouv,Recherche Data Gouv,https://entrepot.recherche.data.gouv.fr/file.xhtml?persistentId=doi:10.57745/TOP8AB,rdg.prod,2026,False,0,,,dataset_repo
10.57745/ttvnqk,simulation_output.h5,Recherche Data Gouv,Recherche Data Gouv,https://entrepot.recherche.data.gouv.fr/file.xhtml?persistentId=doi:10.57745/TTVNQK,rdg.prod,2026,False,0,,,dataset_repo
10.57745/twcfeb,analysis_output.pkl,Recherche Data Gouv,Recherche Data Gouv,https://entrepot.recherche.data.gouv.fr/file.xhtml?persistentId=doi:10.57745/TWCFEB,rdg.prod,2026,False,0,,,dataset_repo
10.57745/tznifr,600.zip.011,Recherche Data Gouv,Recherche Data Gouv,https://entrepot.recherche.data.gouv.fr/file.xhtml?persistentId=doi:10.57745/TZNIFR,rdg.prod,2023,False,0,,,dataset_repo
10.57745/u1awc0,P6_TricepsSurae_10percent.mat,Recherche Data Gouv,Recherche Data Gouv,https://entrepot.recherche.data.gouv.fr/file.xhtml?persistentId=doi:10.57745/U1AWC0,rdg.prod,2026,False,0,,,dataset_repo
10.57745/uclhyw,MTs-Np-fit-O.rim,Recherche Data Gouv,Recherche Data Gouv,https://entrepot.recherche.data.gouv.fr/file.xhtml?persistentId=doi:10.57745/UCLHYW,rdg.prod,2026,False,0,,,dataset_repo
10.57745/uhgkto,600.zip.046,Recherche Data Gouv,Recherche Data Gouv,https://entrepot.recherche.data.gouv.fr/file.xhtml?persistentId=doi:10.57745/UHGKTO,rdg.prod,2023,False,0,,,dataset_repo
10.57745/ujgs9b,600.zip.036,Recherche Data Gouv,Recherche Data Gouv,https://entrepot.recherche.data.gouv.fr/file.xhtml?persistentId=doi:10.57745/UJGS9B,rdg.prod,2023,False,0,,,dataset_repo
10.57745/umkiry,600.zip.006,Recherche Data Gouv,Recherche Data Gouv,https://entrepot.recherche.data.gouv.fr/file.xhtml?persistentId=doi:10.57745/UMKIRY,rdg.prod,2023,False,0,,,dataset_repo
10.57745/ura7hk,ANALYSIS_Firing_rate_and_ISI.png,Recherche Data Gouv,Recherche Data Gouv,https://entrepot.recherche.data.gouv.fr/file.xhtml?persistentId=doi:10.57745/URA7HK,rdg.prod,2026,False,0,,,dataset_repo
10.57745/usvikc,DG-U_in-vivo_fitH8V_final.rim,Recherche Data Gouv,Recherche Data Gouv,https://entrepot.recherche.data.gouv.fr/file.xhtml?persistentId=doi:10.57745/USVIKC,rdg.prod,2026,False,0,,,dataset_repo
10.57745/uuo0et,ANALYSIS_Firing_rate_and_ISI.png,Recherche Data Gouv,Recherche Data Gouv,https://entrepot.recherche.data.gouv.fr/file.xhtml?persistentId=doi:10.57745/UUO0ET,rdg.prod,2026,False,0,,,dataset_repo
10.57745/uwsfuy,sim_parameters.json,Recherche Data Gouv,Recherche Data Gouv,https://entrepot.recherche.data.gouv.fr/file.xhtml?persistentId=doi:10.57745/UWSFUY,rdg.prod,2026,False,0,,,dataset_repo
10.57745/v6jmgf,analysis_output.pkl,Recherche Data Gouv,Recherche Data Gouv,https://entrepot.recherche.data.gouv.fr/file.xhtml?persistentId=doi:10.57745/V6JMGF,rdg.prod,2026,False,0,,,dataset_repo
10.57745/vcji4w,500.zip.036,Recherche Data Gouv,Recherche Data Gouv,https://entrepot.recherche.data.gouv.fr/file.xhtml?persistentId=doi:10.57745/VCJI4W,rdg.prod,2023,False,0,,,dataset_repo
10.57745/vfch7p,600.zip.028,Recherche Data Gouv,Recherche Data Gouv,https://entrepot.recherche.data.gouv.fr/file.xhtml?persistentId=doi:10.57745/VFCH7P,rdg.prod,2023,False,0,,,dataset_repo
10.57745/vgcjqf,400.zip.014,Recherche Data Gouv,Recherche Data Gouv,https://entrepot.recherche.data.gouv.fr/file.xhtml?persistentId=doi:10.57745/VGCJQF,rdg.prod,2023,False,0,,,dataset_repo
10.57745/vicohp,ANALYSIS_connectivity_ground_truth.png,Recherche Data Gouv,Recherche Data Gouv,https://entrepot.recherche.data.gouv.fr/file.xhtml?persistentId=doi:10.57745/VICOHP,rdg.prod,2026,False,0,,,dataset_repo
10.57745/vkbsjf,LICENSE,Recherche Data Gouv,Recherche Data Gouv,https://entrepot.recherche.data.gouv.fr/file.xhtml?persistentId=doi:10.57745/VKBSJF,rdg.prod,2026,False,0,,,dataset_repo
10.57745/vlp4tc,600.zip.014,Recherche Data Gouv,Recherche Data Gouv,https://entrepot.recherche.data.gouv.fr/file.xhtml?persistentId=doi:10.57745/VLP4TC,rdg.prod,2023,False,0,,,dataset_repo
10.57745/vmwpxv,600.zip.031,Recherche Data Gouv,Recherche Data Gouv,https://entrepot.recherche.data.gouv.fr/file.xhtml?persistentId=doi:10.57745/VMWPXV,rdg.prod,2023,False,0,,,dataset_repo
10.57745/vvw3im,WheatObservationsKG.zip,Recherche Data Gouv,Recherche Data Gouv,https://entrepot.recherche.data.gouv.fr/file.xhtml?persistentId=doi:10.57745/VVW3IM,rdg.prod,2024,False,0,,,dataset_repo
10.57745/vxp2o8,ANALYSIS_CSTs_vs_common_input.png,Recherche Data Gouv,Recherche Data Gouv,https://entrepot.recherche.data.gouv.fr/file.xhtml?persistentId=doi:10.57745/VXP2O8,rdg.prod,2026,False,0,,,dataset_repo
10.57745/vypcjr,XINDMERG.20240529.recipeA.20240529.ncrna.fasta,Recherche Data Gouv,Recherche Data Gouv,https://entrepot.recherche.data.gouv.fr/file.xhtml?persistentId=doi:10.57745/VYPCJR,rdg.prod,2026,False,0,,,dataset_repo
10.57745/w1jtdr,ECOLUNICAquestionnaireentier.docx,Recherche Data Gouv,Recherche Data Gouv,https://entrepot.recherche.data.gouv.fr/file.xhtml?persistentId=doi:10.57745/W1JTDR,rdg.prod,2026,False,0,,,dataset_repo
10.57745/w5uklw,MTs-Np-fit-O.rmag,Recherche Data Gouv,Recherche Data Gouv,https://entrepot.recherche.data.gouv.fr/file.xhtml?persistentId=doi:10.57745/W5UKLW,rdg.prod,2026,False,0,,,dataset_repo
10.57745/wamuzh,400.zip.003,Recherche Data Gouv,Recherche Data Gouv,https://entrepot.recherche.data.gouv.fr/file.xhtml?persistentId=doi:10.57745/WAMUZH,rdg.prod,2023,False,0,,,dataset_repo
10.57745/wg0s4g,Fig5.nc,Recherche Data Gouv,Recherche Data Gouv,https://entrepot.recherche.data.gouv.fr/file.xhtml?persistentId=doi:10.57745/WG0S4G,rdg.prod,2026,False,0,,,dataset_repo
10.57745/wgqg2n,MTs-Np-fit-O.k2,Recherche Data Gouv,Recherche Data Gouv,https://entrepot.recherche.data.gouv.fr/file.xhtml?persistentId=doi:10.57745/WGQG2N,rdg.prod,2026,False,0,,,dataset_repo
10.57745/wh7fjr,CAMELS-FR dataset,Recherche Data Gouv,Recherche Data Gouv,https://entrepot.recherche.data.gouv.fr/citation?persistentId=doi:10.57745/WH7FJR,rdg.prod,2024,True,3,hal-03687235|hal-04790476|hal-05028312,,dataset_repo
10.57745/wnin4i,20191101_Questionnaire_Original_limesurvey_survey_FR.html,Recherche Data Gouv,Recherche Data Gouv,https://entrepot.recherche.data.gouv.fr/file.xhtml?persistentId=doi:10.57745/WNIN4I,rdg.prod,2023,False,0,,,dataset_repo
10.57745/wsuekk,simulation_output.h5,Recherche Data Gouv,Recherche Data Gouv,https://entrepot.recherche.data.gouv.fr/file.xhtml?persistentId=doi:10.57745/WSUEKK,rdg.prod,2026,False,0,,,dataset_repo
10.57745/wyftl6,600.zip.033,Recherche Data Gouv,Recherche Data Gouv,https://entrepot.recherche.data.gouv.fr/file.xhtml?persistentId=doi:10.57745/WYFTL6,rdg.prod,2023,False,0,,,dataset_repo
10.57745/wyo9r7,ANALYSIS_CSTs_vs_common_input.png,Recherche Data Gouv,Recherche Data Gouv,https://entrepot.recherche.data.gouv.fr/file.xhtml?persistentId=doi:10.57745/WYO9R7,rdg.prod,2026,False,0,,,dataset_repo
10.57745/wznuce,600.zip.012,Recherche Data Gouv,Recherche Data Gouv,https://entrepot.recherche.data.gouv.fr/file.xhtml?persistentId=doi:10.57745/WZNUCE,rdg.prod,2023,False,0,,,dataset_repo
10.57745/x6a8zq,P5_Quadriceps_40percent.mat,Recherche Data Gouv,Recherche Data Gouv,https://entrepot.recherche.data.gouv.fr/file.xhtml?persistentId=doi:10.57745/X6A8ZQ,rdg.prod,2026,False,0,,,dataset_repo
10.57745/xah4gg,power_per_frequency_band_independent_input.tab,Recherche Data Gouv,Recherche Data Gouv,https://entrepot.recherche.data.gouv.fr/file.xhtml?persistentId=doi:10.57745/XAH4GG,rdg.prod,2026,False,0,,,dataset_repo
10.57745/xbbwuk,500.zip.035,Recherche Data Gouv,Recherche Data Gouv,https://entrepot.recherche.data.gouv.fr/file.xhtml?persistentId=doi:10.57745/XBBWUK,rdg.prod,2023,False,0,,,dataset_repo
10.57745/xbevbf,P5_TricepsSurae_10percent.mat,Recherche Data Gouv,Recherche Data Gouv,https://entrepot.recherche.data.gouv.fr/file.xhtml?persistentId=doi:10.57745/XBEVBF,rdg.prod,2026,False,0,,,dataset_repo
10.57745/xeqdgl,en.zip,Recherche Data Gouv,Recherche Data Gouv,https://entrepot.recherche.data.gouv.fr/file.xhtml?persistentId=doi:10.57745/XEQDGL,rdg.prod,2024,False,0,,,dataset_repo
10.57745/xexadx,600.zip.024,Recherche Data Gouv,Recherche Data Gouv,https://entrepot.recherche.data.gouv.fr/file.xhtml?persistentId=doi:10.57745/XEXADX,rdg.prod,2023,False,0,,,dataset_repo
10.57745/xhetng,500.zip.001,Recherche Data Gouv,Recherche Data Gouv,https://entrepot.recherche.data.gouv.fr/file.xhtml?persistentId=doi:10.57745/XHETNG,rdg.prod,2023,False,0,,,dataset_repo
10.57745/xhup9u,putative_TM_proteins_encoding_genes.tab,Recherche Data Gouv,Recherche Data Gouv,https://entrepot.recherche.data.gouv.fr/file.xhtml?persistentId=doi:10.57745/XHUP9U,rdg.prod,2026,False,0,,,dataset_repo
10.57745/xhxzlg,300.zip.005,Recherche Data Gouv,Recherche Data Gouv,https://entrepot.recherche.data.gouv.fr/file.xhtml?persistentId=doi:10.57745/XHXZLG,rdg.prod,2023,False,0,,,dataset_repo
10.57745/xnqfhl,Enquête ÉCOLUNICA 2026,Recherche Data Gouv,Recherche Data Gouv,https://entrepot.recherche.data.gouv.fr/citation?persistentId=doi:10.57745/XNQFHL,rdg.prod,2026,False,0,,,dataset_repo
10.57745/xr2yzz,power_per_frequency_band_independent_input.tab,Recherche Data Gouv,Recherche Data Gouv,https://entrepot.recherche.data.gouv.fr/file.xhtml?persistentId=doi:10.57745/XR2YZZ,rdg.prod,2026,False,0,,,dataset_repo
10.57745/xuhpu8,AnaDiff_proteomic_NC_vs_U_FDR2.tab,Recherche Data Gouv,Recherche Data Gouv,https://entrepot.recherche.data.gouv.fr/file.xhtml?persistentId=doi:10.57745/XUHPU8,rdg.prod,2026,False,0,,,dataset_repo
10.57745/xwwttw,ANALYSIS_coherence_with_common_input.png,Recherche Data Gouv,Recherche Data Gouv,https://entrepot.recherche.data.gouv.fr/file.xhtml?persistentId=doi:10.57745/XWWTTW,rdg.prod,2026,False,0,,,dataset_repo
10.57745/xygejt,ANALYSIS_coherence_with_common_input.png,Recherche Data Gouv,Recherche Data Gouv,https://entrepot.recherche.data.gouv.fr/file.xhtml?persistentId=doi:10.57745/XYGEJT,rdg.prod,2026,False,0,,,dataset_repo
10.57745/y29vmz,P6_Quadriceps_10percent.mat,Recherche Data Gouv,Recherche Data Gouv,https://entrepot.recherche.data.gouv.fr/file.xhtml?persistentId=doi:10.57745/Y29VMZ,rdg.prod,2026,False,0,,,dataset_repo
10.57745/yb8fif,Repository_Part1.zip,Recherche Data Gouv,Recherche Data Gouv,https://entrepot.recherche.data.gouv.fr/file.xhtml?persistentId=doi:10.57745/YB8FIF,rdg.prod,2025,False,0,,,dataset_repo
10.57745/yc2pjs,ANALYSIS_Firing_rate_and_ISI.png,Recherche Data Gouv,Recherche Data Gouv,https://entrepot.recherche.data.gouv.fr/file.xhtml?persistentId=doi:10.57745/YC2PJS,rdg.prod,2026,False,0,,,dataset_repo
10.57745/ycmkni,400.zip.006,Recherche Data Gouv,Recherche Data Gouv,https://entrepot.recherche.data.gouv.fr/file.xhtml?persistentId=doi:10.57745/YCMKNI,rdg.prod,2023,False,0,,,dataset_repo
10.57745/yekyji,600.zip.016,Recherche Data Gouv,Recherche Data Gouv,https://entrepot.recherche.data.gouv.fr/file.xhtml?persistentId=doi:10.57745/YEKYJI,rdg.prod,2023,False,0,,,dataset_repo
10.57745/yi06ag,DG-U_in-vivo_fitH8V_final.rmag,Recherche Data Gouv,Recherche Data Gouv,https://entrepot.recherche.data.gouv.fr/file.xhtml?persistentId=doi:10.57745/YI06AG,rdg.prod,2026,False,0,,,dataset_repo
10.57745/yiismk,300.zip.013,Recherche Data Gouv,Recherche Data Gouv,https://entrepot.recherche.data.gouv.fr/file.xhtml?persistentId=doi:10.57745/YIISMK,rdg.prod,2023,False,0,,,dataset_repo
10.57745/yj9b88,P1_TricepsSurae_10percent.mat,Recherche Data Gouv,Recherche Data Gouv,https://entrepot.recherche.data.gouv.fr/file.xhtml?persistentId=doi:10.57745/YJ9B88,rdg.prod,2026,False,0,,,dataset_repo
10.57745/yjfets,600.zip.021,Recherche Data Gouv,Recherche Data Gouv,https://entrepot.recherche.data.gouv.fr/file.xhtml?persistentId=doi:10.57745/YJFETS,rdg.prod,2023,False,0,,,dataset_repo
10.57745/ykqf3x,P6_TA_40percent.mat,Recherche Data Gouv,Recherche Data Gouv,https://entrepot.recherche.data.gouv.fr/file.xhtml?persistentId=doi:10.57745/YKQF3X,rdg.prod,2026,False,0,,,dataset_repo
10.57745/ynac1d,500.zip.007,Recherche Data Gouv,Recherche Data Gouv,https://entrepot.recherche.data.gouv.fr/file.xhtml?persistentId=doi:10.57745/YNAC1D,rdg.prod,2023,False,0,,,dataset_repo
10.57745/yp7zgu,P1_Quadriceps_10percent.mat,Recherche Data Gouv,Recherche Data Gouv,https://entrepot.recherche.data.gouv.fr/file.xhtml?persistentId=doi:10.57745/YP7ZGU,rdg.prod,2026,False,0,,,dataset_repo
10.57745/yq5kaa,P3_TA_10percent.mat,Recherche Data Gouv,Recherche Data Gouv,https://entrepot.recherche.data.gouv.fr/file.xhtml?persistentId=doi:10.57745/YQ5KAA,rdg.prod,2026,False,0,,,dataset_repo
10.57745/yr0ymv,sim_parameters.json,Recherche Data Gouv,Recherche Data Gouv,https://entrepot.recherche.data.gouv.fr/file.xhtml?persistentId=doi:10.57745/YR0YMV,rdg.prod,2026,False,0,,,dataset_repo
10.57745/ysrmqx,2025_structure-questionnaire-donnees-adbu.lss,Recherche Data Gouv,Recherche Data Gouv,https://entrepot.recherche.data.gouv.fr/file.xhtml?persistentId=doi:10.57745/YSRMQX,rdg.prod,2025,False,0,,,dataset_repo
10.57745/yw0ivl,P6_TA_10percent.mat,Recherche Data Gouv,Recherche Data Gouv,https://entrepot.recherche.data.gouv.fr/file.xhtml?persistentId=doi:10.57745/YW0IVL,rdg.prod,2026,False,0,,,dataset_repo
10.57745/ywiepz,ANALYSIS_coherence.png,Recherche Data Gouv,Recherche Data Gouv,https://entrepot.recherche.data.gouv.fr/file.xhtml?persistentId=doi:10.57745/YWIEPZ,rdg.prod,2026,False,0,,,dataset_repo
10.57745/yxq05c,README.md,Recherche Data Gouv,Recherche Data Gouv,https://entrepot.recherche.data.gouv.fr/file.xhtml?persistentId=doi:10.57745/YXQ05C,rdg.prod,2024,False,0,,,dataset_repo
10.57745/zaajof,XINDMERG.20240529.recipeA.20240529.genome.fasta,Recherche Data Gouv,Recherche Data Gouv,https://entrepot.recherche.data.gouv.fr/file.xhtml?persistentId=doi:10.57745/ZAAJOF,rdg.prod,2026,False,0,,,dataset_repo
10.57745/zffyf5,simulation_output.h5,Recherche Data Gouv,Recherche Data Gouv,https://entrepot.recherche.data.gouv.fr/file.xhtml?persistentId=doi:10.57745/ZFFYF5,rdg.prod,2026,False,0,,,dataset_repo
10.57745/zllpki,CAMELS_FR_time_series.zip,Recherche Data Gouv,Recherche Data Gouv,https://entrepot.recherche.data.gouv.fr/file.xhtml?persistentId=doi:10.57745/ZLLPKI,rdg.prod,2024,False,0,,,dataset_repo
10.57745/zqywpt,500.zip.013,Recherche Data Gouv,Recherche Data Gouv,https://entrepot.recherche.data.gouv.fr/file.xhtml?persistentId=doi:10.57745/ZQYWPT,rdg.prod,2023,False,0,,,dataset_repo
10.57745/zw0y27,400.zip.010,Recherche Data Gouv,Recherche Data Gouv,https://entrepot.recherche.data.gouv.fr/file.xhtml?persistentId=doi:10.57745/ZW0Y27,rdg.prod,2023,False,0,,,dataset_repo
10.57745/zxo29a,P3_TricepsSurae_40percent.mat,Recherche Data Gouv,Recherche Data Gouv,https://entrepot.recherche.data.gouv.fr/file.xhtml?persistentId=doi:10.57745/ZXO29A,rdg.prod,2026,False,0,,,dataset_repo
10.57745/zymyzc,power_per_frequency_band_independent_input.tab,Recherche Data Gouv,Recherche Data Gouv,https://entrepot.recherche.data.gouv.fr/file.xhtml?persistentId=doi:10.57745/ZYMYZC,rdg.prod,2026,False,0,,,dataset_repo
10.57932/f80a3061-4369-4f83-bf49-c77e30410862,Ductile structures measured in the Tanneron Massif,Data Terra,Data Terra,https://www.easydata.earth/metadataRecord/f80a3061-4369-4f83-bf49-c77e30410862,jbru.dataterra,2024,False,0,,,other
10.6084/m9.figshare.13212380,Additional file 12 of Gene expression kinetics of Exaiptasia pallida innate immune response to Vibrio parahaemolyticus infection,Figshare,figshare,https://springernature.figshare.com/articles/dataset/Additional_file_12_of_Gene_expression_kinetics_of_Exaiptasia_pallida_innate_immune_response_to_Vibrio_parahaemolyticus_infection/13212380,figshare.ars,2020,False,0,,creator_name,dataset_repo
10.6084/m9.figshare.13212380.v1,Additional file 12 of Gene expression kinetics of Exaiptasia pallida innate immune response to Vibrio parahaemolyticus infection,Figshare,figshare,https://springernature.figshare.com/articles/dataset/Additional_file_12_of_Gene_expression_kinetics_of_Exaiptasia_pallida_innate_immune_response_to_Vibrio_parahaemolyticus_infection/13212380/1,figshare.ars,2020,False,0,,creator_name,dataset_repo
10.6084/m9.figshare.13212383,Additional file 13 of Gene expression kinetics of Exaiptasia pallida innate immune response to Vibrio parahaemolyticus infection,Figshare,figshare,https://springernature.figshare.com/articles/dataset/Additional_file_13_of_Gene_expression_kinetics_of_Exaiptasia_pallida_innate_immune_response_to_Vibrio_parahaemolyticus_infection/13212383,figshare.ars,2020,False,0,,creator_name,dataset_repo
10.6084/m9.figshare.13212383.v1,Additional file 13 of Gene expression kinetics of Exaiptasia pallida innate immune response to Vibrio parahaemolyticus infection,Figshare,figshare,https://springernature.figshare.com/articles/dataset/Additional_file_13_of_Gene_expression_kinetics_of_Exaiptasia_pallida_innate_immune_response_to_Vibrio_parahaemolyticus_infection/13212383/1,figshare.ars,2020,False,0,,creator_name,dataset_repo
10.6084/m9.figshare.13212395,Additional file 4 of Gene expression kinetics of Exaiptasia pallida innate immune response to Vibrio parahaemolyticus infection,Figshare,figshare,https://springernature.figshare.com/articles/dataset/Additional_file_4_of_Gene_expression_kinetics_of_Exaiptasia_pallida_innate_immune_response_to_Vibrio_parahaemolyticus_infection/13212395,figshare.ars,2020,False,0,,creator_name,dataset_repo
10.6084/m9.figshare.13212395.v1,Additional file 4 of Gene expression kinetics of Exaiptasia pallida innate immune response to Vibrio parahaemolyticus infection,Figshare,figshare,https://springernature.figshare.com/articles/dataset/Additional_file_4_of_Gene_expression_kinetics_of_Exaiptasia_pallida_innate_immune_response_to_Vibrio_parahaemolyticus_infection/13212395/1,figshare.ars,2020,False,0,,creator_name,dataset_repo
10.6084/m9.figshare.13212401,Additional file 6 of Gene expression kinetics of Exaiptasia pallida innate immune response to Vibrio parahaemolyticus infection,Figshare,figshare,https://springernature.figshare.com/articles/dataset/Additional_file_6_of_Gene_expression_kinetics_of_Exaiptasia_pallida_innate_immune_response_to_Vibrio_parahaemolyticus_infection/13212401,figshare.ars,2020,False,0,,creator_name,dataset_repo
10.6084/m9.figshare.13212401.v1,Additional file 6 of Gene expression kinetics of Exaiptasia pallida innate immune response to Vibrio parahaemolyticus infection,Figshare,figshare,https://springernature.figshare.com/articles/dataset/Additional_file_6_of_Gene_expression_kinetics_of_Exaiptasia_pallida_innate_immune_response_to_Vibrio_parahaemolyticus_infection/13212401/1,figshare.ars,2020,False,0,,creator_name,dataset_repo
10.6084/m9.figshare.13212404,Additional file 7 of Gene expression kinetics of Exaiptasia pallida innate immune response to Vibrio parahaemolyticus infection,Figshare,figshare,https://springernature.figshare.com/articles/dataset/Additional_file_7_of_Gene_expression_kinetics_of_Exaiptasia_pallida_innate_immune_response_to_Vibrio_parahaemolyticus_infection/13212404,figshare.ars,2020,False,0,,creator_name,dataset_repo
10.6084/m9.figshare.13212404.v1,Additional file 7 of Gene expression kinetics of Exaiptasia pallida innate immune response to Vibrio parahaemolyticus infection,Figshare,figshare,https://springernature.figshare.com/articles/dataset/Additional_file_7_of_Gene_expression_kinetics_of_Exaiptasia_pallida_innate_immune_response_to_Vibrio_parahaemolyticus_infection/13212404/1,figshare.ars,2020,False,0,,creator_name,dataset_repo
10.6084/m9.figshare.13212407,Additional file 8 of Gene expression kinetics of Exaiptasia pallida innate immune response to Vibrio parahaemolyticus infection,Figshare,figshare,https://springernature.figshare.com/articles/dataset/Additional_file_8_of_Gene_expression_kinetics_of_Exaiptasia_pallida_innate_immune_response_to_Vibrio_parahaemolyticus_infection/13212407,figshare.ars,2020,False,0,,creator_name,dataset_repo
10.6084/m9.figshare.13212407.v1,Additional file 8 of Gene expression kinetics of Exaiptasia pallida innate immune response to Vibrio parahaemolyticus infection,Figshare,figshare,https://springernature.figshare.com/articles/dataset/Additional_file_8_of_Gene_expression_kinetics_of_Exaiptasia_pallida_innate_immune_response_to_Vibrio_parahaemolyticus_infection/13212407/1,figshare.ars,2020,False,0,,creator_name,dataset_repo
10.6084/m9.figshare.13212410,Additional file 9 of Gene expression kinetics of Exaiptasia pallida innate immune response to Vibrio parahaemolyticus infection,Figshare,figshare,https://springernature.figshare.com/articles/dataset/Additional_file_9_of_Gene_expression_kinetics_of_Exaiptasia_pallida_innate_immune_response_to_Vibrio_parahaemolyticus_infection/13212410,figshare.ars,2020,False,0,,creator_name,dataset_repo
10.6084/m9.figshare.13212410.v1,Additional file 9 of Gene expression kinetics of Exaiptasia pallida innate immune response to Vibrio parahaemolyticus infection,Figshare,figshare,https://springernature.figshare.com/articles/dataset/Additional_file_9_of_Gene_expression_kinetics_of_Exaiptasia_pallida_innate_immune_response_to_Vibrio_parahaemolyticus_infection/13212410/1,figshare.ars,2020,False,0,,creator_name,dataset_repo
10.6084/m9.figshare.24209139,Additional file 1 of Analysis of asymptomatic Drosophila models for ALS and SMA reveals convergent impact on functional protein complexes linked to neuro-muscular degeneration,Figshare,figshare,https://springernature.figshare.com/articles/dataset/Additional_file_1_of_Analysis_of_asymptomatic_Drosophila_models_for_ALS_and_SMA_reveals_convergent_impact_on_functional_protein_complexes_linked_to_neuro-muscular_degeneration/24209139,figshare.ars,2023,False,0,,creator_name,dataset_repo
10.6084/m9.figshare.24209139.v1,Additional file 1 of Analysis of asymptomatic Drosophila models for ALS and SMA reveals convergent impact on functional protein complexes linked to neuro-muscular degeneration,Figshare,figshare,https://springernature.figshare.com/articles/dataset/Additional_file_1_of_Analysis_of_asymptomatic_Drosophila_models_for_ALS_and_SMA_reveals_convergent_impact_on_functional_protein_complexes_linked_to_neuro-muscular_degeneration/24209139/1,figshare.ars,2023,False,0,,creator_name,dataset_repo
10.6084/m9.figshare.24209142,Additional file 2 of Analysis of asymptomatic Drosophila models for ALS and SMA reveals convergent impact on functional protein complexes linked to neuro-muscular degeneration,Figshare,figshare,https://springernature.figshare.com/articles/dataset/Additional_file_2_of_Analysis_of_asymptomatic_Drosophila_models_for_ALS_and_SMA_reveals_convergent_impact_on_functional_protein_complexes_linked_to_neuro-muscular_degeneration/24209142,figshare.ars,2023,False,0,,creator_name,dataset_repo
10.6084/m9.figshare.24209142.v1,Additional file 2 of Analysis of asymptomatic Drosophila models for ALS and SMA reveals convergent impact on functional protein complexes linked to neuro-muscular degeneration,Figshare,figshare,https://springernature.figshare.com/articles/dataset/Additional_file_2_of_Analysis_of_asymptomatic_Drosophila_models_for_ALS_and_SMA_reveals_convergent_impact_on_functional_protein_complexes_linked_to_neuro-muscular_degeneration/24209142/1,figshare.ars,2023,False,0,,creator_name,dataset_repo
10.6084/m9.figshare.24209148,Additional file 3 of Analysis of asymptomatic Drosophila models for ALS and SMA reveals convergent impact on functional protein complexes linked to neuro-muscular degeneration,Figshare,figshare,https://springernature.figshare.com/articles/dataset/Additional_file_3_of_Analysis_of_asymptomatic_Drosophila_models_for_ALS_and_SMA_reveals_convergent_impact_on_functional_protein_complexes_linked_to_neuro-muscular_degeneration/24209148,figshare.ars,2023,False,0,,creator_name,dataset_repo
10.6084/m9.figshare.24209148.v1,Additional file 3 of Analysis of asymptomatic Drosophila models for ALS and SMA reveals convergent impact on functional protein complexes linked to neuro-muscular degeneration,Figshare,figshare,https://springernature.figshare.com/articles/dataset/Additional_file_3_of_Analysis_of_asymptomatic_Drosophila_models_for_ALS_and_SMA_reveals_convergent_impact_on_functional_protein_complexes_linked_to_neuro-muscular_degeneration/24209148/1,figshare.ars,2023,False,0,,creator_name,dataset_repo
10.6084/m9.figshare.24209151,Additional file 4 of Analysis of asymptomatic Drosophila models for ALS and SMA reveals convergent impact on functional protein complexes linked to neuro-muscular degeneration,Figshare,figshare,https://springernature.figshare.com/articles/dataset/Additional_file_4_of_Analysis_of_asymptomatic_Drosophila_models_for_ALS_and_SMA_reveals_convergent_impact_on_functional_protein_complexes_linked_to_neuro-muscular_degeneration/24209151,figshare.ars,2023,False,0,,creator_name,dataset_repo
10.6084/m9.figshare.24209151.v1,Additional file 4 of Analysis of asymptomatic Drosophila models for ALS and SMA reveals convergent impact on functional protein complexes linked to neuro-muscular degeneration,Figshare,figshare,https://springernature.figshare.com/articles/dataset/Additional_file_4_of_Analysis_of_asymptomatic_Drosophila_models_for_ALS_and_SMA_reveals_convergent_impact_on_functional_protein_complexes_linked_to_neuro-muscular_degeneration/24209151/1,figshare.ars,2023,False,0,,creator_name,dataset_repo
10.6084/m9.figshare.24209154,Additional file 5 of Analysis of asymptomatic Drosophila models for ALS and SMA reveals convergent impact on functional protein complexes linked to neuro-muscular degeneration,Figshare,figshare,https://springernature.figshare.com/articles/dataset/Additional_file_5_of_Analysis_of_asymptomatic_Drosophila_models_for_ALS_and_SMA_reveals_convergent_impact_on_functional_protein_complexes_linked_to_neuro-muscular_degeneration/24209154,figshare.ars,2023,False,0,,creator_name,dataset_repo
10.6084/m9.figshare.24209154.v1,Additional file 5 of Analysis of asymptomatic Drosophila models for ALS and SMA reveals convergent impact on functional protein complexes linked to neuro-muscular degeneration,Figshare,figshare,https://springernature.figshare.com/articles/dataset/Additional_file_5_of_Analysis_of_asymptomatic_Drosophila_models_for_ALS_and_SMA_reveals_convergent_impact_on_functional_protein_complexes_linked_to_neuro-muscular_degeneration/24209154/1,figshare.ars,2023,False,0,,creator_name,dataset_repo
10.6084/m9.figshare.24209157,Additional file 6 of Analysis of asymptomatic Drosophila models for ALS and SMA reveals convergent impact on functional protein complexes linked to neuro-muscular degeneration,Figshare,figshare,https://springernature.figshare.com/articles/dataset/Additional_file_6_of_Analysis_of_asymptomatic_Drosophila_models_for_ALS_and_SMA_reveals_convergent_impact_on_functional_protein_complexes_linked_to_neuro-muscular_degeneration/24209157,figshare.ars,2023,False,0,,creator_name,dataset_repo
10.6084/m9.figshare.24209157.v1,Additional file 6 of Analysis of asymptomatic Drosophila models for ALS and SMA reveals convergent impact on functional protein complexes linked to neuro-muscular degeneration,Figshare,figshare,https://springernature.figshare.com/articles/dataset/Additional_file_6_of_Analysis_of_asymptomatic_Drosophila_models_for_ALS_and_SMA_reveals_convergent_impact_on_functional_protein_complexes_linked_to_neuro-muscular_degeneration/24209157/1,figshare.ars,2023,False,0,,creator_name,dataset_repo
10.6084/m9.figshare.24209163,Additional file 7 of Analysis of asymptomatic Drosophila models for ALS and SMA reveals convergent impact on functional protein complexes linked to neuro-muscular degeneration,Figshare,figshare,https://springernature.figshare.com/articles/dataset/Additional_file_7_of_Analysis_of_asymptomatic_Drosophila_models_for_ALS_and_SMA_reveals_convergent_impact_on_functional_protein_complexes_linked_to_neuro-muscular_degeneration/24209163,figshare.ars,2023,False,0,,creator_name,dataset_repo
10.6084/m9.figshare.24209163.v1,Additional file 7 of Analysis of asymptomatic Drosophila models for ALS and SMA reveals convergent impact on functional protein complexes linked to neuro-muscular degeneration,Figshare,figshare,https://springernature.figshare.com/articles/dataset/Additional_file_7_of_Analysis_of_asymptomatic_Drosophila_models_for_ALS_and_SMA_reveals_convergent_impact_on_functional_protein_complexes_linked_to_neuro-muscular_degeneration/24209163/1,figshare.ars,2023,False,0,,creator_name,dataset_repo
10.6084/m9.figshare.24209166,Additional file 8 of Analysis of asymptomatic Drosophila models for ALS and SMA reveals convergent impact on functional protein complexes linked to neuro-muscular degeneration,Figshare,figshare,https://springernature.figshare.com/articles/dataset/Additional_file_8_of_Analysis_of_asymptomatic_Drosophila_models_for_ALS_and_SMA_reveals_convergent_impact_on_functional_protein_complexes_linked_to_neuro-muscular_degeneration/24209166,figshare.ars,2023,False,0,,creator_name,dataset_repo
10.6084/m9.figshare.24209166.v1,Additional file 8 of Analysis of asymptomatic Drosophila models for ALS and SMA reveals convergent impact on functional protein complexes linked to neuro-muscular degeneration,Figshare,figshare,https://springernature.figshare.com/articles/dataset/Additional_file_8_of_Analysis_of_asymptomatic_Drosophila_models_for_ALS_and_SMA_reveals_convergent_impact_on_functional_protein_complexes_linked_to_neuro-muscular_degeneration/24209166/1,figshare.ars,2023,False,0,,creator_name,dataset_repo
10.6084/m9.figshare.26987635,Additional file 2 of Pervasive tandem duplications and convergent evolution shape coral genomes,Figshare,figshare,https://springernature.figshare.com/articles/dataset/Additional_file_2_of_Pervasive_tandem_duplications_and_convergent_evolution_shape_coral_genomes/26987635,figshare.ars,2024,False,0,,creator_name,dataset_repo
10.6084/m9.figshare.26987635.v1,Additional file 2 of Pervasive tandem duplications and convergent evolution shape coral genomes,Figshare,figshare,https://springernature.figshare.com/articles/dataset/Additional_file_2_of_Pervasive_tandem_duplications_and_convergent_evolution_shape_coral_genomes/26987635/1,figshare.ars,2024,False,0,,creator_name,dataset_repo
10.6084/m9.figshare.26987638,Additional file 3 of Pervasive tandem duplications and convergent evolution shape coral genomes,Figshare,figshare,https://springernature.figshare.com/articles/dataset/Additional_file_3_of_Pervasive_tandem_duplications_and_convergent_evolution_shape_coral_genomes/26987638,figshare.ars,2024,False,0,,creator_name,dataset_repo
10.6084/m9.figshare.26987638.v1,Additional file 3 of Pervasive tandem duplications and convergent evolution shape coral genomes,Figshare,figshare,https://springernature.figshare.com/articles/dataset/Additional_file_3_of_Pervasive_tandem_duplications_and_convergent_evolution_shape_coral_genomes/26987638/1,figshare.ars,2024,False,0,,creator_name,dataset_repo
10.6084/m9.figshare.26987641,Additional file 4 of Pervasive tandem duplications and convergent evolution shape coral genomes,Figshare,figshare,https://springernature.figshare.com/articles/dataset/Additional_file_4_of_Pervasive_tandem_duplications_and_convergent_evolution_shape_coral_genomes/26987641,figshare.ars,2024,False,0,,creator_name,dataset_repo
10.6084/m9.figshare.26987641.v1,Additional file 4 of Pervasive tandem duplications and convergent evolution shape coral genomes,Figshare,figshare,https://springernature.figshare.com/articles/dataset/Additional_file_4_of_Pervasive_tandem_duplications_and_convergent_evolution_shape_coral_genomes/26987641/1,figshare.ars,2024,False,0,,creator_name,dataset_repo
10.6084/m9.figshare.26987644,Additional file 5 of Pervasive tandem duplications and convergent evolution shape coral genomes,Figshare,figshare,https://springernature.figshare.com/articles/dataset/Additional_file_5_of_Pervasive_tandem_duplications_and_convergent_evolution_shape_coral_genomes/26987644,figshare.ars,2024,False,0,,creator_name,dataset_repo
10.6084/m9.figshare.26987644.v1,Additional file 5 of Pervasive tandem duplications and convergent evolution shape coral genomes,Figshare,figshare,https://springernature.figshare.com/articles/dataset/Additional_file_5_of_Pervasive_tandem_duplications_and_convergent_evolution_shape_coral_genomes/26987644/1,figshare.ars,2024,False,0,,creator_name,dataset_repo
10.6084/m9.figshare.26987647,Additional file 6 of Pervasive tandem duplications and convergent evolution shape coral genomes,Figshare,figshare,https://springernature.figshare.com/articles/dataset/Additional_file_6_of_Pervasive_tandem_duplications_and_convergent_evolution_shape_coral_genomes/26987647,figshare.ars,2024,False,0,,creator_name,dataset_repo
10.6084/m9.figshare.26987647.v1,Additional file 6 of Pervasive tandem duplications and convergent evolution shape coral genomes,Figshare,figshare,https://springernature.figshare.com/articles/dataset/Additional_file_6_of_Pervasive_tandem_duplications_and_convergent_evolution_shape_coral_genomes/26987647/1,figshare.ars,2024,False,0,,creator_name,dataset_repo
10.6084/m9.figshare.26987650,Additional file 7 of Pervasive tandem duplications and convergent evolution shape coral genomes,Figshare,figshare,https://springernature.figshare.com/articles/dataset/Additional_file_7_of_Pervasive_tandem_duplications_and_convergent_evolution_shape_coral_genomes/26987650,figshare.ars,2024,False,0,,creator_name,dataset_repo
10.6084/m9.figshare.26987650.v1,Additional file 7 of Pervasive tandem duplications and convergent evolution shape coral genomes,Figshare,figshare,https://springernature.figshare.com/articles/dataset/Additional_file_7_of_Pervasive_tandem_duplications_and_convergent_evolution_shape_coral_genomes/26987650/1,figshare.ars,2024,False,0,,creator_name,dataset_repo
10.6084/m9.figshare.26987653,Additional file 8 of Pervasive tandem duplications and convergent evolution shape coral genomes,Figshare,figshare,https://springernature.figshare.com/articles/dataset/Additional_file_8_of_Pervasive_tandem_duplications_and_convergent_evolution_shape_coral_genomes/26987653,figshare.ars,2024,False,0,,creator_name,dataset_repo
10.6084/m9.figshare.26987653.v1,Additional file 8 of Pervasive tandem duplications and convergent evolution shape coral genomes,Figshare,figshare,https://springernature.figshare.com/articles/dataset/Additional_file_8_of_Pervasive_tandem_duplications_and_convergent_evolution_shape_coral_genomes/26987653/1,figshare.ars,2024,False,0,,creator_name,dataset_repo
10.6084/m9.figshare.26987656,Additional file 9 of Pervasive tandem duplications and convergent evolution shape coral genomes,Figshare,figshare,https://springernature.figshare.com/articles/dataset/Additional_file_9_of_Pervasive_tandem_duplications_and_convergent_evolution_shape_coral_genomes/26987656,figshare.ars,2024,False,0,,creator_name,dataset_repo
10.6084/m9.figshare.26987656.v1,Additional file 9 of Pervasive tandem duplications and convergent evolution shape coral genomes,Figshare,figshare,https://springernature.figshare.com/articles/dataset/Additional_file_9_of_Pervasive_tandem_duplications_and_convergent_evolution_shape_coral_genomes/26987656/1,figshare.ars,2024,False,0,,creator_name,dataset_repo
10.6084/m9.figshare.26987659,Additional file 10 of Pervasive tandem duplications and convergent evolution shape coral genomes,Figshare,figshare,https://springernature.figshare.com/articles/dataset/Additional_file_10_of_Pervasive_tandem_duplications_and_convergent_evolution_shape_coral_genomes/26987659,figshare.ars,2024,False,0,,creator_name,dataset_repo
10.6084/m9.figshare.26987659.v1,Additional file 10 of Pervasive tandem duplications and convergent evolution shape coral genomes,Figshare,figshare,https://springernature.figshare.com/articles/dataset/Additional_file_10_of_Pervasive_tandem_duplications_and_convergent_evolution_shape_coral_genomes/26987659/1,figshare.ars,2024,False,0,,creator_name,dataset_repo
10.6084/m9.figshare.26987662,Additional file 11 of Pervasive tandem duplications and convergent evolution shape coral genomes,Figshare,figshare,https://springernature.figshare.com/articles/dataset/Additional_file_11_of_Pervasive_tandem_duplications_and_convergent_evolution_shape_coral_genomes/26987662,figshare.ars,2024,False,0,,creator_name,dataset_repo
10.6084/m9.figshare.26987662.v1,Additional file 11 of Pervasive tandem duplications and convergent evolution shape coral genomes,Figshare,figshare,https://springernature.figshare.com/articles/dataset/Additional_file_11_of_Pervasive_tandem_duplications_and_convergent_evolution_shape_coral_genomes/26987662/1,figshare.ars,2024,False,0,,creator_name,dataset_repo
10.6084/m9.figshare.26987665,Additional file 12 of Pervasive tandem duplications and convergent evolution shape coral genomes,Figshare,figshare,https://springernature.figshare.com/articles/dataset/Additional_file_12_of_Pervasive_tandem_duplications_and_convergent_evolution_shape_coral_genomes/26987665,figshare.ars,2024,False,0,,creator_name,dataset_repo
10.6084/m9.figshare.26987665.v1,Additional file 12 of Pervasive tandem duplications and convergent evolution shape coral genomes,Figshare,figshare,https://springernature.figshare.com/articles/dataset/Additional_file_12_of_Pervasive_tandem_duplications_and_convergent_evolution_shape_coral_genomes/26987665/1,figshare.ars,2024,False,0,,creator_name,dataset_repo
10.6084/m9.figshare.26987668,Additional file 13 of Pervasive tandem duplications and convergent evolution shape coral genomes,Figshare,figshare,https://springernature.figshare.com/articles/dataset/Additional_file_13_of_Pervasive_tandem_duplications_and_convergent_evolution_shape_coral_genomes/26987668,figshare.ars,2024,False,0,,creator_name,dataset_repo
10.6084/m9.figshare.26987668.v1,Additional file 13 of Pervasive tandem duplications and convergent evolution shape coral genomes,Figshare,figshare,https://springernature.figshare.com/articles/dataset/Additional_file_13_of_Pervasive_tandem_duplications_and_convergent_evolution_shape_coral_genomes/26987668/1,figshare.ars,2024,False,0,,creator_name,dataset_repo
10.6084/m9.figshare.26987671,Additional file 14 of Pervasive tandem duplications and convergent evolution shape coral genomes,Figshare,figshare,https://springernature.figshare.com/articles/dataset/Additional_file_14_of_Pervasive_tandem_duplications_and_convergent_evolution_shape_coral_genomes/26987671,figshare.ars,2024,False,0,,creator_name,dataset_repo
10.6084/m9.figshare.26987671.v1,Additional file 14 of Pervasive tandem duplications and convergent evolution shape coral genomes,Figshare,figshare,https://springernature.figshare.com/articles/dataset/Additional_file_14_of_Pervasive_tandem_duplications_and_convergent_evolution_shape_coral_genomes/26987671/1,figshare.ars,2024,False,0,,creator_name,dataset_repo
10.6084/m9.figshare.26987674,Additional file 15 of Pervasive tandem duplications and convergent evolution shape coral genomes,Figshare,figshare,https://springernature.figshare.com/articles/dataset/Additional_file_15_of_Pervasive_tandem_duplications_and_convergent_evolution_shape_coral_genomes/26987674,figshare.ars,2024,False,0,,creator_name,dataset_repo
10.6084/m9.figshare.26987674.v1,Additional file 15 of Pervasive tandem duplications and convergent evolution shape coral genomes,Figshare,figshare,https://springernature.figshare.com/articles/dataset/Additional_file_15_of_Pervasive_tandem_duplications_and_convergent_evolution_shape_coral_genomes/26987674/1,figshare.ars,2024,False,0,,creator_name,dataset_repo
10.6084/m9.figshare.26987677,Additional file 16 of Pervasive tandem duplications and convergent evolution shape coral genomes,Figshare,figshare,https://springernature.figshare.com/articles/dataset/Additional_file_16_of_Pervasive_tandem_duplications_and_convergent_evolution_shape_coral_genomes/26987677,figshare.ars,2024,False,0,,creator_name,dataset_repo
10.6084/m9.figshare.26987677.v1,Additional file 16 of Pervasive tandem duplications and convergent evolution shape coral genomes,Figshare,figshare,https://springernature.figshare.com/articles/dataset/Additional_file_16_of_Pervasive_tandem_duplications_and_convergent_evolution_shape_coral_genomes/26987677/1,figshare.ars,2024,False,0,,creator_name,dataset_repo
10.6084/m9.figshare.26987680,Additional file 17 of Pervasive tandem duplications and convergent evolution shape coral genomes,Figshare,figshare,https://springernature.figshare.com/articles/dataset/Additional_file_17_of_Pervasive_tandem_duplications_and_convergent_evolution_shape_coral_genomes/26987680,figshare.ars,2024,False,0,,creator_name,dataset_repo
10.6084/m9.figshare.26987680.v1,Additional file 17 of Pervasive tandem duplications and convergent evolution shape coral genomes,Figshare,figshare,https://springernature.figshare.com/articles/dataset/Additional_file_17_of_Pervasive_tandem_duplications_and_convergent_evolution_shape_coral_genomes/26987680/1,figshare.ars,2024,False,0,,creator_name,dataset_repo
10.6084/m9.figshare.26996991,Additional file 3 of Building integrated plant health surveillance: a proactive research agenda for anticipating and mitigating disease and pest emergence,Figshare,figshare,https://springernature.figshare.com/articles/dataset/Additional_file_3_of_Building_integrated_plant_health_surveillance_a_proactive_research_agenda_for_anticipating_and_mitigating_disease_and_pest_emergence/26996991,figshare.ars,2024,False,0,,creator_name,dataset_repo
10.6084/m9.figshare.26996991.v1,Additional file 3 of Building integrated plant health surveillance: a proactive research agenda for anticipating and mitigating disease and pest emergence,Figshare,figshare,https://springernature.figshare.com/articles/dataset/Additional_file_3_of_Building_integrated_plant_health_surveillance_a_proactive_research_agenda_for_anticipating_and_mitigating_disease_and_pest_emergence/26996991/1,figshare.ars,2024,False,0,,creator_name,dataset_repo
10.6084/m9.figshare.26996994,Additional file 4 of Building integrated plant health surveillance: a proactive research agenda for anticipating and mitigating disease and pest emergence,Figshare,figshare,https://springernature.figshare.com/articles/dataset/Additional_file_4_of_Building_integrated_plant_health_surveillance_a_proactive_research_agenda_for_anticipating_and_mitigating_disease_and_pest_emergence/26996994,figshare.ars,2024,False,0,,creator_name,dataset_repo
10.6084/m9.figshare.26996994.v1,Additional file 4 of Building integrated plant health surveillance: a proactive research agenda for anticipating and mitigating disease and pest emergence,Figshare,figshare,https://springernature.figshare.com/articles/dataset/Additional_file_4_of_Building_integrated_plant_health_surveillance_a_proactive_research_agenda_for_anticipating_and_mitigating_disease_and_pest_emergence/26996994/1,figshare.ars,2024,False,0,,creator_name,dataset_repo
10.6084/m9.figshare.26997066,Additional file 2 of Oxygen therapy in acute hypoxemic respiratory failure: guidelines from the SRLF-SFMU consensus conference,Figshare,figshare,https://springernature.figshare.com/articles/dataset/Additional_file_2_of_Oxygen_therapy_in_acute_hypoxemic_respiratory_failure_guidelines_from_the_SRLF-SFMU_consensus_conference/26997066,figshare.ars,2024,False,0,,creator_name,dataset_repo
10.6084/m9.figshare.26997066.v1,Additional file 2 of Oxygen therapy in acute hypoxemic respiratory failure: guidelines from the SRLF-SFMU consensus conference,Figshare,figshare,https://springernature.figshare.com/articles/dataset/Additional_file_2_of_Oxygen_therapy_in_acute_hypoxemic_respiratory_failure_guidelines_from_the_SRLF-SFMU_consensus_conference/26997066/1,figshare.ars,2024,False,0,,creator_name,dataset_repo
10.6084/m9.figshare.32070841,Additional file 1 of Disentangling Arachis response to biotic and abiotic stress using multi-transcriptomics integration,Figshare,figshare,https://springernature.figshare.com/articles/dataset/Additional_file_1_of_Disentangling_Arachis_response_to_biotic_and_abiotic_stress_using_multi-transcriptomics_integration/32070841,figshare.ars,2026,False,0,,creator_name,dataset_repo
10.6084/m9.figshare.32070841.v1,Additional file 1 of Disentangling Arachis response to biotic and abiotic stress using multi-transcriptomics integration,Figshare,figshare,https://springernature.figshare.com/articles/dataset/Additional_file_1_of_Disentangling_Arachis_response_to_biotic_and_abiotic_stress_using_multi-transcriptomics_integration/32070841/1,figshare.ars,2026,False,0,,creator_name,dataset_repo
10.6084/m9.figshare.32070844,Additional file 2 of Disentangling Arachis response to biotic and abiotic stress using multi-transcriptomics integration,Figshare,figshare,https://springernature.figshare.com/articles/dataset/Additional_file_2_of_Disentangling_Arachis_response_to_biotic_and_abiotic_stress_using_multi-transcriptomics_integration/32070844,figshare.ars,2026,False,0,,creator_name,dataset_repo
10.6084/m9.figshare.32070844.v1,Additional file 2 of Disentangling Arachis response to biotic and abiotic stress using multi-transcriptomics integration,Figshare,figshare,https://springernature.figshare.com/articles/dataset/Additional_file_2_of_Disentangling_Arachis_response_to_biotic_and_abiotic_stress_using_multi-transcriptomics_integration/32070844/1,figshare.ars,2026,False,0,,creator_name,dataset_repo
10.6084/m9.figshare.32070847,Additional file 3 of Disentangling Arachis response to biotic and abiotic stress using multi-transcriptomics integration,Figshare,figshare,https://springernature.figshare.com/articles/dataset/Additional_file_3_of_Disentangling_Arachis_response_to_biotic_and_abiotic_stress_using_multi-transcriptomics_integration/32070847,figshare.ars,2026,False,0,,creator_name,dataset_repo
10.6084/m9.figshare.32070847.v1,Additional file 3 of Disentangling Arachis response to biotic and abiotic stress using multi-transcriptomics integration,Figshare,figshare,https://springernature.figshare.com/articles/dataset/Additional_file_3_of_Disentangling_Arachis_response_to_biotic_and_abiotic_stress_using_multi-transcriptomics_integration/32070847/1,figshare.ars,2026,False,0,,creator_name,dataset_repo
10.6084/m9.figshare.32070850,Additional file 4 of Disentangling Arachis response to biotic and abiotic stress using multi-transcriptomics integration,Figshare,figshare,https://springernature.figshare.com/articles/dataset/Additional_file_4_of_Disentangling_Arachis_response_to_biotic_and_abiotic_stress_using_multi-transcriptomics_integration/32070850,figshare.ars,2026,False,0,,creator_name,dataset_repo
10.6084/m9.figshare.32070850.v1,Additional file 4 of Disentangling Arachis response to biotic and abiotic stress using multi-transcriptomics integration,Figshare,figshare,https://springernature.figshare.com/articles/dataset/Additional_file_4_of_Disentangling_Arachis_response_to_biotic_and_abiotic_stress_using_multi-transcriptomics_integration/32070850/1,figshare.ars,2026,False,0,,creator_name,dataset_repo
10.6084/m9.figshare.32070853,Additional file 5 of Disentangling Arachis response to biotic and abiotic stress using multi-transcriptomics integration,Figshare,figshare,https://springernature.figshare.com/articles/dataset/Additional_file_5_of_Disentangling_Arachis_response_to_biotic_and_abiotic_stress_using_multi-transcriptomics_integration/32070853,figshare.ars,2026,False,0,,creator_name,dataset_repo
10.6084/m9.figshare.32070853.v1,Additional file 5 of Disentangling Arachis response to biotic and abiotic stress using multi-transcriptomics integration,Figshare,figshare,https://springernature.figshare.com/articles/dataset/Additional_file_5_of_Disentangling_Arachis_response_to_biotic_and_abiotic_stress_using_multi-transcriptomics_integration/32070853/1,figshare.ars,2026,False,0,,creator_name,dataset_repo
10.6084/m9.figshare.32070856,Additional file 6 of Disentangling Arachis response to biotic and abiotic stress using multi-transcriptomics integration,Figshare,figshare,https://springernature.figshare.com/articles/dataset/Additional_file_6_of_Disentangling_Arachis_response_to_biotic_and_abiotic_stress_using_multi-transcriptomics_integration/32070856,figshare.ars,2026,False,0,,creator_name,dataset_repo
10.6084/m9.figshare.32070856.v1,Additional file 6 of Disentangling Arachis response to biotic and abiotic stress using multi-transcriptomics integration,Figshare,figshare,https://springernature.figshare.com/articles/dataset/Additional_file_6_of_Disentangling_Arachis_response_to_biotic_and_abiotic_stress_using_multi-transcriptomics_integration/32070856/1,figshare.ars,2026,False,0,,creator_name,dataset_repo
10.6084/m9.figshare.32070859,Additional file 7 of Disentangling Arachis response to biotic and abiotic stress using multi-transcriptomics integration,Figshare,figshare,https://springernature.figshare.com/articles/dataset/Additional_file_7_of_Disentangling_Arachis_response_to_biotic_and_abiotic_stress_using_multi-transcriptomics_integration/32070859,figshare.ars,2026,False,0,,creator_name,dataset_repo
10.6084/m9.figshare.32070859.v1,Additional file 7 of Disentangling Arachis response to biotic and abiotic stress using multi-transcriptomics integration,Figshare,figshare,https://springernature.figshare.com/articles/dataset/Additional_file_7_of_Disentangling_Arachis_response_to_biotic_and_abiotic_stress_using_multi-transcriptomics_integration/32070859/1,figshare.ars,2026,False,0,,creator_name,dataset_repo
10.6084/m9.figshare.32070862,Additional file 8 of Disentangling Arachis response to biotic and abiotic stress using multi-transcriptomics integration,Figshare,figshare,https://springernature.figshare.com/articles/dataset/Additional_file_8_of_Disentangling_Arachis_response_to_biotic_and_abiotic_stress_using_multi-transcriptomics_integration/32070862,figshare.ars,2026,False,0,,creator_name,dataset_repo
10.6084/m9.figshare.32070862.v1,Additional file 8 of Disentangling Arachis response to biotic and abiotic stress using multi-transcriptomics integration,Figshare,figshare,https://springernature.figshare.com/articles/dataset/Additional_file_8_of_Disentangling_Arachis_response_to_biotic_and_abiotic_stress_using_multi-transcriptomics_integration/32070862/1,figshare.ars,2026,False,0,,creator_name,dataset_repo
10.6084/m9.figshare.32070865,Additional file 9 of Disentangling Arachis response to biotic and abiotic stress using multi-transcriptomics integration,Figshare,figshare,https://springernature.figshare.com/articles/dataset/Additional_file_9_of_Disentangling_Arachis_response_to_biotic_and_abiotic_stress_using_multi-transcriptomics_integration/32070865,figshare.ars,2026,False,0,,creator_name,dataset_repo
10.6084/m9.figshare.32070865.v1,Additional file 9 of Disentangling Arachis response to biotic and abiotic stress using multi-transcriptomics integration,Figshare,figshare,https://springernature.figshare.com/articles/dataset/Additional_file_9_of_Disentangling_Arachis_response_to_biotic_and_abiotic_stress_using_multi-transcriptomics_integration/32070865/1,figshare.ars,2026,False,0,,creator_name,dataset_repo
10.6084/m9.figshare.32070868,Additional file 10 of Disentangling Arachis response to biotic and abiotic stress using multi-transcriptomics integration,Figshare,figshare,https://springernature.figshare.com/articles/dataset/Additional_file_10_of_Disentangling_Arachis_response_to_biotic_and_abiotic_stress_using_multi-transcriptomics_integration/32070868,figshare.ars,2026,False,0,,creator_name,dataset_repo
10.6084/m9.figshare.32070868.v1,Additional file 10 of Disentangling Arachis response to biotic and abiotic stress using multi-transcriptomics integration,Figshare,figshare,https://springernature.figshare.com/articles/dataset/Additional_file_10_of_Disentangling_Arachis_response_to_biotic_and_abiotic_stress_using_multi-transcriptomics_integration/32070868/1,figshare.ars,2026,False,0,,creator_name,dataset_repo
10.6084/m9.figshare.33075996,Additional file 4 of A clustering-based approach to characterize autonomy profiles among multiple sclerosis patients: an application of the Qluster method in the FOCAL-MS2 study,Figshare,figshare,https://springernature.figshare.com/articles/dataset/Additional_file_4_of_A_clustering-based_approach_to_characterize_autonomy_profiles_among_multiple_sclerosis_patients_an_application_of_the_Qluster_method_in_the_FOCAL-MS2_study/33075996,figshare.ars,2026,False,0,,creator_name,dataset_repo
10.6084/m9.figshare.33075996.v1,Additional file 4 of A clustering-based approach to characterize autonomy profiles among multiple sclerosis patients: an application of the Qluster method in the FOCAL-MS2 study,Figshare,figshare,https://springernature.figshare.com/articles/dataset/Additional_file_4_of_A_clustering-based_approach_to_characterize_autonomy_profiles_among_multiple_sclerosis_patients_an_application_of_the_Qluster_method_in_the_FOCAL-MS2_study/33075996/1,figshare.ars,2026,False,0,,creator_name,dataset_repo
10.71929/rubin/2575154,RTN-055: Study of the Linearity of the CCDs of the Vera C. Rubin Observatory,NSF-DOE Vera C. Rubin Observatory,NSF-DOE Vera C. Rubin Observatory,https://www.osti.gov/servlets/purl/2575154,doe.slac,2023,False,0,,,other
10.71929/rubin/2575156,RTN-056: Study of the Photon Transfer Curve in the CCD detectors of the Vera C. Rubin Observatory,NSF-DOE Vera C. Rubin Observatory,NSF-DOE Vera C. Rubin Observatory,https://www.osti.gov/servlets/purl/2575156,doe.slac,2023,False,0,,,other
10.7910/dvn/iqd9ht/0xosca,Minimal_dataset_dyads_corr.tab,Harvard Dataverse,Harvard Dataverse,https://dataverse.harvard.edu/file.xhtml?persistentId=doi:10.7910/DVN/IQD9HT/0XOSCA,gdcc.harvard-dv,2020,False,0,,,dataset_repo
10.7910/dvn/iqd9ht/0ymwo6,2_DATASTEP_TECHNO_DISTANCE.do,Harvard Dataverse,Harvard Dataverse,https://dataverse.harvard.edu/file.xhtml?persistentId=doi:10.7910/DVN/IQD9HT/0YMWO6,gdcc.harvard-dv,2020,False,0,,,dataset_repo
10.7910/dvn/iqd9ht/2qglbp,pat_year.tab,Harvard Dataverse,Harvard Dataverse,https://dataverse.harvard.edu/file.xhtml?persistentId=doi:10.7910/DVN/IQD9HT/2QGLBP,gdcc.harvard-dv,2020,False,0,,,dataset_repo
10.7910/dvn/iqd9ht/406uef,5_DATASTEP_BUILDING_FINAL_DATASET.do,Harvard Dataverse,Harvard Dataverse,https://dataverse.harvard.edu/file.xhtml?persistentId=doi:10.7910/DVN/IQD9HT/406UEF,gdcc.harvard-dv,2020,False,0,,,dataset_repo
10.7910/dvn/iqd9ht/6nh5yy,pat_ec.dta,Harvard Dataverse,Harvard Dataverse,https://dataverse.harvard.edu/file.xhtml?persistentId=doi:10.7910/DVN/IQD9HT/6NH5YY,gdcc.harvard-dv,2020,False,0,,,dataset_repo
10.7910/dvn/iqd9ht/aovuqf,ass_pat_63_99.tab,Harvard Dataverse,Harvard Dataverse,https://dataverse.harvard.edu/file.xhtml?persistentId=doi:10.7910/DVN/IQD9HT/AOVUQF,gdcc.harvard-dv,2020,False,0,,,dataset_repo
10.7910/dvn/iqd9ht/ca9coy,0_DATASTEP_TECHNO_PAT.do,Harvard Dataverse,Harvard Dataverse,https://dataverse.harvard.edu/file.xhtml?persistentId=doi:10.7910/DVN/IQD9HT/CA9COY,gdcc.harvard-dv,2020,False,0,,,dataset_repo
10.7910/dvn/iqd9ht/dkqv2f,CONVERSION_RATES_OECD.tab,Harvard Dataverse,Harvard Dataverse,https://dataverse.harvard.edu/file.xhtml?persistentId=doi:10.7910/DVN/IQD9HT/DKQV2F,gdcc.harvard-dv,2020,False,0,,,dataset_repo
10.7910/dvn/iqd9ht/ecwuvn,4_DATASTEP_FINANCIAL_VARIABLES.do,Harvard Dataverse,Harvard Dataverse,https://dataverse.harvard.edu/file.xhtml?persistentId=doi:10.7910/DVN/IQD9HT/ECWUVN,gdcc.harvard-dv,2020,False,0,,,dataset_repo
10.7910/dvn/iqd9ht/exf0vb,pat_year_00_06.tab,Harvard Dataverse,Harvard Dataverse,https://dataverse.harvard.edu/file.xhtml?persistentId=doi:10.7910/DVN/IQD9HT/EXF0VB,gdcc.harvard-dv,2020,False,0,,,dataset_repo
10.7910/dvn/iqd9ht/gxpzfk,3_DATASTEP_MARKET_DISTANCE_MATHEMATICA.pdf,Harvard Dataverse,Harvard Dataverse,https://dataverse.harvard.edu/file.xhtml?persistentId=doi:10.7910/DVN/IQD9HT/GXPZFK,gdcc.harvard-dv,2020,False,0,,,dataset_repo
10.7910/dvn/iqd9ht/hprymg,12_FIRM_REACTION_FUNCTIONS_BETA_SIGMA_SPACE.do,Harvard Dataverse,Harvard Dataverse,https://dataverse.harvard.edu/file.xhtml?persistentId=doi:10.7910/DVN/IQD9HT/HPRYMG,gdcc.harvard-dv,2020,False,0,,,dataset_repo
10.7910/dvn/iqd9ht/jwp4i1,10_ MEAN_FIRM_REACTION_FUNCTIONS_SIGMA_2DGIT_CASE_MEDIAN_CASE.do,Harvard Dataverse,Harvard Dataverse,https://dataverse.harvard.edu/file.xhtml?persistentId=doi:10.7910/DVN/IQD9HT/JWP4I1,gdcc.harvard-dv,2020,False,0,,,dataset_repo
10.7910/dvn/iqd9ht/jyjhis,dynass.tab,Harvard Dataverse,Harvard Dataverse,https://dataverse.harvard.edu/file.xhtml?persistentId=doi:10.7910/DVN/IQD9HT/JYJHIS,gdcc.harvard-dv,2020,False,0,,,dataset_repo
10.7910/dvn/iqd9ht/le0867,ass_pat_76_06.tab,Harvard Dataverse,Harvard Dataverse,https://dataverse.harvard.edu/file.xhtml?persistentId=doi:10.7910/DVN/IQD9HT/LE0867,gdcc.harvard-dv,2020,False,0,,,dataset_repo
10.7910/dvn/iqd9ht/n424xv,8_ MEAN_FIRM_REACTION_FUNCTIONS_SIGMA_2DGIT_GR_CASE.do,Harvard Dataverse,Harvard Dataverse,https://dataverse.harvard.edu/file.xhtml?persistentId=doi:10.7910/DVN/IQD9HT/N424XV,gdcc.harvard-dv,2020,False,0,,,dataset_repo
10.7910/dvn/iqd9ht/nm39ik,7_DESCRIPTIVE STATISTICS_REAL.do,Harvard Dataverse,Harvard Dataverse,https://dataverse.harvard.edu/file.xhtml?persistentId=doi:10.7910/DVN/IQD9HT/NM39IK,gdcc.harvard-dv,2020,False,0,,,dataset_repo
10.7910/dvn/iqd9ht/svcoff,Compustat Variables.docx,Harvard Dataverse,Harvard Dataverse,https://dataverse.harvard.edu/file.xhtml?persistentId=doi:10.7910/DVN/IQD9HT/SVCOFF,gdcc.harvard-dv,2020,False,0,,,dataset_repo
10.7910/dvn/iqd9ht/vahrau,pat_ec_00_06.tab,Harvard Dataverse,Harvard Dataverse,https://dataverse.harvard.edu/file.xhtml?persistentId=doi:10.7910/DVN/IQD9HT/VAHRAU,gdcc.harvard-dv,2020,False,0,,,dataset_repo
10.7910/dvn/iqd9ht/vfgx3o,GDP_DEF.tab,Harvard Dataverse,Harvard Dataverse,https://dataverse.harvard.edu/file.xhtml?persistentId=doi:10.7910/DVN/IQD9HT/VFGX3O,gdcc.harvard-dv,2020,False,0,,,dataset_repo
10.7910/dvn/iqd9ht/vfsmdf,1_DATASTEP_ASSIGNEE_PAT.do,Harvard Dataverse,Harvard Dataverse,https://dataverse.harvard.edu/file.xhtml?persistentId=doi:10.7910/DVN/IQD9HT/VFSMDF,gdcc.harvard-dv,2020,False,0,,,dataset_repo
10.7910/dvn/iqd9ht/yqtp2y,6_CHOOSING_BETA_SIGMA.do,Harvard Dataverse,Harvard Dataverse,https://dataverse.harvard.edu/file.xhtml?persistentId=doi:10.7910/DVN/IQD9HT/YQTP2Y,gdcc.harvard-dv,2020,False,0,,,dataset_repo
10.7910/dvn/iqd9ht/yvljqq,11_PCT_FIRM_REACTION_FUNCTIONS.do,Harvard Dataverse,Harvard Dataverse,https://dataverse.harvard.edu/file.xhtml?persistentId=doi:10.7910/DVN/IQD9HT/YVLJQQ,gdcc.harvard-dv,2020,False,0,,,dataset_repo
10.7910/dvn/iqd9ht/zlpagp,9_ MEAN_FIRM_REACTION_FUNCTIONS_SIGMA_2DGIT_LEV_CASE2.do,Harvard Dataverse,Harvard Dataverse,https://dataverse.harvard.edu/file.xhtml?persistentId=doi:10.7910/DVN/IQD9HT/ZLPAGP,gdcc.harvard-dv,2020,False,0,,,dataset_repo
